rat_unique_id,thermal_relpath,thermal_abspath,thermal_filename,thermal_width,thermal_height,mask_abspath,mask_width,mask_height,csv_abspath,csv_shape,notes
Rat1,Rat1\Thermal Imaging\Thermal_1.png,..\Data For Segmentation\Rat1\Thermal Imaging\Thermal_1.png,Thermal_1.png,480,640,..\Data For Segmentation\Rat1\Mask\Thermal_1.png,480,640,..\Data For Segmentation\Rat1\CSV\Thermal_1_CSV.csv,"(640, 480)",
Rat1,Rat1\Thermal Imaging\Thermal_10.png,..\Data For Segmentation\Rat1\Thermal Imaging\Thermal_10.png,Thermal_10.png,480,640,..\Data For Segmentation\Rat1\Mask\Thermal_10.png,480,640,..\Data For Segmentation\Rat1\CSV\Thermal_10_CSV.csv,"(640, 480)",
Rat1,Rat1\Thermal Imaging\Thermal_11.png,..\Data For Segmentation\Rat1\Thermal Imaging\Thermal_11.png,Thermal_11.png,480,640,..\Data For Segmentation\Rat1\Mask\Thermal_11.png,480,640,..\Data For Segmentation\Rat1\CSV\Thermal_11_CSV.csv,"(640, 480)",
Rat1,Rat1\Thermal Imaging\Thermal_12.png,..\Data For Segmentation\Rat1\Thermal Imaging\Thermal_12.png,Thermal_12.png,480,640,..\Data For Segmentation\Rat1\Mask\Thermal_12.png,480,640,..\Data For Segmentation\Rat1\CSV\Thermal_12_CSV.csv,"(640, 480)",
Rat1,Rat1\Thermal Imaging\Thermal_13.png,..\Data For Segmentation\Rat1\Thermal Imaging\Thermal_13.png,Thermal_13.png,480,640,..\Data For Segmentation\Rat1\Mask\Thermal_13.png,480,640,..\Data For Segmentation\Rat1\CSV\Thermal_13_CSV.csv,"(640, 480)",
Rat1,Rat1\Thermal Imaging\Thermal_14.png,..\Data For Segmentation\Rat1\Thermal Imaging\Thermal_14.png,Thermal_14.png,480,640,..\Data For Segmentation\Rat1\Mask\Thermal_14.png,480,640,..\Data For Segmentation\Rat1\CSV\Thermal_14_CSV.csv,"(640, 480)",
Rat1,Rat1\Thermal Imaging\Thermal_15.png,..\Data For Segmentation\Rat1\Thermal Imaging\Thermal_15.png,Thermal_15.png,480,640,..\Data For Segmentation\Rat1\Mask\Thermal_15.png,480,640,..\Data For Segmentation\Rat1\CSV\Thermal_15_CSV.csv,"(640, 480)",
Rat1,Rat1\Thermal Imaging\Thermal_16.png,..\Data For Segmentation\Rat1\Thermal Imaging\Thermal_16.png,Thermal_16.png,480,640,..\Data For Segmentation\Rat1\Mask\Thermal_16.png,480,640,..\Data For Segmentation\Rat1\CSV\Thermal_16_CSV.csv,"(640, 480)",
Rat1,Rat1\Thermal Imaging\Thermal_17.png,..\Data For Segmentation\Rat1\Thermal Imaging\Thermal_17.png,Thermal_17.png,480,640,..\Data For Segmentation\Rat1\Mask\Thermal_17.png,480,640,..\Data For Segmentation\Rat1\CSV\Thermal_17_CSV.csv,"(640, 480)",
Rat1,Rat1\Thermal Imaging\Thermal_18.png,..\Data For Segmentation\Rat1\Thermal Imaging\Thermal_18.png,Thermal_18.png,480,640,..\Data For Segmentation\Rat1\Mask\Thermal_18.png,480,640,..\Data For Segmentation\Rat1\CSV\Thermal_18_CSV.csv,"(640, 480)",
Rat1,Rat1\Thermal Imaging\Thermal_19.png,..\Data For Segmentation\Rat1\Thermal Imaging\Thermal_19.png,Thermal_19.png,480,640,..\Data For Segmentation\Rat1\Mask\Thermal_19.png,480,640,..\Data For Segmentation\Rat1\CSV\Thermal_19_CSV.csv,"(640, 480)",
Rat1,Rat1\Thermal Imaging\Thermal_2.png,..\Data For Segmentation\Rat1\Thermal Imaging\Thermal_2.png,Thermal_2.png,480,640,..\Data For Segmentation\Rat1\Mask\Thermal_2.png,480,640,..\Data For Segmentation\Rat1\CSV\Thermal_2_CSV.csv,"(640, 480)",
Rat1,Rat1\Thermal Imaging\Thermal_20.png,..\Data For Segmentation\Rat1\Thermal Imaging\Thermal_20.png,Thermal_20.png,480,640,..\Data For Segmentation\Rat1\Mask\Thermal_20.png,480,640,..\Data For Segmentation\Rat1\CSV\Thermal_20_CSV.csv,"(640, 480)",
Rat1,Rat1\Thermal Imaging\Thermal_21.png,..\Data For Segmentation\Rat1\Thermal Imaging\Thermal_21.png,Thermal_21.png,480,640,..\Data For Segmentation\Rat1\Mask\Thermal_21.png,480,640,..\Data For Segmentation\Rat1\CSV\Thermal_21_CSV.csv,"(640, 480)",
Rat1,Rat1\Thermal Imaging\Thermal_22.png,..\Data For Segmentation\Rat1\Thermal Imaging\Thermal_22.png,Thermal_22.png,480,640,..\Data For Segmentation\Rat1\Mask\Thermal_22.png,480,640,..\Data For Segmentation\Rat1\CSV\Thermal_22_CSV.csv,"(640, 480)",
Rat1,Rat1\Thermal Imaging\Thermal_23.png,..\Data For Segmentation\Rat1\Thermal Imaging\Thermal_23.png,Thermal_23.png,480,640,..\Data For Segmentation\Rat1\Mask\Thermal_23.png,480,640,..\Data For Segmentation\Rat1\CSV\Thermal_23_CSV.csv,"(640, 480)",
Rat1,Rat1\Thermal Imaging\Thermal_24.png,..\Data For Segmentation\Rat1\Thermal Imaging\Thermal_24.png,Thermal_24.png,480,640,..\Data For Segmentation\Rat1\Mask\Thermal_24.png,480,640,..\Data For Segmentation\Rat1\CSV\Thermal_24_CSV.csv,"(640, 480)",
Rat1,Rat1\Thermal Imaging\Thermal_25.png,..\Data For Segmentation\Rat1\Thermal Imaging\Thermal_25.png,Thermal_25.png,480,640,..\Data For Segmentation\Rat1\Mask\Thermal_25.png,480,640,..\Data For Segmentation\Rat1\CSV\Thermal_25_CSV.csv,"(640, 480)",
Rat1,Rat1\Thermal Imaging\Thermal_26.png,..\Data For Segmentation\Rat1\Thermal Imaging\Thermal_26.png,Thermal_26.png,480,640,..\Data For Segmentation\Rat1\Mask\Thermal_26.png,480,640,..\Data For Segmentation\Rat1\CSV\Thermal_26_CSV.csv,"(640, 480)",
Rat1,Rat1\Thermal Imaging\Thermal_27.png,..\Data For Segmentation\Rat1\Thermal Imaging\Thermal_27.png,Thermal_27.png,640,480,..\Data For Segmentation\Rat1\Mask\Thermal_27.png,640,480,..\Data For Segmentation\Rat1\CSV\Thermal_27_CSV.csv,"(480, 640)",
Rat1,Rat1\Thermal Imaging\Thermal_28.png,..\Data For Segmentation\Rat1\Thermal Imaging\Thermal_28.png,Thermal_28.png,640,480,..\Data For Segmentation\Rat1\Mask\Thermal_28.png,640,480,..\Data For Segmentation\Rat1\CSV\Thermal_28_CSV.csv,"(480, 640)",
Rat1,Rat1\Thermal Imaging\Thermal_29.png,..\Data For Segmentation\Rat1\Thermal Imaging\Thermal_29.png,Thermal_29.png,640,480,..\Data For Segmentation\Rat1\Mask\Thermal_29.png,640,480,..\Data For Segmentation\Rat1\CSV\Thermal_29_CSV.csv,"(480, 640)",
Rat1,Rat1\Thermal Imaging\Thermal_3.png,..\Data For Segmentation\Rat1\Thermal Imaging\Thermal_3.png,Thermal_3.png,480,640,..\Data For Segmentation\Rat1\Mask\Thermal_3.png,480,640,..\Data For Segmentation\Rat1\CSV\Thermal_3_CSV.csv,"(640, 480)",
Rat1,Rat1\Thermal Imaging\Thermal_30.png,..\Data For Segmentation\Rat1\Thermal Imaging\Thermal_30.png,Thermal_30.png,640,480,..\Data For Segmentation\Rat1\Mask\Thermal_30.png,640,480,..\Data For Segmentation\Rat1\CSV\Thermal_30_CSV.csv,"(480, 640)",
Rat1,Rat1\Thermal Imaging\Thermal_31.png,..\Data For Segmentation\Rat1\Thermal Imaging\Thermal_31.png,Thermal_31.png,480,640,..\Data For Segmentation\Rat1\Mask\Thermal_31.png,480,640,..\Data For Segmentation\Rat1\CSV\Thermal_31_CSV.csv,"(640, 480)",
Rat1,Rat1\Thermal Imaging\Thermal_32.png,..\Data For Segmentation\Rat1\Thermal Imaging\Thermal_32.png,Thermal_32.png,480,640,..\Data For Segmentation\Rat1\Mask\Thermal_32.png,480,640,..\Data For Segmentation\Rat1\CSV\Thermal_32_CSV.csv,"(640, 480)",
Rat1,Rat1\Thermal Imaging\Thermal_33.png,..\Data For Segmentation\Rat1\Thermal Imaging\Thermal_33.png,Thermal_33.png,480,640,..\Data For Segmentation\Rat1\Mask\Thermal_33.png,480,640,..\Data For Segmentation\Rat1\CSV\Thermal_33_CSV.csv,"(640, 480)",
Rat1,Rat1\Thermal Imaging\Thermal_34.png,..\Data For Segmentation\Rat1\Thermal Imaging\Thermal_34.png,Thermal_34.png,480,640,..\Data For Segmentation\Rat1\Mask\Thermal_34.png,480,640,..\Data For Segmentation\Rat1\CSV\Thermal_34_CSV.csv,"(640, 480)",
Rat1,Rat1\Thermal Imaging\Thermal_35.png,..\Data For Segmentation\Rat1\Thermal Imaging\Thermal_35.png,Thermal_35.png,640,480,..\Data For Segmentation\Rat1\Mask\Thermal_35.png,640,480,..\Data For Segmentation\Rat1\CSV\Thermal_35_CSV.csv,"(480, 640)",
Rat1,Rat1\Thermal Imaging\Thermal_36.png,..\Data For Segmentation\Rat1\Thermal Imaging\Thermal_36.png,Thermal_36.png,480,640,..\Data For Segmentation\Rat1\Mask\Thermal_36.png,480,640,..\Data For Segmentation\Rat1\CSV\Thermal_36_CSV.csv,"(640, 480)",
Rat1,Rat1\Thermal Imaging\Thermal_37.png,..\Data For Segmentation\Rat1\Thermal Imaging\Thermal_37.png,Thermal_37.png,480,640,..\Data For Segmentation\Rat1\Mask\Thermal_37.png,480,640,..\Data For Segmentation\Rat1\CSV\Thermal_37_CSV.csv,"(640, 480)",
Rat1,Rat1\Thermal Imaging\Thermal_38.png,..\Data For Segmentation\Rat1\Thermal Imaging\Thermal_38.png,Thermal_38.png,480,640,..\Data For Segmentation\Rat1\Mask\Thermal_38.png,480,640,..\Data For Segmentation\Rat1\CSV\Thermal_38_CSV.csv,"(640, 480)",
Rat1,Rat1\Thermal Imaging\Thermal_39.png,..\Data For Segmentation\Rat1\Thermal Imaging\Thermal_39.png,Thermal_39.png,480,640,..\Data For Segmentation\Rat1\Mask\Thermal_39.png,480,640,..\Data For Segmentation\Rat1\CSV\Thermal_39_CSV.csv,"(640, 480)",
Rat1,Rat1\Thermal Imaging\Thermal_4.png,..\Data For Segmentation\Rat1\Thermal Imaging\Thermal_4.png,Thermal_4.png,480,640,..\Data For Segmentation\Rat1\Mask\Thermal_4.png,480,640,..\Data For Segmentation\Rat1\CSV\Thermal_4_CSV.csv,"(640, 480)",
Rat1,Rat1\Thermal Imaging\Thermal_40.png,..\Data For Segmentation\Rat1\Thermal Imaging\Thermal_40.png,Thermal_40.png,480,640,..\Data For Segmentation\Rat1\Mask\Thermal_40.png,480,640,..\Data For Segmentation\Rat1\CSV\Thermal_40_CSV.csv,"(640, 480)",
Rat1,Rat1\Thermal Imaging\Thermal_41.png,..\Data For Segmentation\Rat1\Thermal Imaging\Thermal_41.png,Thermal_41.png,480,640,..\Data For Segmentation\Rat1\Mask\Thermal_41.png,480,640,..\Data For Segmentation\Rat1\CSV\Thermal_41_CSV.csv,"(640, 480)",
Rat1,Rat1\Thermal Imaging\Thermal_42.png,..\Data For Segmentation\Rat1\Thermal Imaging\Thermal_42.png,Thermal_42.png,480,640,..\Data For Segmentation\Rat1\Mask\Thermal_42.png,480,640,..\Data For Segmentation\Rat1\CSV\Thermal_42_CSV.csv,"(640, 480)",
Rat1,Rat1\Thermal Imaging\Thermal_43.png,..\Data For Segmentation\Rat1\Thermal Imaging\Thermal_43.png,Thermal_43.png,480,640,..\Data For Segmentation\Rat1\Mask\Thermal_43.png,480,640,..\Data For Segmentation\Rat1\CSV\Thermal_43_CSV.csv,"(640, 480)",
Rat1,Rat1\Thermal Imaging\Thermal_5.png,..\Data For Segmentation\Rat1\Thermal Imaging\Thermal_5.png,Thermal_5.png,480,640,..\Data For Segmentation\Rat1\Mask\Thermal_5.png,480,640,..\Data For Segmentation\Rat1\CSV\Thermal_5_CSV.csv,"(640, 480)",
Rat1,Rat1\Thermal Imaging\Thermal_6.png,..\Data For Segmentation\Rat1\Thermal Imaging\Thermal_6.png,Thermal_6.png,480,640,..\Data For Segmentation\Rat1\Mask\Thermal_6.png,480,640,..\Data For Segmentation\Rat1\CSV\Thermal_6_CSV.csv,"(640, 480)",
Rat1,Rat1\Thermal Imaging\Thermal_7.png,..\Data For Segmentation\Rat1\Thermal Imaging\Thermal_7.png,Thermal_7.png,480,640,..\Data For Segmentation\Rat1\Mask\Thermal_7.png,480,640,..\Data For Segmentation\Rat1\CSV\Thermal_7_CSV.csv,"(640, 480)",
Rat1,Rat1\Thermal Imaging\Thermal_8.png,..\Data For Segmentation\Rat1\Thermal Imaging\Thermal_8.png,Thermal_8.png,480,640,..\Data For Segmentation\Rat1\Mask\Thermal_8.png,480,640,..\Data For Segmentation\Rat1\CSV\Thermal_8_CSV.csv,"(640, 480)",
Rat1,Rat1\Thermal Imaging\Thermal_9.png,..\Data For Segmentation\Rat1\Thermal Imaging\Thermal_9.png,Thermal_9.png,480,640,..\Data For Segmentation\Rat1\Mask\Thermal_9.png,480,640,..\Data For Segmentation\Rat1\CSV\Thermal_9_CSV.csv,"(640, 480)",
Rat10,Rat10\Thermal Imaging\Thermal_1.png,..\Data For Segmentation\Rat10\Thermal Imaging\Thermal_1.png,Thermal_1.png,480,640,..\Data For Segmentation\Rat10\Mask\Thermal_1.png,480,640,..\Data For Segmentation\Rat10\CSV\Thermal_1_CSV.csv,"(640, 480)",
Rat10,Rat10\Thermal Imaging\Thermal_10.png,..\Data For Segmentation\Rat10\Thermal Imaging\Thermal_10.png,Thermal_10.png,480,640,..\Data For Segmentation\Rat10\Mask\Thermal_10.png,480,640,..\Data For Segmentation\Rat10\CSV\Thermal_10_CSV.csv,"(640, 480)",
Rat10,Rat10\Thermal Imaging\Thermal_11.png,..\Data For Segmentation\Rat10\Thermal Imaging\Thermal_11.png,Thermal_11.png,480,640,..\Data For Segmentation\Rat10\Mask\Thermal_11.png,480,640,..\Data For Segmentation\Rat10\CSV\Thermal_11_CSV.csv,"(640, 480)",
Rat10,Rat10\Thermal Imaging\Thermal_12.png,..\Data For Segmentation\Rat10\Thermal Imaging\Thermal_12.png,Thermal_12.png,480,640,..\Data For Segmentation\Rat10\Mask\Thermal_12.png,480,640,..\Data For Segmentation\Rat10\CSV\Thermal_12_CSV.csv,"(640, 480)",
Rat10,Rat10\Thermal Imaging\Thermal_13.png,..\Data For Segmentation\Rat10\Thermal Imaging\Thermal_13.png,Thermal_13.png,480,640,..\Data For Segmentation\Rat10\Mask\Thermal_13.png,480,640,..\Data For Segmentation\Rat10\CSV\Thermal_13_CSV.csv,"(640, 480)",
Rat10,Rat10\Thermal Imaging\Thermal_2.png,..\Data For Segmentation\Rat10\Thermal Imaging\Thermal_2.png,Thermal_2.png,480,640,..\Data For Segmentation\Rat10\Mask\Thermal_2.png,480,640,..\Data For Segmentation\Rat10\CSV\Thermal_2_CSV.csv,"(640, 480)",
Rat10,Rat10\Thermal Imaging\Thermal_3.png,..\Data For Segmentation\Rat10\Thermal Imaging\Thermal_3.png,Thermal_3.png,480,640,..\Data For Segmentation\Rat10\Mask\Thermal_3.png,480,640,..\Data For Segmentation\Rat10\CSV\Thermal_3_CSV.csv,"(640, 480)",
Rat10,Rat10\Thermal Imaging\Thermal_4.png,..\Data For Segmentation\Rat10\Thermal Imaging\Thermal_4.png,Thermal_4.png,480,640,..\Data For Segmentation\Rat10\Mask\Thermal_4.png,480,640,..\Data For Segmentation\Rat10\CSV\Thermal_4_CSV.csv,"(640, 480)",
Rat10,Rat10\Thermal Imaging\Thermal_5.png,..\Data For Segmentation\Rat10\Thermal Imaging\Thermal_5.png,Thermal_5.png,480,640,..\Data For Segmentation\Rat10\Mask\Thermal_5.png,480,640,..\Data For Segmentation\Rat10\CSV\Thermal_5_CSV.csv,"(640, 480)",
Rat10,Rat10\Thermal Imaging\Thermal_6.png,..\Data For Segmentation\Rat10\Thermal Imaging\Thermal_6.png,Thermal_6.png,480,640,..\Data For Segmentation\Rat10\Mask\Thermal_6.png,480,640,..\Data For Segmentation\Rat10\CSV\Thermal_6_CSV.csv,"(640, 480)",
Rat10,Rat10\Thermal Imaging\Thermal_7.png,..\Data For Segmentation\Rat10\Thermal Imaging\Thermal_7.png,Thermal_7.png,480,640,..\Data For Segmentation\Rat10\Mask\Thermal_7.png,480,640,..\Data For Segmentation\Rat10\CSV\Thermal_7_CSV.csv,"(640, 480)",
Rat10,Rat10\Thermal Imaging\Thermal_8.png,..\Data For Segmentation\Rat10\Thermal Imaging\Thermal_8.png,Thermal_8.png,480,640,..\Data For Segmentation\Rat10\Mask\Thermal_8.png,480,640,..\Data For Segmentation\Rat10\CSV\Thermal_8_CSV.csv,"(640, 480)",
Rat10,Rat10\Thermal Imaging\Thermal_9.png,..\Data For Segmentation\Rat10\Thermal Imaging\Thermal_9.png,Thermal_9.png,480,640,..\Data For Segmentation\Rat10\Mask\Thermal_9.png,480,640,..\Data For Segmentation\Rat10\CSV\Thermal_9_CSV.csv,"(640, 480)",
Rat11,Rat11\Thermal Imaging\Thermal_1.png,..\Data For Segmentation\Rat11\Thermal Imaging\Thermal_1.png,Thermal_1.png,480,640,..\Data For Segmentation\Rat11\Mask\Thermal_1.png,480,640,..\Data For Segmentation\Rat11\CSV\Thermal_1_CSV.csv,"(640, 480)",
Rat11,Rat11\Thermal Imaging\Thermal_10.png,..\Data For Segmentation\Rat11\Thermal Imaging\Thermal_10.png,Thermal_10.png,480,640,..\Data For Segmentation\Rat11\Mask\Thermal_10.png,480,640,..\Data For Segmentation\Rat11\CSV\Thermal_10_CSV.csv,"(640, 480)",
Rat11,Rat11\Thermal Imaging\Thermal_11.png,..\Data For Segmentation\Rat11\Thermal Imaging\Thermal_11.png,Thermal_11.png,480,640,..\Data For Segmentation\Rat11\Mask\Thermal_11.png,480,640,..\Data For Segmentation\Rat11\CSV\Thermal_11_CSV.csv,"(640, 480)",
Rat11,Rat11\Thermal Imaging\Thermal_12.png,..\Data For Segmentation\Rat11\Thermal Imaging\Thermal_12.png,Thermal_12.png,480,640,..\Data For Segmentation\Rat11\Mask\Thermal_12.png,480,640,..\Data For Segmentation\Rat11\CSV\Thermal_12_CSV.csv,"(640, 480)",
Rat11,Rat11\Thermal Imaging\Thermal_13.png,..\Data For Segmentation\Rat11\Thermal Imaging\Thermal_13.png,Thermal_13.png,480,640,..\Data For Segmentation\Rat11\Mask\Thermal_13.png,480,640,..\Data For Segmentation\Rat11\CSV\Thermal_13_CSV.csv,"(640, 480)",
Rat11,Rat11\Thermal Imaging\Thermal_14.png,..\Data For Segmentation\Rat11\Thermal Imaging\Thermal_14.png,Thermal_14.png,480,640,..\Data For Segmentation\Rat11\Mask\Thermal_14.png,480,640,..\Data For Segmentation\Rat11\CSV\Thermal_14_CSV.csv,"(640, 480)",
Rat11,Rat11\Thermal Imaging\Thermal_15.png,..\Data For Segmentation\Rat11\Thermal Imaging\Thermal_15.png,Thermal_15.png,480,640,..\Data For Segmentation\Rat11\Mask\Thermal_15.png,480,640,..\Data For Segmentation\Rat11\CSV\Thermal_15_CSV.csv,"(640, 480)",
Rat11,Rat11\Thermal Imaging\Thermal_16.png,..\Data For Segmentation\Rat11\Thermal Imaging\Thermal_16.png,Thermal_16.png,480,640,..\Data For Segmentation\Rat11\Mask\Thermal_16.png,480,640,..\Data For Segmentation\Rat11\CSV\Thermal_16_CSV.csv,"(640, 480)",
Rat11,Rat11\Thermal Imaging\Thermal_2.png,..\Data For Segmentation\Rat11\Thermal Imaging\Thermal_2.png,Thermal_2.png,480,640,..\Data For Segmentation\Rat11\Mask\Thermal_2.png,480,640,..\Data For Segmentation\Rat11\CSV\Thermal_2_CSV.csv,"(640, 480)",
Rat11,Rat11\Thermal Imaging\Thermal_3.png,..\Data For Segmentation\Rat11\Thermal Imaging\Thermal_3.png,Thermal_3.png,480,640,..\Data For Segmentation\Rat11\Mask\Thermal_3.png,480,640,..\Data For Segmentation\Rat11\CSV\Thermal_3_CSV.csv,"(640, 480)",
Rat11,Rat11\Thermal Imaging\Thermal_4.png,..\Data For Segmentation\Rat11\Thermal Imaging\Thermal_4.png,Thermal_4.png,480,640,..\Data For Segmentation\Rat11\Mask\Thermal_4.png,480,640,..\Data For Segmentation\Rat11\CSV\Thermal_4_CSV.csv,"(640, 480)",
Rat11,Rat11\Thermal Imaging\Thermal_5.png,..\Data For Segmentation\Rat11\Thermal Imaging\Thermal_5.png,Thermal_5.png,480,640,..\Data For Segmentation\Rat11\Mask\Thermal_5.png,480,640,..\Data For Segmentation\Rat11\CSV\Thermal_5_CSV.csv,"(640, 480)",
Rat11,Rat11\Thermal Imaging\Thermal_6.png,..\Data For Segmentation\Rat11\Thermal Imaging\Thermal_6.png,Thermal_6.png,480,640,..\Data For Segmentation\Rat11\Mask\Thermal_6.png,480,640,..\Data For Segmentation\Rat11\CSV\Thermal_6_CSV.csv,"(640, 480)",
Rat11,Rat11\Thermal Imaging\Thermal_7.png,..\Data For Segmentation\Rat11\Thermal Imaging\Thermal_7.png,Thermal_7.png,480,640,..\Data For Segmentation\Rat11\Mask\Thermal_7.png,480,640,..\Data For Segmentation\Rat11\CSV\Thermal_7_CSV.csv,"(640, 480)",
Rat11,Rat11\Thermal Imaging\Thermal_8.png,..\Data For Segmentation\Rat11\Thermal Imaging\Thermal_8.png,Thermal_8.png,480,640,..\Data For Segmentation\Rat11\Mask\Thermal_8.png,480,640,..\Data For Segmentation\Rat11\CSV\Thermal_8_CSV.csv,"(640, 480)",
Rat11,Rat11\Thermal Imaging\Thermal_9.png,..\Data For Segmentation\Rat11\Thermal Imaging\Thermal_9.png,Thermal_9.png,480,640,..\Data For Segmentation\Rat11\Mask\Thermal_9.png,480,640,..\Data For Segmentation\Rat11\CSV\Thermal_9_CSV.csv,"(640, 480)",
Rat12,Rat12\Thermal Imaging\Thermal_1.png,..\Data For Segmentation\Rat12\Thermal Imaging\Thermal_1.png,Thermal_1.png,480,640,..\Data For Segmentation\Rat12\Mask\Thermal_1.png,480,640,..\Data For Segmentation\Rat12\CSV\Thermal_1_CSV.csv,"(640, 480)",
Rat12,Rat12\Thermal Imaging\Thermal_10.png,..\Data For Segmentation\Rat12\Thermal Imaging\Thermal_10.png,Thermal_10.png,480,640,..\Data For Segmentation\Rat12\Mask\Thermal_10.png,480,640,..\Data For Segmentation\Rat12\CSV\Thermal_10_CSV.csv,"(640, 480)",
Rat12,Rat12\Thermal Imaging\Thermal_11.png,..\Data For Segmentation\Rat12\Thermal Imaging\Thermal_11.png,Thermal_11.png,480,640,..\Data For Segmentation\Rat12\Mask\Thermal_11.png,480,640,..\Data For Segmentation\Rat12\CSV\Thermal_11_CSV.csv,"(640, 480)",
Rat12,Rat12\Thermal Imaging\Thermal_12.png,..\Data For Segmentation\Rat12\Thermal Imaging\Thermal_12.png,Thermal_12.png,480,640,..\Data For Segmentation\Rat12\Mask\Thermal_12.png,480,640,..\Data For Segmentation\Rat12\CSV\Thermal_12_CSV.csv,"(640, 480)",
Rat12,Rat12\Thermal Imaging\Thermal_13.png,..\Data For Segmentation\Rat12\Thermal Imaging\Thermal_13.png,Thermal_13.png,480,640,..\Data For Segmentation\Rat12\Mask\Thermal_13.png,480,640,..\Data For Segmentation\Rat12\CSV\Thermal_13_CSV.csv,"(640, 480)",
Rat12,Rat12\Thermal Imaging\Thermal_14.png,..\Data For Segmentation\Rat12\Thermal Imaging\Thermal_14.png,Thermal_14.png,480,640,..\Data For Segmentation\Rat12\Mask\Thermal_14.png,480,640,..\Data For Segmentation\Rat12\CSV\Thermal_14_CSV.csv,"(640, 480)",
Rat12,Rat12\Thermal Imaging\Thermal_15.png,..\Data For Segmentation\Rat12\Thermal Imaging\Thermal_15.png,Thermal_15.png,480,640,..\Data For Segmentation\Rat12\Mask\Thermal_15.png,480,640,..\Data For Segmentation\Rat12\CSV\Thermal_15_CSV.csv,"(640, 480)",
Rat12,Rat12\Thermal Imaging\Thermal_16.png,..\Data For Segmentation\Rat12\Thermal Imaging\Thermal_16.png,Thermal_16.png,480,640,..\Data For Segmentation\Rat12\Mask\Thermal_16.png,480,640,..\Data For Segmentation\Rat12\CSV\Thermal_16_CSV.csv,"(640, 480)",
Rat12,Rat12\Thermal Imaging\Thermal_17.png,..\Data For Segmentation\Rat12\Thermal Imaging\Thermal_17.png,Thermal_17.png,480,640,..\Data For Segmentation\Rat12\Mask\Thermal_17.png,480,640,..\Data For Segmentation\Rat12\CSV\Thermal_17_CSV.csv,"(640, 480)",
Rat12,Rat12\Thermal Imaging\Thermal_2.png,..\Data For Segmentation\Rat12\Thermal Imaging\Thermal_2.png,Thermal_2.png,480,640,..\Data For Segmentation\Rat12\Mask\Thermal_2.png,480,640,..\Data For Segmentation\Rat12\CSV\Thermal_2_CSV.csv,"(640, 480)",
Rat12,Rat12\Thermal Imaging\Thermal_3.png,..\Data For Segmentation\Rat12\Thermal Imaging\Thermal_3.png,Thermal_3.png,480,640,..\Data For Segmentation\Rat12\Mask\Thermal_3.png,480,640,..\Data For Segmentation\Rat12\CSV\Thermal_3_CSV.csv,"(640, 480)",
Rat12,Rat12\Thermal Imaging\Thermal_4.png,..\Data For Segmentation\Rat12\Thermal Imaging\Thermal_4.png,Thermal_4.png,480,640,..\Data For Segmentation\Rat12\Mask\Thermal_4.png,480,640,..\Data For Segmentation\Rat12\CSV\Thermal_4_CSV.csv,"(640, 480)",
Rat12,Rat12\Thermal Imaging\Thermal_5.png,..\Data For Segmentation\Rat12\Thermal Imaging\Thermal_5.png,Thermal_5.png,480,640,..\Data For Segmentation\Rat12\Mask\Thermal_5.png,480,640,..\Data For Segmentation\Rat12\CSV\Thermal_5_CSV.csv,"(640, 480)",
Rat12,Rat12\Thermal Imaging\Thermal_6.png,..\Data For Segmentation\Rat12\Thermal Imaging\Thermal_6.png,Thermal_6.png,480,640,..\Data For Segmentation\Rat12\Mask\Thermal_6.png,480,640,..\Data For Segmentation\Rat12\CSV\Thermal_6_CSV.csv,"(640, 480)",
Rat12,Rat12\Thermal Imaging\Thermal_7.png,..\Data For Segmentation\Rat12\Thermal Imaging\Thermal_7.png,Thermal_7.png,480,640,..\Data For Segmentation\Rat12\Mask\Thermal_7.png,480,640,..\Data For Segmentation\Rat12\CSV\Thermal_7_CSV.csv,"(640, 480)",
Rat12,Rat12\Thermal Imaging\Thermal_8.png,..\Data For Segmentation\Rat12\Thermal Imaging\Thermal_8.png,Thermal_8.png,480,640,..\Data For Segmentation\Rat12\Mask\Thermal_8.png,480,640,..\Data For Segmentation\Rat12\CSV\Thermal_8_CSV.csv,"(640, 480)",
Rat12,Rat12\Thermal Imaging\Thermal_9.png,..\Data For Segmentation\Rat12\Thermal Imaging\Thermal_9.png,Thermal_9.png,480,640,..\Data For Segmentation\Rat12\Mask\Thermal_9.png,480,640,..\Data For Segmentation\Rat12\CSV\Thermal_9_CSV.csv,"(640, 480)",
Rat13,Rat13\Thermal Imaging\Thermal_1.png,..\Data For Segmentation\Rat13\Thermal Imaging\Thermal_1.png,Thermal_1.png,480,640,..\Data For Segmentation\Rat13\Mask\Thermal_1.png,480,640,..\Data For Segmentation\Rat13\CSV\Thermal_1_CSV.csv,"(640, 480)",
Rat13,Rat13\Thermal Imaging\Thermal_10.png,..\Data For Segmentation\Rat13\Thermal Imaging\Thermal_10.png,Thermal_10.png,480,640,..\Data For Segmentation\Rat13\Mask\Thermal_10.png,480,640,..\Data For Segmentation\Rat13\CSV\Thermal_10_CSV.csv,"(640, 480)",
Rat13,Rat13\Thermal Imaging\Thermal_2.png,..\Data For Segmentation\Rat13\Thermal Imaging\Thermal_2.png,Thermal_2.png,480,640,..\Data For Segmentation\Rat13\Mask\Thermal_2.png,480,640,..\Data For Segmentation\Rat13\CSV\Thermal_2_CSV.csv,"(640, 480)",
Rat13,Rat13\Thermal Imaging\Thermal_3.png,..\Data For Segmentation\Rat13\Thermal Imaging\Thermal_3.png,Thermal_3.png,480,640,..\Data For Segmentation\Rat13\Mask\Thermal_3.png,480,640,..\Data For Segmentation\Rat13\CSV\Thermal_3_CSV.csv,"(640, 480)",
Rat13,Rat13\Thermal Imaging\Thermal_4.png,..\Data For Segmentation\Rat13\Thermal Imaging\Thermal_4.png,Thermal_4.png,480,640,..\Data For Segmentation\Rat13\Mask\Thermal_4.png,480,640,..\Data For Segmentation\Rat13\CSV\Thermal_4_CSV.csv,"(640, 480)",
Rat13,Rat13\Thermal Imaging\Thermal_5.png,..\Data For Segmentation\Rat13\Thermal Imaging\Thermal_5.png,Thermal_5.png,480,640,..\Data For Segmentation\Rat13\Mask\Thermal_5.png,480,640,..\Data For Segmentation\Rat13\CSV\Thermal_5_CSV.csv,"(640, 480)",
Rat13,Rat13\Thermal Imaging\Thermal_6.png,..\Data For Segmentation\Rat13\Thermal Imaging\Thermal_6.png,Thermal_6.png,480,640,..\Data For Segmentation\Rat13\Mask\Thermal_6.png,480,640,..\Data For Segmentation\Rat13\CSV\Thermal_6_CSV.csv,"(640, 480)",
Rat13,Rat13\Thermal Imaging\Thermal_7.png,..\Data For Segmentation\Rat13\Thermal Imaging\Thermal_7.png,Thermal_7.png,480,640,..\Data For Segmentation\Rat13\Mask\Thermal_7.png,480,640,..\Data For Segmentation\Rat13\CSV\Thermal_7_CSV.csv,"(640, 480)",
Rat13,Rat13\Thermal Imaging\Thermal_8.png,..\Data For Segmentation\Rat13\Thermal Imaging\Thermal_8.png,Thermal_8.png,480,640,..\Data For Segmentation\Rat13\Mask\Thermal_8.png,480,640,..\Data For Segmentation\Rat13\CSV\Thermal_8_CSV.csv,"(640, 480)",
Rat13,Rat13\Thermal Imaging\Thermal_9.png,..\Data For Segmentation\Rat13\Thermal Imaging\Thermal_9.png,Thermal_9.png,480,640,..\Data For Segmentation\Rat13\Mask\Thermal_9.png,480,640,..\Data For Segmentation\Rat13\CSV\Thermal_9_CSV.csv,"(640, 480)",
Rat14,Rat14\Thermal Imaging\Thermal_1.png,..\Data For Segmentation\Rat14\Thermal Imaging\Thermal_1.png,Thermal_1.png,480,640,..\Data For Segmentation\Rat14\Mask\Thermal_1.png,480,640,..\Data For Segmentation\Rat14\CSV\Thermal_1_CSV.csv,"(640, 480)",
Rat14,Rat14\Thermal Imaging\Thermal_10.png,..\Data For Segmentation\Rat14\Thermal Imaging\Thermal_10.png,Thermal_10.png,480,640,..\Data For Segmentation\Rat14\Mask\Thermal_10.png,480,640,..\Data For Segmentation\Rat14\CSV\Thermal_10_CSV.csv,"(640, 480)",
Rat14,Rat14\Thermal Imaging\Thermal_11.png,..\Data For Segmentation\Rat14\Thermal Imaging\Thermal_11.png,Thermal_11.png,480,640,..\Data For Segmentation\Rat14\Mask\Thermal_11.png,480,640,..\Data For Segmentation\Rat14\CSV\Thermal_11_CSV.csv,"(640, 480)",
Rat14,Rat14\Thermal Imaging\Thermal_12.png,..\Data For Segmentation\Rat14\Thermal Imaging\Thermal_12.png,Thermal_12.png,480,640,..\Data For Segmentation\Rat14\Mask\Thermal_12.png,480,640,..\Data For Segmentation\Rat14\CSV\Thermal_12_CSV.csv,"(640, 480)",
Rat14,Rat14\Thermal Imaging\Thermal_13.png,..\Data For Segmentation\Rat14\Thermal Imaging\Thermal_13.png,Thermal_13.png,480,640,..\Data For Segmentation\Rat14\Mask\Thermal_13.png,480,640,..\Data For Segmentation\Rat14\CSV\Thermal_13_CSV.csv,"(640, 480)",
Rat14,Rat14\Thermal Imaging\Thermal_2.png,..\Data For Segmentation\Rat14\Thermal Imaging\Thermal_2.png,Thermal_2.png,480,640,..\Data For Segmentation\Rat14\Mask\Thermal_2.png,480,640,..\Data For Segmentation\Rat14\CSV\Thermal_2_CSV.csv,"(640, 480)",
Rat14,Rat14\Thermal Imaging\Thermal_3.png,..\Data For Segmentation\Rat14\Thermal Imaging\Thermal_3.png,Thermal_3.png,480,640,..\Data For Segmentation\Rat14\Mask\Thermal_3.png,480,640,..\Data For Segmentation\Rat14\CSV\Thermal_3_CSV.csv,"(640, 480)",
Rat14,Rat14\Thermal Imaging\Thermal_4.png,..\Data For Segmentation\Rat14\Thermal Imaging\Thermal_4.png,Thermal_4.png,480,640,..\Data For Segmentation\Rat14\Mask\Thermal_4.png,480,640,..\Data For Segmentation\Rat14\CSV\Thermal_4_CSV.csv,"(640, 480)",
Rat14,Rat14\Thermal Imaging\Thermal_5.png,..\Data For Segmentation\Rat14\Thermal Imaging\Thermal_5.png,Thermal_5.png,480,640,..\Data For Segmentation\Rat14\Mask\Thermal_5.png,480,640,..\Data For Segmentation\Rat14\CSV\Thermal_5_CSV.csv,"(640, 480)",
Rat14,Rat14\Thermal Imaging\Thermal_6.png,..\Data For Segmentation\Rat14\Thermal Imaging\Thermal_6.png,Thermal_6.png,480,640,..\Data For Segmentation\Rat14\Mask\Thermal_6.png,480,640,..\Data For Segmentation\Rat14\CSV\Thermal_6_CSV.csv,"(640, 480)",
Rat14,Rat14\Thermal Imaging\Thermal_7.png,..\Data For Segmentation\Rat14\Thermal Imaging\Thermal_7.png,Thermal_7.png,480,640,..\Data For Segmentation\Rat14\Mask\Thermal_7.png,480,640,..\Data For Segmentation\Rat14\CSV\Thermal_7_CSV.csv,"(640, 480)",
Rat14,Rat14\Thermal Imaging\Thermal_8.png,..\Data For Segmentation\Rat14\Thermal Imaging\Thermal_8.png,Thermal_8.png,480,640,..\Data For Segmentation\Rat14\Mask\Thermal_8.png,480,640,..\Data For Segmentation\Rat14\CSV\Thermal_8_CSV.csv,"(640, 480)",
Rat14,Rat14\Thermal Imaging\Thermal_9.png,..\Data For Segmentation\Rat14\Thermal Imaging\Thermal_9.png,Thermal_9.png,480,640,..\Data For Segmentation\Rat14\Mask\Thermal_9.png,480,640,..\Data For Segmentation\Rat14\CSV\Thermal_9_CSV.csv,"(640, 480)",
Rat15,Rat15\Thermal Imaging\Thermal_10.png,..\Data For Segmentation\Rat15\Thermal Imaging\Thermal_10.png,Thermal_10.png,480,640,..\Data For Segmentation\Rat15\Mask\Thermal_10.png,480,640,..\Data For Segmentation\Rat15\CSV\Thermal_10_CSV.csv,"(640, 480)",
Rat15,Rat15\Thermal Imaging\Thermal_11.png,..\Data For Segmentation\Rat15\Thermal Imaging\Thermal_11.png,Thermal_11.png,480,640,..\Data For Segmentation\Rat15\Mask\Thermal_11.png,480,640,..\Data For Segmentation\Rat15\CSV\Thermal_11_CSV.csv,"(640, 480)",
Rat15,Rat15\Thermal Imaging\Thermal_12.png,..\Data For Segmentation\Rat15\Thermal Imaging\Thermal_12.png,Thermal_12.png,480,640,..\Data For Segmentation\Rat15\Mask\Thermal_12.png,480,640,..\Data For Segmentation\Rat15\CSV\Thermal_12_CSV.csv,"(640, 480)",
Rat15,Rat15\Thermal Imaging\Thermal_13.png,..\Data For Segmentation\Rat15\Thermal Imaging\Thermal_13.png,Thermal_13.png,480,640,..\Data For Segmentation\Rat15\Mask\Thermal_13.png,480,640,..\Data For Segmentation\Rat15\CSV\Thermal_13_CSV.csv,"(640, 480)",
Rat15,Rat15\Thermal Imaging\Thermal_14.png,..\Data For Segmentation\Rat15\Thermal Imaging\Thermal_14.png,Thermal_14.png,480,640,..\Data For Segmentation\Rat15\Mask\Thermal_14.png,480,640,..\Data For Segmentation\Rat15\CSV\Thermal_14_CSV.csv,"(640, 480)",
Rat15,Rat15\Thermal Imaging\Thermal_15.png,..\Data For Segmentation\Rat15\Thermal Imaging\Thermal_15.png,Thermal_15.png,480,640,..\Data For Segmentation\Rat15\Mask\Thermal_15.png,480,640,..\Data For Segmentation\Rat15\CSV\Thermal_15_CSV.csv,"(640, 480)",
Rat15,Rat15\Thermal Imaging\Thermal_2.png,..\Data For Segmentation\Rat15\Thermal Imaging\Thermal_2.png,Thermal_2.png,480,640,..\Data For Segmentation\Rat15\Mask\Thermal_2.png,480,640,..\Data For Segmentation\Rat15\CSV\Thermal_2_CSV.csv,"(640, 480)",
Rat15,Rat15\Thermal Imaging\Thermal_3.png,..\Data For Segmentation\Rat15\Thermal Imaging\Thermal_3.png,Thermal_3.png,480,640,..\Data For Segmentation\Rat15\Mask\Thermal_3.png,480,640,..\Data For Segmentation\Rat15\CSV\Thermal_3_CSV.csv,"(640, 480)",
Rat15,Rat15\Thermal Imaging\Thermal_4.png,..\Data For Segmentation\Rat15\Thermal Imaging\Thermal_4.png,Thermal_4.png,480,640,..\Data For Segmentation\Rat15\Mask\Thermal_4.png,480,640,..\Data For Segmentation\Rat15\CSV\Thermal_4_CSV.csv,"(640, 480)",
Rat15,Rat15\Thermal Imaging\Thermal_5.png,..\Data For Segmentation\Rat15\Thermal Imaging\Thermal_5.png,Thermal_5.png,480,640,..\Data For Segmentation\Rat15\Mask\Thermal_5.png,480,640,..\Data For Segmentation\Rat15\CSV\Thermal_5_CSV.csv,"(640, 480)",
Rat15,Rat15\Thermal Imaging\Thermal_6.png,..\Data For Segmentation\Rat15\Thermal Imaging\Thermal_6.png,Thermal_6.png,480,640,..\Data For Segmentation\Rat15\Mask\Thermal_6.png,480,640,..\Data For Segmentation\Rat15\CSV\Thermal_6_CSV.csv,"(640, 480)",
Rat15,Rat15\Thermal Imaging\Thermal_7.png,..\Data For Segmentation\Rat15\Thermal Imaging\Thermal_7.png,Thermal_7.png,480,640,..\Data For Segmentation\Rat15\Mask\Thermal_7.png,480,640,..\Data For Segmentation\Rat15\CSV\Thermal_7_CSV.csv,"(640, 480)",
Rat15,Rat15\Thermal Imaging\Thermal_8.png,..\Data For Segmentation\Rat15\Thermal Imaging\Thermal_8.png,Thermal_8.png,480,640,..\Data For Segmentation\Rat15\Mask\Thermal_8.png,480,640,..\Data For Segmentation\Rat15\CSV\Thermal_8_CSV.csv,"(640, 480)",
Rat15,Rat15\Thermal Imaging\Thermal_9.png,..\Data For Segmentation\Rat15\Thermal Imaging\Thermal_9.png,Thermal_9.png,480,640,..\Data For Segmentation\Rat15\Mask\Thermal_9.png,480,640,..\Data For Segmentation\Rat15\CSV\Thermal_9_CSV.csv,"(640, 480)",
Rat16,Rat16\Thermal Imaging\Thermal_1.png,..\Data For Segmentation\Rat16\Thermal Imaging\Thermal_1.png,Thermal_1.png,480,640,..\Data For Segmentation\Rat16\Mask\Thermal_1.png,480,640,..\Data For Segmentation\Rat16\CSV\Thermal_1_CSV.csv,"(640, 480)",
Rat16,Rat16\Thermal Imaging\Thermal_10.png,..\Data For Segmentation\Rat16\Thermal Imaging\Thermal_10.png,Thermal_10.png,480,640,..\Data For Segmentation\Rat16\Mask\Thermal_10.png,480,640,..\Data For Segmentation\Rat16\CSV\Thermal_10_CSV.csv,"(640, 480)",
Rat16,Rat16\Thermal Imaging\Thermal_100.jpg,..\Data For Segmentation\Rat16\Thermal Imaging\Thermal_100.jpg,Thermal_100.jpg,480,640,..\Data For Segmentation\Rat16\Mask\Thermal_100.png,480,640,..\Data For Segmentation\Rat16\CSV\Thermal_100_CSV.csv,"(640, 480)",
Rat16,Rat16\Thermal Imaging\Thermal_101.jpg,..\Data For Segmentation\Rat16\Thermal Imaging\Thermal_101.jpg,Thermal_101.jpg,480,640,..\Data For Segmentation\Rat16\Mask\Thermal_101.png,480,640,..\Data For Segmentation\Rat16\CSV\Thermal_101_CSV.csv,"(640, 480)",
Rat16,Rat16\Thermal Imaging\Thermal_102.jpg,..\Data For Segmentation\Rat16\Thermal Imaging\Thermal_102.jpg,Thermal_102.jpg,480,640,..\Data For Segmentation\Rat16\Mask\Thermal_102.png,480,640,..\Data For Segmentation\Rat16\CSV\Thermal_102_CSV.csv,"(640, 480)",
Rat16,Rat16\Thermal Imaging\Thermal_103.jpg,..\Data For Segmentation\Rat16\Thermal Imaging\Thermal_103.jpg,Thermal_103.jpg,480,640,..\Data For Segmentation\Rat16\Mask\Thermal_103.png,480,640,..\Data For Segmentation\Rat16\CSV\Thermal_103_CSV.csv,"(640, 480)",
Rat16,Rat16\Thermal Imaging\Thermal_104.jpg,..\Data For Segmentation\Rat16\Thermal Imaging\Thermal_104.jpg,Thermal_104.jpg,480,640,..\Data For Segmentation\Rat16\Mask\Thermal_104.png,480,640,..\Data For Segmentation\Rat16\CSV\Thermal_104_CSV.csv,"(640, 480)",
Rat16,Rat16\Thermal Imaging\Thermal_105.jpg,..\Data For Segmentation\Rat16\Thermal Imaging\Thermal_105.jpg,Thermal_105.jpg,480,640,..\Data For Segmentation\Rat16\Mask\Thermal_105.png,480,640,..\Data For Segmentation\Rat16\CSV\Thermal_105_CSV.csv,"(640, 480)",
Rat16,Rat16\Thermal Imaging\Thermal_106.jpg,..\Data For Segmentation\Rat16\Thermal Imaging\Thermal_106.jpg,Thermal_106.jpg,480,640,..\Data For Segmentation\Rat16\Mask\Thermal_106.png,480,640,..\Data For Segmentation\Rat16\CSV\Thermal_106_CSV.csv,"(640, 480)",
Rat16,Rat16\Thermal Imaging\Thermal_107.jpg,..\Data For Segmentation\Rat16\Thermal Imaging\Thermal_107.jpg,Thermal_107.jpg,480,640,..\Data For Segmentation\Rat16\Mask\Thermal_107.png,480,640,..\Data For Segmentation\Rat16\CSV\Thermal_107_CSV.csv,"(640, 480)",
Rat16,Rat16\Thermal Imaging\Thermal_108.jpg,..\Data For Segmentation\Rat16\Thermal Imaging\Thermal_108.jpg,Thermal_108.jpg,480,640,..\Data For Segmentation\Rat16\Mask\Thermal_108.png,480,640,..\Data For Segmentation\Rat16\CSV\Thermal_108_CSV.csv,"(640, 480)",
Rat16,Rat16\Thermal Imaging\Thermal_109.jpg,..\Data For Segmentation\Rat16\Thermal Imaging\Thermal_109.jpg,Thermal_109.jpg,480,640,..\Data For Segmentation\Rat16\Mask\Thermal_109.png,480,640,..\Data For Segmentation\Rat16\CSV\Thermal_109_CSV.csv,"(640, 480)",
Rat16,Rat16\Thermal Imaging\Thermal_11.png,..\Data For Segmentation\Rat16\Thermal Imaging\Thermal_11.png,Thermal_11.png,480,640,..\Data For Segmentation\Rat16\Mask\Thermal_11.png,480,640,..\Data For Segmentation\Rat16\CSV\Thermal_11_CSV.csv,"(640, 480)",
Rat16,Rat16\Thermal Imaging\Thermal_110.jpg,..\Data For Segmentation\Rat16\Thermal Imaging\Thermal_110.jpg,Thermal_110.jpg,480,640,..\Data For Segmentation\Rat16\Mask\Thermal_110.png,480,640,..\Data For Segmentation\Rat16\CSV\Thermal_110_CSV.csv,"(640, 480)",
Rat16,Rat16\Thermal Imaging\Thermal_111.jpg,..\Data For Segmentation\Rat16\Thermal Imaging\Thermal_111.jpg,Thermal_111.jpg,480,640,..\Data For Segmentation\Rat16\Mask\Thermal_111.png,480,640,..\Data For Segmentation\Rat16\CSV\Thermal_111_CSV.csv,"(640, 480)",
Rat16,Rat16\Thermal Imaging\Thermal_112.jpg,..\Data For Segmentation\Rat16\Thermal Imaging\Thermal_112.jpg,Thermal_112.jpg,480,640,..\Data For Segmentation\Rat16\Mask\Thermal_112.png,480,640,..\Data For Segmentation\Rat16\CSV\Thermal_112_CSV.csv,"(640, 480)",
Rat16,Rat16\Thermal Imaging\Thermal_113.jpg,..\Data For Segmentation\Rat16\Thermal Imaging\Thermal_113.jpg,Thermal_113.jpg,480,640,..\Data For Segmentation\Rat16\Mask\Thermal_113.png,480,640,..\Data For Segmentation\Rat16\CSV\Thermal_113_CSV.csv,"(640, 480)",
Rat16,Rat16\Thermal Imaging\Thermal_114.jpg,..\Data For Segmentation\Rat16\Thermal Imaging\Thermal_114.jpg,Thermal_114.jpg,480,640,..\Data For Segmentation\Rat16\Mask\Thermal_114.png,480,640,..\Data For Segmentation\Rat16\CSV\Thermal_114_CSV.csv,"(640, 480)",
Rat16,Rat16\Thermal Imaging\Thermal_115.jpg,..\Data For Segmentation\Rat16\Thermal Imaging\Thermal_115.jpg,Thermal_115.jpg,480,640,..\Data For Segmentation\Rat16\Mask\Thermal_115.png,480,640,..\Data For Segmentation\Rat16\CSV\Thermal_115_CSV.csv,"(640, 480)",
Rat16,Rat16\Thermal Imaging\Thermal_116.jpg,..\Data For Segmentation\Rat16\Thermal Imaging\Thermal_116.jpg,Thermal_116.jpg,480,640,..\Data For Segmentation\Rat16\Mask\Thermal_116.png,480,640,..\Data For Segmentation\Rat16\CSV\Thermal_116_CSV.csv,"(640, 480)",
Rat16,Rat16\Thermal Imaging\Thermal_117.jpg,..\Data For Segmentation\Rat16\Thermal Imaging\Thermal_117.jpg,Thermal_117.jpg,480,640,..\Data For Segmentation\Rat16\Mask\Thermal_117.png,480,640,..\Data For Segmentation\Rat16\CSV\Thermal_117_CSV.csv,"(640, 480)",
Rat16,Rat16\Thermal Imaging\Thermal_118.jpg,..\Data For Segmentation\Rat16\Thermal Imaging\Thermal_118.jpg,Thermal_118.jpg,480,640,..\Data For Segmentation\Rat16\Mask\Thermal_118.png,480,640,..\Data For Segmentation\Rat16\CSV\Thermal_118_CSV.csv,"(640, 480)",
Rat16,Rat16\Thermal Imaging\Thermal_119.jpg,..\Data For Segmentation\Rat16\Thermal Imaging\Thermal_119.jpg,Thermal_119.jpg,480,640,..\Data For Segmentation\Rat16\Mask\Thermal_119.png,480,640,..\Data For Segmentation\Rat16\CSV\Thermal_119_CSV.csv,"(640, 480)",
Rat16,Rat16\Thermal Imaging\Thermal_12.png,..\Data For Segmentation\Rat16\Thermal Imaging\Thermal_12.png,Thermal_12.png,480,640,..\Data For Segmentation\Rat16\Mask\Thermal_12.png,480,640,..\Data For Segmentation\Rat16\CSV\Thermal_12_CSV.csv,"(640, 480)",
Rat16,Rat16\Thermal Imaging\Thermal_120.jpg,..\Data For Segmentation\Rat16\Thermal Imaging\Thermal_120.jpg,Thermal_120.jpg,480,640,..\Data For Segmentation\Rat16\Mask\Thermal_120.png,480,640,..\Data For Segmentation\Rat16\CSV\Thermal_120_CSV.csv,"(640, 480)",
Rat16,Rat16\Thermal Imaging\Thermal_121.jpg,..\Data For Segmentation\Rat16\Thermal Imaging\Thermal_121.jpg,Thermal_121.jpg,480,640,..\Data For Segmentation\Rat16\Mask\Thermal_121.png,480,640,..\Data For Segmentation\Rat16\CSV\Thermal_121_CSV.csv,"(640, 480)",
Rat16,Rat16\Thermal Imaging\Thermal_13.png,..\Data For Segmentation\Rat16\Thermal Imaging\Thermal_13.png,Thermal_13.png,480,640,..\Data For Segmentation\Rat16\Mask\Thermal_13.png,480,640,..\Data For Segmentation\Rat16\CSV\Thermal_13_CSV.csv,"(640, 480)",
Rat16,Rat16\Thermal Imaging\Thermal_14.jpg,..\Data For Segmentation\Rat16\Thermal Imaging\Thermal_14.jpg,Thermal_14.jpg,480,640,..\Data For Segmentation\Rat16\Mask\Thermal_14.png,480,640,..\Data For Segmentation\Rat16\CSV\Thermal_14_CSV.csv,"(640, 480)",
Rat16,Rat16\Thermal Imaging\Thermal_15.jpg,..\Data For Segmentation\Rat16\Thermal Imaging\Thermal_15.jpg,Thermal_15.jpg,480,640,..\Data For Segmentation\Rat16\Mask\Thermal_15.png,480,640,..\Data For Segmentation\Rat16\CSV\Thermal_15_CSV.csv,"(640, 480)",
Rat16,Rat16\Thermal Imaging\Thermal_16.jpg,..\Data For Segmentation\Rat16\Thermal Imaging\Thermal_16.jpg,Thermal_16.jpg,480,640,..\Data For Segmentation\Rat16\Mask\Thermal_16.png,480,640,..\Data For Segmentation\Rat16\CSV\Thermal_16_CSV.csv,"(640, 480)",
Rat16,Rat16\Thermal Imaging\Thermal_17.jpg,..\Data For Segmentation\Rat16\Thermal Imaging\Thermal_17.jpg,Thermal_17.jpg,480,640,..\Data For Segmentation\Rat16\Mask\Thermal_17.png,480,640,..\Data For Segmentation\Rat16\CSV\Thermal_17_CSV.csv,"(640, 480)",
Rat16,Rat16\Thermal Imaging\Thermal_18.jpg,..\Data For Segmentation\Rat16\Thermal Imaging\Thermal_18.jpg,Thermal_18.jpg,480,640,..\Data For Segmentation\Rat16\Mask\Thermal_18.png,480,640,..\Data For Segmentation\Rat16\CSV\Thermal_18_CSV.csv,"(640, 480)",
Rat16,Rat16\Thermal Imaging\Thermal_19.jpg,..\Data For Segmentation\Rat16\Thermal Imaging\Thermal_19.jpg,Thermal_19.jpg,480,640,..\Data For Segmentation\Rat16\Mask\Thermal_19.png,480,640,..\Data For Segmentation\Rat16\CSV\Thermal_19_CSV.csv,"(640, 480)",
Rat16,Rat16\Thermal Imaging\Thermal_2.png,..\Data For Segmentation\Rat16\Thermal Imaging\Thermal_2.png,Thermal_2.png,480,640,..\Data For Segmentation\Rat16\Mask\Thermal_2.png,480,640,..\Data For Segmentation\Rat16\CSV\Thermal_2_CSV.csv,"(640, 480)",
Rat16,Rat16\Thermal Imaging\Thermal_20.jpg,..\Data For Segmentation\Rat16\Thermal Imaging\Thermal_20.jpg,Thermal_20.jpg,480,640,..\Data For Segmentation\Rat16\Mask\Thermal_20.png,480,640,..\Data For Segmentation\Rat16\CSV\Thermal_20_CSV.csv,"(640, 480)",
Rat16,Rat16\Thermal Imaging\Thermal_21.jpg,..\Data For Segmentation\Rat16\Thermal Imaging\Thermal_21.jpg,Thermal_21.jpg,480,640,..\Data For Segmentation\Rat16\Mask\Thermal_21.png,480,640,..\Data For Segmentation\Rat16\CSV\Thermal_21_CSV.csv,"(640, 480)",
Rat16,Rat16\Thermal Imaging\Thermal_22.jpg,..\Data For Segmentation\Rat16\Thermal Imaging\Thermal_22.jpg,Thermal_22.jpg,480,640,..\Data For Segmentation\Rat16\Mask\Thermal_22.png,480,640,..\Data For Segmentation\Rat16\CSV\Thermal_22_CSV.csv,"(640, 480)",
Rat16,Rat16\Thermal Imaging\Thermal_23.jpg,..\Data For Segmentation\Rat16\Thermal Imaging\Thermal_23.jpg,Thermal_23.jpg,480,640,..\Data For Segmentation\Rat16\Mask\Thermal_23.png,480,640,..\Data For Segmentation\Rat16\CSV\Thermal_23_CSV.csv,"(640, 480)",
Rat16,Rat16\Thermal Imaging\Thermal_24.jpg,..\Data For Segmentation\Rat16\Thermal Imaging\Thermal_24.jpg,Thermal_24.jpg,480,640,..\Data For Segmentation\Rat16\Mask\Thermal_24.png,480,640,..\Data For Segmentation\Rat16\CSV\Thermal_24_CSV.csv,"(640, 480)",
Rat16,Rat16\Thermal Imaging\Thermal_25.jpg,..\Data For Segmentation\Rat16\Thermal Imaging\Thermal_25.jpg,Thermal_25.jpg,480,640,..\Data For Segmentation\Rat16\Mask\Thermal_25.png,480,640,..\Data For Segmentation\Rat16\CSV\Thermal_25_CSV.csv,"(640, 480)",
Rat16,Rat16\Thermal Imaging\Thermal_26.jpg,..\Data For Segmentation\Rat16\Thermal Imaging\Thermal_26.jpg,Thermal_26.jpg,480,640,..\Data For Segmentation\Rat16\Mask\Thermal_26.png,480,640,..\Data For Segmentation\Rat16\CSV\Thermal_26_CSV.csv,"(640, 480)",
Rat16,Rat16\Thermal Imaging\Thermal_27.jpg,..\Data For Segmentation\Rat16\Thermal Imaging\Thermal_27.jpg,Thermal_27.jpg,480,640,..\Data For Segmentation\Rat16\Mask\Thermal_27.png,480,640,..\Data For Segmentation\Rat16\CSV\Thermal_27_CSV.csv,"(640, 480)",
Rat16,Rat16\Thermal Imaging\Thermal_28.jpg,..\Data For Segmentation\Rat16\Thermal Imaging\Thermal_28.jpg,Thermal_28.jpg,480,640,..\Data For Segmentation\Rat16\Mask\Thermal_28.png,480,640,..\Data For Segmentation\Rat16\CSV\Thermal_28_CSV.csv,"(640, 480)",
Rat16,Rat16\Thermal Imaging\Thermal_29.jpg,..\Data For Segmentation\Rat16\Thermal Imaging\Thermal_29.jpg,Thermal_29.jpg,480,640,..\Data For Segmentation\Rat16\Mask\Thermal_29.png,480,640,..\Data For Segmentation\Rat16\CSV\Thermal_29_CSV.csv,"(640, 480)",
Rat16,Rat16\Thermal Imaging\Thermal_3.png,..\Data For Segmentation\Rat16\Thermal Imaging\Thermal_3.png,Thermal_3.png,480,640,..\Data For Segmentation\Rat16\Mask\Thermal_3.png,480,640,..\Data For Segmentation\Rat16\CSV\Thermal_3_CSV.csv,"(640, 480)",
Rat16,Rat16\Thermal Imaging\Thermal_30.jpg,..\Data For Segmentation\Rat16\Thermal Imaging\Thermal_30.jpg,Thermal_30.jpg,480,640,..\Data For Segmentation\Rat16\Mask\Thermal_30.png,480,640,..\Data For Segmentation\Rat16\CSV\Thermal_30_CSV.csv,"(640, 480)",
Rat16,Rat16\Thermal Imaging\Thermal_31.jpg,..\Data For Segmentation\Rat16\Thermal Imaging\Thermal_31.jpg,Thermal_31.jpg,480,640,..\Data For Segmentation\Rat16\Mask\Thermal_31.png,480,640,..\Data For Segmentation\Rat16\CSV\Thermal_31_CSV.csv,"(640, 480)",
Rat16,Rat16\Thermal Imaging\Thermal_32.jpg,..\Data For Segmentation\Rat16\Thermal Imaging\Thermal_32.jpg,Thermal_32.jpg,480,640,..\Data For Segmentation\Rat16\Mask\Thermal_32.png,480,640,..\Data For Segmentation\Rat16\CSV\Thermal_32_CSV.csv,"(640, 480)",
Rat16,Rat16\Thermal Imaging\Thermal_33.jpg,..\Data For Segmentation\Rat16\Thermal Imaging\Thermal_33.jpg,Thermal_33.jpg,480,640,..\Data For Segmentation\Rat16\Mask\Thermal_33.png,480,640,..\Data For Segmentation\Rat16\CSV\Thermal_33_CSV.csv,"(640, 480)",
Rat16,Rat16\Thermal Imaging\Thermal_35.jpg,..\Data For Segmentation\Rat16\Thermal Imaging\Thermal_35.jpg,Thermal_35.jpg,480,640,..\Data For Segmentation\Rat16\Mask\Thermal_35.png,480,640,..\Data For Segmentation\Rat16\CSV\Thermal_35_CSV.csv,"(640, 480)",
Rat16,Rat16\Thermal Imaging\Thermal_36.jpg,..\Data For Segmentation\Rat16\Thermal Imaging\Thermal_36.jpg,Thermal_36.jpg,480,640,..\Data For Segmentation\Rat16\Mask\Thermal_36.png,480,640,..\Data For Segmentation\Rat16\CSV\Thermal_36_CSV.csv,"(640, 480)",
Rat16,Rat16\Thermal Imaging\Thermal_37.jpg,..\Data For Segmentation\Rat16\Thermal Imaging\Thermal_37.jpg,Thermal_37.jpg,480,640,..\Data For Segmentation\Rat16\Mask\Thermal_37.png,480,640,..\Data For Segmentation\Rat16\CSV\Thermal_37_CSV.csv,"(640, 480)",
Rat16,Rat16\Thermal Imaging\Thermal_38.jpg,..\Data For Segmentation\Rat16\Thermal Imaging\Thermal_38.jpg,Thermal_38.jpg,480,640,..\Data For Segmentation\Rat16\Mask\Thermal_38.png,480,640,..\Data For Segmentation\Rat16\CSV\Thermal_38_CSV.csv,"(640, 480)",
Rat16,Rat16\Thermal Imaging\Thermal_39.jpg,..\Data For Segmentation\Rat16\Thermal Imaging\Thermal_39.jpg,Thermal_39.jpg,480,640,..\Data For Segmentation\Rat16\Mask\Thermal_39.png,480,640,..\Data For Segmentation\Rat16\CSV\Thermal_39_CSV.csv,"(640, 480)",
Rat16,Rat16\Thermal Imaging\Thermal_4.png,..\Data For Segmentation\Rat16\Thermal Imaging\Thermal_4.png,Thermal_4.png,480,640,..\Data For Segmentation\Rat16\Mask\Thermal_4.png,480,640,..\Data For Segmentation\Rat16\CSV\Thermal_4_CSV.csv,"(640, 480)",
Rat16,Rat16\Thermal Imaging\Thermal_40.jpg,..\Data For Segmentation\Rat16\Thermal Imaging\Thermal_40.jpg,Thermal_40.jpg,480,640,..\Data For Segmentation\Rat16\Mask\Thermal_40.png,480,640,..\Data For Segmentation\Rat16\CSV\Thermal_40_CSV.csv,"(640, 480)",
Rat16,Rat16\Thermal Imaging\Thermal_42.jpg,..\Data For Segmentation\Rat16\Thermal Imaging\Thermal_42.jpg,Thermal_42.jpg,480,640,..\Data For Segmentation\Rat16\Mask\Thermal_42.png,480,640,..\Data For Segmentation\Rat16\CSV\Thermal_42_CSV.csv,"(640, 480)",
Rat16,Rat16\Thermal Imaging\Thermal_43.jpg,..\Data For Segmentation\Rat16\Thermal Imaging\Thermal_43.jpg,Thermal_43.jpg,480,640,..\Data For Segmentation\Rat16\Mask\Thermal_43.png,480,640,..\Data For Segmentation\Rat16\CSV\Thermal_43_CSV.csv,"(640, 480)",
Rat16,Rat16\Thermal Imaging\Thermal_44.jpg,..\Data For Segmentation\Rat16\Thermal Imaging\Thermal_44.jpg,Thermal_44.jpg,480,640,..\Data For Segmentation\Rat16\Mask\Thermal_44.png,480,640,..\Data For Segmentation\Rat16\CSV\Thermal_44_CSV.csv,"(640, 480)",
Rat16,Rat16\Thermal Imaging\Thermal_45.jpg,..\Data For Segmentation\Rat16\Thermal Imaging\Thermal_45.jpg,Thermal_45.jpg,480,640,..\Data For Segmentation\Rat16\Mask\Thermal_45.png,480,640,..\Data For Segmentation\Rat16\CSV\Thermal_45_CSV.csv,"(640, 480)",
Rat16,Rat16\Thermal Imaging\Thermal_46.jpg,..\Data For Segmentation\Rat16\Thermal Imaging\Thermal_46.jpg,Thermal_46.jpg,480,640,..\Data For Segmentation\Rat16\Mask\Thermal_46.png,480,640,..\Data For Segmentation\Rat16\CSV\Thermal_46_CSV.csv,"(640, 480)",
Rat16,Rat16\Thermal Imaging\Thermal_47.jpg,..\Data For Segmentation\Rat16\Thermal Imaging\Thermal_47.jpg,Thermal_47.jpg,480,640,..\Data For Segmentation\Rat16\Mask\Thermal_47.png,480,640,..\Data For Segmentation\Rat16\CSV\Thermal_47_CSV.csv,"(640, 480)",
Rat16,Rat16\Thermal Imaging\Thermal_48.jpg,..\Data For Segmentation\Rat16\Thermal Imaging\Thermal_48.jpg,Thermal_48.jpg,480,640,..\Data For Segmentation\Rat16\Mask\Thermal_48.png,480,640,..\Data For Segmentation\Rat16\CSV\Thermal_48_CSV.csv,"(640, 480)",
Rat16,Rat16\Thermal Imaging\Thermal_49.jpg,..\Data For Segmentation\Rat16\Thermal Imaging\Thermal_49.jpg,Thermal_49.jpg,480,640,..\Data For Segmentation\Rat16\Mask\Thermal_49.png,480,640,..\Data For Segmentation\Rat16\CSV\Thermal_49_CSV.csv,"(640, 480)",
Rat16,Rat16\Thermal Imaging\Thermal_5.png,..\Data For Segmentation\Rat16\Thermal Imaging\Thermal_5.png,Thermal_5.png,480,640,..\Data For Segmentation\Rat16\Mask\Thermal_5.png,480,640,..\Data For Segmentation\Rat16\CSV\Thermal_5_CSV.csv,"(640, 480)",
Rat16,Rat16\Thermal Imaging\Thermal_50.jpg,..\Data For Segmentation\Rat16\Thermal Imaging\Thermal_50.jpg,Thermal_50.jpg,480,640,..\Data For Segmentation\Rat16\Mask\Thermal_50.png,480,640,..\Data For Segmentation\Rat16\CSV\Thermal_50_CSV.csv,"(640, 480)",
Rat16,Rat16\Thermal Imaging\Thermal_51.jpg,..\Data For Segmentation\Rat16\Thermal Imaging\Thermal_51.jpg,Thermal_51.jpg,480,640,..\Data For Segmentation\Rat16\Mask\Thermal_51.png,480,640,..\Data For Segmentation\Rat16\CSV\Thermal_51_CSV.csv,"(640, 480)",
Rat16,Rat16\Thermal Imaging\Thermal_52.jpg,..\Data For Segmentation\Rat16\Thermal Imaging\Thermal_52.jpg,Thermal_52.jpg,480,640,..\Data For Segmentation\Rat16\Mask\Thermal_52.png,480,640,..\Data For Segmentation\Rat16\CSV\Thermal_52_CSV.csv,"(640, 480)",
Rat16,Rat16\Thermal Imaging\Thermal_53.jpg,..\Data For Segmentation\Rat16\Thermal Imaging\Thermal_53.jpg,Thermal_53.jpg,480,640,..\Data For Segmentation\Rat16\Mask\Thermal_53.png,480,640,..\Data For Segmentation\Rat16\CSV\Thermal_53_CSV.csv,"(640, 480)",
Rat16,Rat16\Thermal Imaging\Thermal_54.jpg,..\Data For Segmentation\Rat16\Thermal Imaging\Thermal_54.jpg,Thermal_54.jpg,480,640,..\Data For Segmentation\Rat16\Mask\Thermal_54.png,480,640,..\Data For Segmentation\Rat16\CSV\Thermal_54_CSV.csv,"(640, 480)",
Rat16,Rat16\Thermal Imaging\Thermal_55.jpg,..\Data For Segmentation\Rat16\Thermal Imaging\Thermal_55.jpg,Thermal_55.jpg,480,640,..\Data For Segmentation\Rat16\Mask\Thermal_55.png,480,640,..\Data For Segmentation\Rat16\CSV\Thermal_55_CSV.csv,"(640, 480)",
Rat16,Rat16\Thermal Imaging\Thermal_56.jpg,..\Data For Segmentation\Rat16\Thermal Imaging\Thermal_56.jpg,Thermal_56.jpg,480,640,..\Data For Segmentation\Rat16\Mask\Thermal_56.png,480,640,..\Data For Segmentation\Rat16\CSV\Thermal_56_CSV.csv,"(640, 480)",
Rat16,Rat16\Thermal Imaging\Thermal_57.jpg,..\Data For Segmentation\Rat16\Thermal Imaging\Thermal_57.jpg,Thermal_57.jpg,480,640,..\Data For Segmentation\Rat16\Mask\Thermal_57.png,480,640,..\Data For Segmentation\Rat16\CSV\Thermal_57_CSV.csv,"(640, 480)",
Rat16,Rat16\Thermal Imaging\Thermal_58.jpg,..\Data For Segmentation\Rat16\Thermal Imaging\Thermal_58.jpg,Thermal_58.jpg,480,640,..\Data For Segmentation\Rat16\Mask\Thermal_58.png,480,640,..\Data For Segmentation\Rat16\CSV\Thermal_58_CSV.csv,"(640, 480)",
Rat16,Rat16\Thermal Imaging\Thermal_59.jpg,..\Data For Segmentation\Rat16\Thermal Imaging\Thermal_59.jpg,Thermal_59.jpg,480,640,..\Data For Segmentation\Rat16\Mask\Thermal_59.png,480,640,..\Data For Segmentation\Rat16\CSV\Thermal_59_CSV.csv,"(640, 480)",
Rat16,Rat16\Thermal Imaging\Thermal_6.png,..\Data For Segmentation\Rat16\Thermal Imaging\Thermal_6.png,Thermal_6.png,480,640,..\Data For Segmentation\Rat16\Mask\Thermal_6.png,480,640,..\Data For Segmentation\Rat16\CSV\Thermal_6_CSV.csv,"(640, 480)",
Rat16,Rat16\Thermal Imaging\Thermal_60.jpg,..\Data For Segmentation\Rat16\Thermal Imaging\Thermal_60.jpg,Thermal_60.jpg,480,640,..\Data For Segmentation\Rat16\Mask\Thermal_60.png,480,640,..\Data For Segmentation\Rat16\CSV\Thermal_60_CSV.csv,"(640, 480)",
Rat16,Rat16\Thermal Imaging\Thermal_61.jpg,..\Data For Segmentation\Rat16\Thermal Imaging\Thermal_61.jpg,Thermal_61.jpg,480,640,..\Data For Segmentation\Rat16\Mask\Thermal_61.png,480,640,..\Data For Segmentation\Rat16\CSV\Thermal_61_CSV.csv,"(640, 480)",
Rat16,Rat16\Thermal Imaging\Thermal_62.jpg,..\Data For Segmentation\Rat16\Thermal Imaging\Thermal_62.jpg,Thermal_62.jpg,480,640,..\Data For Segmentation\Rat16\Mask\Thermal_62.png,480,640,..\Data For Segmentation\Rat16\CSV\Thermal_62_CSV.csv,"(640, 480)",
Rat16,Rat16\Thermal Imaging\Thermal_63.jpg,..\Data For Segmentation\Rat16\Thermal Imaging\Thermal_63.jpg,Thermal_63.jpg,480,640,..\Data For Segmentation\Rat16\Mask\Thermal_63.png,480,640,..\Data For Segmentation\Rat16\CSV\Thermal_63_CSV.csv,"(640, 480)",
Rat16,Rat16\Thermal Imaging\Thermal_64.jpg,..\Data For Segmentation\Rat16\Thermal Imaging\Thermal_64.jpg,Thermal_64.jpg,480,640,..\Data For Segmentation\Rat16\Mask\Thermal_64.png,480,640,..\Data For Segmentation\Rat16\CSV\Thermal_64_CSV.csv,"(640, 480)",
Rat16,Rat16\Thermal Imaging\Thermal_65.jpg,..\Data For Segmentation\Rat16\Thermal Imaging\Thermal_65.jpg,Thermal_65.jpg,480,640,..\Data For Segmentation\Rat16\Mask\Thermal_65.png,480,640,..\Data For Segmentation\Rat16\CSV\Thermal_65_CSV.csv,"(640, 480)",
Rat16,Rat16\Thermal Imaging\Thermal_66.jpg,..\Data For Segmentation\Rat16\Thermal Imaging\Thermal_66.jpg,Thermal_66.jpg,480,640,..\Data For Segmentation\Rat16\Mask\Thermal_66.png,480,640,..\Data For Segmentation\Rat16\CSV\Thermal_66_CSV.csv,"(640, 480)",
Rat16,Rat16\Thermal Imaging\Thermal_67.jpg,..\Data For Segmentation\Rat16\Thermal Imaging\Thermal_67.jpg,Thermal_67.jpg,480,640,..\Data For Segmentation\Rat16\Mask\Thermal_67.png,480,640,..\Data For Segmentation\Rat16\CSV\Thermal_67_CSV.csv,"(640, 480)",
Rat16,Rat16\Thermal Imaging\Thermal_68.jpg,..\Data For Segmentation\Rat16\Thermal Imaging\Thermal_68.jpg,Thermal_68.jpg,480,640,..\Data For Segmentation\Rat16\Mask\Thermal_68.png,480,640,..\Data For Segmentation\Rat16\CSV\Thermal_68_CSV.csv,"(640, 480)",
Rat16,Rat16\Thermal Imaging\Thermal_69.jpg,..\Data For Segmentation\Rat16\Thermal Imaging\Thermal_69.jpg,Thermal_69.jpg,480,640,..\Data For Segmentation\Rat16\Mask\Thermal_69.png,480,640,..\Data For Segmentation\Rat16\CSV\Thermal_69_CSV.csv,"(640, 480)",
Rat16,Rat16\Thermal Imaging\Thermal_7.png,..\Data For Segmentation\Rat16\Thermal Imaging\Thermal_7.png,Thermal_7.png,480,640,..\Data For Segmentation\Rat16\Mask\Thermal_7.png,480,640,..\Data For Segmentation\Rat16\CSV\Thermal_7_CSV.csv,"(640, 480)",
Rat16,Rat16\Thermal Imaging\Thermal_70.jpg,..\Data For Segmentation\Rat16\Thermal Imaging\Thermal_70.jpg,Thermal_70.jpg,480,640,..\Data For Segmentation\Rat16\Mask\Thermal_70.png,480,640,..\Data For Segmentation\Rat16\CSV\Thermal_70_CSV.csv,"(640, 480)",
Rat16,Rat16\Thermal Imaging\Thermal_71.jpg,..\Data For Segmentation\Rat16\Thermal Imaging\Thermal_71.jpg,Thermal_71.jpg,480,640,..\Data For Segmentation\Rat16\Mask\Thermal_71.png,480,640,..\Data For Segmentation\Rat16\CSV\Thermal_71_CSV.csv,"(640, 480)",
Rat16,Rat16\Thermal Imaging\Thermal_72.jpg,..\Data For Segmentation\Rat16\Thermal Imaging\Thermal_72.jpg,Thermal_72.jpg,480,640,..\Data For Segmentation\Rat16\Mask\Thermal_72.png,480,640,..\Data For Segmentation\Rat16\CSV\Thermal_72_CSV.csv,"(640, 480)",
Rat16,Rat16\Thermal Imaging\Thermal_73.jpg,..\Data For Segmentation\Rat16\Thermal Imaging\Thermal_73.jpg,Thermal_73.jpg,480,640,..\Data For Segmentation\Rat16\Mask\Thermal_73.png,480,640,..\Data For Segmentation\Rat16\CSV\Thermal_73_CSV.csv,"(640, 480)",
Rat16,Rat16\Thermal Imaging\Thermal_74.jpg,..\Data For Segmentation\Rat16\Thermal Imaging\Thermal_74.jpg,Thermal_74.jpg,480,640,..\Data For Segmentation\Rat16\Mask\Thermal_74.png,480,640,..\Data For Segmentation\Rat16\CSV\Thermal_74_CSV.csv,"(640, 480)",
Rat16,Rat16\Thermal Imaging\Thermal_75.jpg,..\Data For Segmentation\Rat16\Thermal Imaging\Thermal_75.jpg,Thermal_75.jpg,480,640,..\Data For Segmentation\Rat16\Mask\Thermal_75.png,480,640,..\Data For Segmentation\Rat16\CSV\Thermal_75_CSV.csv,"(640, 480)",
Rat16,Rat16\Thermal Imaging\Thermal_76.jpg,..\Data For Segmentation\Rat16\Thermal Imaging\Thermal_76.jpg,Thermal_76.jpg,480,640,..\Data For Segmentation\Rat16\Mask\Thermal_76.png,480,640,..\Data For Segmentation\Rat16\CSV\Thermal_76_CSV.csv,"(640, 480)",
Rat16,Rat16\Thermal Imaging\Thermal_77.jpg,..\Data For Segmentation\Rat16\Thermal Imaging\Thermal_77.jpg,Thermal_77.jpg,480,640,..\Data For Segmentation\Rat16\Mask\Thermal_77.png,480,640,..\Data For Segmentation\Rat16\CSV\Thermal_77_CSV.csv,"(640, 480)",
Rat16,Rat16\Thermal Imaging\Thermal_78.jpg,..\Data For Segmentation\Rat16\Thermal Imaging\Thermal_78.jpg,Thermal_78.jpg,480,640,..\Data For Segmentation\Rat16\Mask\Thermal_78.png,480,640,..\Data For Segmentation\Rat16\CSV\Thermal_78_CSV.csv,"(640, 480)",
Rat16,Rat16\Thermal Imaging\Thermal_79.jpg,..\Data For Segmentation\Rat16\Thermal Imaging\Thermal_79.jpg,Thermal_79.jpg,480,640,..\Data For Segmentation\Rat16\Mask\Thermal_79.png,480,640,..\Data For Segmentation\Rat16\CSV\Thermal_79_CSV.csv,"(640, 480)",
Rat16,Rat16\Thermal Imaging\Thermal_8.png,..\Data For Segmentation\Rat16\Thermal Imaging\Thermal_8.png,Thermal_8.png,480,640,..\Data For Segmentation\Rat16\Mask\Thermal_8.png,480,640,..\Data For Segmentation\Rat16\CSV\Thermal_8_CSV.csv,"(640, 480)",
Rat16,Rat16\Thermal Imaging\Thermal_80.jpg,..\Data For Segmentation\Rat16\Thermal Imaging\Thermal_80.jpg,Thermal_80.jpg,480,640,..\Data For Segmentation\Rat16\Mask\Thermal_80.png,480,640,..\Data For Segmentation\Rat16\CSV\Thermal_80_CSV.csv,"(640, 480)",
Rat16,Rat16\Thermal Imaging\Thermal_81.jpg,..\Data For Segmentation\Rat16\Thermal Imaging\Thermal_81.jpg,Thermal_81.jpg,480,640,..\Data For Segmentation\Rat16\Mask\Thermal_81.png,480,640,..\Data For Segmentation\Rat16\CSV\Thermal_81_CSV.csv,"(640, 480)",
Rat16,Rat16\Thermal Imaging\Thermal_82.jpg,..\Data For Segmentation\Rat16\Thermal Imaging\Thermal_82.jpg,Thermal_82.jpg,480,640,..\Data For Segmentation\Rat16\Mask\Thermal_82.png,480,640,..\Data For Segmentation\Rat16\CSV\Thermal_82_CSV.csv,"(640, 480)",
Rat16,Rat16\Thermal Imaging\Thermal_83.jpg,..\Data For Segmentation\Rat16\Thermal Imaging\Thermal_83.jpg,Thermal_83.jpg,480,640,..\Data For Segmentation\Rat16\Mask\Thermal_83.png,480,640,..\Data For Segmentation\Rat16\CSV\Thermal_83_CSV.csv,"(640, 480)",
Rat16,Rat16\Thermal Imaging\Thermal_84.jpg,..\Data For Segmentation\Rat16\Thermal Imaging\Thermal_84.jpg,Thermal_84.jpg,480,640,..\Data For Segmentation\Rat16\Mask\Thermal_84.png,480,640,..\Data For Segmentation\Rat16\CSV\Thermal_84_CSV.csv,"(640, 480)",
Rat16,Rat16\Thermal Imaging\Thermal_85.jpg,..\Data For Segmentation\Rat16\Thermal Imaging\Thermal_85.jpg,Thermal_85.jpg,480,640,..\Data For Segmentation\Rat16\Mask\Thermal_85.png,480,640,..\Data For Segmentation\Rat16\CSV\Thermal_85_CSV.csv,"(640, 480)",
Rat16,Rat16\Thermal Imaging\Thermal_86.jpg,..\Data For Segmentation\Rat16\Thermal Imaging\Thermal_86.jpg,Thermal_86.jpg,480,640,..\Data For Segmentation\Rat16\Mask\Thermal_86.png,480,640,..\Data For Segmentation\Rat16\CSV\Thermal_86_CSV.csv,"(640, 480)",
Rat16,Rat16\Thermal Imaging\Thermal_9.png,..\Data For Segmentation\Rat16\Thermal Imaging\Thermal_9.png,Thermal_9.png,480,640,..\Data For Segmentation\Rat16\Mask\Thermal_9.png,480,640,..\Data For Segmentation\Rat16\CSV\Thermal_9_CSV.csv,"(640, 480)",
Rat16,Rat16\Thermal Imaging\Thermal_92.jpg,..\Data For Segmentation\Rat16\Thermal Imaging\Thermal_92.jpg,Thermal_92.jpg,480,640,..\Data For Segmentation\Rat16\Mask\Thermal_92.png,480,640,..\Data For Segmentation\Rat16\CSV\Thermal_92_CSV.csv,"(640, 480)",
Rat16,Rat16\Thermal Imaging\Thermal_93.jpg,..\Data For Segmentation\Rat16\Thermal Imaging\Thermal_93.jpg,Thermal_93.jpg,480,640,..\Data For Segmentation\Rat16\Mask\Thermal_93.png,480,640,..\Data For Segmentation\Rat16\CSV\Thermal_93_CSV.csv,"(640, 480)",
Rat16,Rat16\Thermal Imaging\Thermal_94.jpg,..\Data For Segmentation\Rat16\Thermal Imaging\Thermal_94.jpg,Thermal_94.jpg,480,640,..\Data For Segmentation\Rat16\Mask\Thermal_94.png,480,640,..\Data For Segmentation\Rat16\CSV\Thermal_94_CSV.csv,"(640, 480)",
Rat16,Rat16\Thermal Imaging\Thermal_95.jpg,..\Data For Segmentation\Rat16\Thermal Imaging\Thermal_95.jpg,Thermal_95.jpg,480,640,..\Data For Segmentation\Rat16\Mask\Thermal_95.png,480,640,..\Data For Segmentation\Rat16\CSV\Thermal_95_CSV.csv,"(640, 480)",
Rat16,Rat16\Thermal Imaging\Thermal_96.jpg,..\Data For Segmentation\Rat16\Thermal Imaging\Thermal_96.jpg,Thermal_96.jpg,480,640,..\Data For Segmentation\Rat16\Mask\Thermal_96.png,480,640,..\Data For Segmentation\Rat16\CSV\Thermal_96_CSV.csv,"(640, 480)",
Rat16,Rat16\Thermal Imaging\Thermal_97.jpg,..\Data For Segmentation\Rat16\Thermal Imaging\Thermal_97.jpg,Thermal_97.jpg,480,640,..\Data For Segmentation\Rat16\Mask\Thermal_97.png,480,640,..\Data For Segmentation\Rat16\CSV\Thermal_97_CSV.csv,"(640, 480)",
Rat16,Rat16\Thermal Imaging\Thermal_98.jpg,..\Data For Segmentation\Rat16\Thermal Imaging\Thermal_98.jpg,Thermal_98.jpg,480,640,..\Data For Segmentation\Rat16\Mask\Thermal_98.png,480,640,..\Data For Segmentation\Rat16\CSV\Thermal_98_CSV.csv,"(640, 480)",
Rat16,Rat16\Thermal Imaging\Thermal_99.jpg,..\Data For Segmentation\Rat16\Thermal Imaging\Thermal_99.jpg,Thermal_99.jpg,480,640,..\Data For Segmentation\Rat16\Mask\Thermal_99.png,480,640,..\Data For Segmentation\Rat16\CSV\Thermal_99_CSV.csv,"(640, 480)",
Rat17,Rat17\Thermal Imaging\Thermal_1.png,..\Data For Segmentation\Rat17\Thermal Imaging\Thermal_1.png,Thermal_1.png,480,640,..\Data For Segmentation\Rat17\Mask\Thermal_1.png,480,640,..\Data For Segmentation\Rat17\CSV\Thermal_1_CSV.csv,"(640, 480)",
Rat17,Rat17\Thermal Imaging\Thermal_10.png,..\Data For Segmentation\Rat17\Thermal Imaging\Thermal_10.png,Thermal_10.png,480,640,..\Data For Segmentation\Rat17\Mask\Thermal_10.png,480,640,..\Data For Segmentation\Rat17\CSV\Thermal_10_CSV.csv,"(640, 480)",
Rat17,Rat17\Thermal Imaging\Thermal_100.jpg,..\Data For Segmentation\Rat17\Thermal Imaging\Thermal_100.jpg,Thermal_100.jpg,480,640,..\Data For Segmentation\Rat17\Mask\Thermal_100.png,480,640,..\Data For Segmentation\Rat17\CSV\Thermal_100_CSV.csv,"(640, 480)",
Rat17,Rat17\Thermal Imaging\Thermal_101.jpg,..\Data For Segmentation\Rat17\Thermal Imaging\Thermal_101.jpg,Thermal_101.jpg,480,640,..\Data For Segmentation\Rat17\Mask\Thermal_101.png,480,640,..\Data For Segmentation\Rat17\CSV\Thermal_101_CSV.csv,"(640, 480)",
Rat17,Rat17\Thermal Imaging\Thermal_102.jpg,..\Data For Segmentation\Rat17\Thermal Imaging\Thermal_102.jpg,Thermal_102.jpg,480,640,..\Data For Segmentation\Rat17\Mask\Thermal_102.png,480,640,..\Data For Segmentation\Rat17\CSV\Thermal_102_CSV.csv,"(640, 480)",
Rat17,Rat17\Thermal Imaging\Thermal_103.jpg,..\Data For Segmentation\Rat17\Thermal Imaging\Thermal_103.jpg,Thermal_103.jpg,480,640,..\Data For Segmentation\Rat17\Mask\Thermal_103.png,480,640,..\Data For Segmentation\Rat17\CSV\Thermal_103_CSV.csv,"(640, 480)",
Rat17,Rat17\Thermal Imaging\Thermal_104.jpg,..\Data For Segmentation\Rat17\Thermal Imaging\Thermal_104.jpg,Thermal_104.jpg,480,640,..\Data For Segmentation\Rat17\Mask\Thermal_104.png,480,640,..\Data For Segmentation\Rat17\CSV\Thermal_104_CSV.csv,"(640, 480)",
Rat17,Rat17\Thermal Imaging\Thermal_105.jpg,..\Data For Segmentation\Rat17\Thermal Imaging\Thermal_105.jpg,Thermal_105.jpg,480,640,..\Data For Segmentation\Rat17\Mask\Thermal_105.png,480,640,..\Data For Segmentation\Rat17\CSV\Thermal_105_CSV.csv,"(640, 480)",
Rat17,Rat17\Thermal Imaging\Thermal_106.jpg,..\Data For Segmentation\Rat17\Thermal Imaging\Thermal_106.jpg,Thermal_106.jpg,480,640,..\Data For Segmentation\Rat17\Mask\Thermal_106.png,480,640,..\Data For Segmentation\Rat17\CSV\Thermal_106_CSV.csv,"(640, 480)",
Rat17,Rat17\Thermal Imaging\Thermal_107.jpg,..\Data For Segmentation\Rat17\Thermal Imaging\Thermal_107.jpg,Thermal_107.jpg,480,640,..\Data For Segmentation\Rat17\Mask\Thermal_107.png,480,640,..\Data For Segmentation\Rat17\CSV\Thermal_107_CSV.csv,"(640, 480)",
Rat17,Rat17\Thermal Imaging\Thermal_108.jpg,..\Data For Segmentation\Rat17\Thermal Imaging\Thermal_108.jpg,Thermal_108.jpg,480,640,..\Data For Segmentation\Rat17\Mask\Thermal_108.png,480,640,..\Data For Segmentation\Rat17\CSV\Thermal_108_CSV.csv,"(640, 480)",
Rat17,Rat17\Thermal Imaging\Thermal_109.jpg,..\Data For Segmentation\Rat17\Thermal Imaging\Thermal_109.jpg,Thermal_109.jpg,480,640,..\Data For Segmentation\Rat17\Mask\Thermal_109.png,480,640,..\Data For Segmentation\Rat17\CSV\Thermal_109_CSV.csv,"(640, 480)",
Rat17,Rat17\Thermal Imaging\Thermal_11.png,..\Data For Segmentation\Rat17\Thermal Imaging\Thermal_11.png,Thermal_11.png,480,640,..\Data For Segmentation\Rat17\Mask\Thermal_11.png,480,640,..\Data For Segmentation\Rat17\CSV\Thermal_11_CSV.csv,"(640, 480)",
Rat17,Rat17\Thermal Imaging\Thermal_110.jpg,..\Data For Segmentation\Rat17\Thermal Imaging\Thermal_110.jpg,Thermal_110.jpg,480,640,..\Data For Segmentation\Rat17\Mask\Thermal_110.png,480,640,..\Data For Segmentation\Rat17\CSV\Thermal_110_CSV.csv,"(640, 480)",
Rat17,Rat17\Thermal Imaging\Thermal_111.jpg,..\Data For Segmentation\Rat17\Thermal Imaging\Thermal_111.jpg,Thermal_111.jpg,480,640,..\Data For Segmentation\Rat17\Mask\Thermal_111.png,480,640,..\Data For Segmentation\Rat17\CSV\Thermal_111_CSV.csv,"(640, 480)",
Rat17,Rat17\Thermal Imaging\Thermal_112.jpg,..\Data For Segmentation\Rat17\Thermal Imaging\Thermal_112.jpg,Thermal_112.jpg,480,640,..\Data For Segmentation\Rat17\Mask\Thermal_112.png,480,640,..\Data For Segmentation\Rat17\CSV\Thermal_112_CSV.csv,"(640, 480)",
Rat17,Rat17\Thermal Imaging\Thermal_113.jpg,..\Data For Segmentation\Rat17\Thermal Imaging\Thermal_113.jpg,Thermal_113.jpg,480,640,..\Data For Segmentation\Rat17\Mask\Thermal_113.png,480,640,..\Data For Segmentation\Rat17\CSV\Thermal_113_CSV.csv,"(640, 480)",
Rat17,Rat17\Thermal Imaging\Thermal_114.jpg,..\Data For Segmentation\Rat17\Thermal Imaging\Thermal_114.jpg,Thermal_114.jpg,480,640,..\Data For Segmentation\Rat17\Mask\Thermal_114.png,480,640,..\Data For Segmentation\Rat17\CSV\Thermal_114_CSV.csv,"(640, 480)",
Rat17,Rat17\Thermal Imaging\Thermal_115.jpg,..\Data For Segmentation\Rat17\Thermal Imaging\Thermal_115.jpg,Thermal_115.jpg,480,640,..\Data For Segmentation\Rat17\Mask\Thermal_115.png,480,640,..\Data For Segmentation\Rat17\CSV\Thermal_115_CSV.csv,"(640, 480)",
Rat17,Rat17\Thermal Imaging\Thermal_116.jpg,..\Data For Segmentation\Rat17\Thermal Imaging\Thermal_116.jpg,Thermal_116.jpg,480,640,..\Data For Segmentation\Rat17\Mask\Thermal_116.png,480,640,..\Data For Segmentation\Rat17\CSV\Thermal_116_CSV.csv,"(640, 480)",
Rat17,Rat17\Thermal Imaging\Thermal_117.jpg,..\Data For Segmentation\Rat17\Thermal Imaging\Thermal_117.jpg,Thermal_117.jpg,480,640,..\Data For Segmentation\Rat17\Mask\Thermal_117.png,480,640,..\Data For Segmentation\Rat17\CSV\Thermal_117_CSV.csv,"(640, 480)",
Rat17,Rat17\Thermal Imaging\Thermal_118.jpg,..\Data For Segmentation\Rat17\Thermal Imaging\Thermal_118.jpg,Thermal_118.jpg,480,640,..\Data For Segmentation\Rat17\Mask\Thermal_118.png,480,640,..\Data For Segmentation\Rat17\CSV\Thermal_118_CSV.csv,"(640, 480)",
Rat17,Rat17\Thermal Imaging\Thermal_119.jpg,..\Data For Segmentation\Rat17\Thermal Imaging\Thermal_119.jpg,Thermal_119.jpg,480,640,..\Data For Segmentation\Rat17\Mask\Thermal_119.png,480,640,..\Data For Segmentation\Rat17\CSV\Thermal_119_CSV.csv,"(640, 480)",
Rat17,Rat17\Thermal Imaging\Thermal_12.png,..\Data For Segmentation\Rat17\Thermal Imaging\Thermal_12.png,Thermal_12.png,480,640,..\Data For Segmentation\Rat17\Mask\Thermal_12.png,480,640,..\Data For Segmentation\Rat17\CSV\Thermal_12_CSV.csv,"(640, 480)",
Rat17,Rat17\Thermal Imaging\Thermal_120.jpg,..\Data For Segmentation\Rat17\Thermal Imaging\Thermal_120.jpg,Thermal_120.jpg,480,640,..\Data For Segmentation\Rat17\Mask\Thermal_120.png,480,640,..\Data For Segmentation\Rat17\CSV\Thermal_120_CSV.csv,"(640, 480)",
Rat17,Rat17\Thermal Imaging\Thermal_121.jpg,..\Data For Segmentation\Rat17\Thermal Imaging\Thermal_121.jpg,Thermal_121.jpg,480,640,..\Data For Segmentation\Rat17\Mask\Thermal_121.png,480,640,..\Data For Segmentation\Rat17\CSV\Thermal_121_CSV.csv,"(640, 480)",
Rat17,Rat17\Thermal Imaging\Thermal_122.jpg,..\Data For Segmentation\Rat17\Thermal Imaging\Thermal_122.jpg,Thermal_122.jpg,480,640,..\Data For Segmentation\Rat17\Mask\Thermal_122.png,480,640,..\Data For Segmentation\Rat17\CSV\Thermal_122_CSV.csv,"(640, 480)",
Rat17,Rat17\Thermal Imaging\Thermal_123.jpg,..\Data For Segmentation\Rat17\Thermal Imaging\Thermal_123.jpg,Thermal_123.jpg,480,640,..\Data For Segmentation\Rat17\Mask\Thermal_123.png,480,640,..\Data For Segmentation\Rat17\CSV\Thermal_123_CSV.csv,"(640, 480)",
Rat17,Rat17\Thermal Imaging\Thermal_124.jpg,..\Data For Segmentation\Rat17\Thermal Imaging\Thermal_124.jpg,Thermal_124.jpg,480,640,..\Data For Segmentation\Rat17\Mask\Thermal_124.png,480,640,..\Data For Segmentation\Rat17\CSV\Thermal_124_CSV.csv,"(640, 480)",
Rat17,Rat17\Thermal Imaging\Thermal_125.jpg,..\Data For Segmentation\Rat17\Thermal Imaging\Thermal_125.jpg,Thermal_125.jpg,480,640,..\Data For Segmentation\Rat17\Mask\Thermal_125.png,480,640,..\Data For Segmentation\Rat17\CSV\Thermal_125_CSV.csv,"(640, 480)",
Rat17,Rat17\Thermal Imaging\Thermal_14.jpg,..\Data For Segmentation\Rat17\Thermal Imaging\Thermal_14.jpg,Thermal_14.jpg,480,640,..\Data For Segmentation\Rat17\Mask\Thermal_14.png,480,640,..\Data For Segmentation\Rat17\CSV\Thermal_14_CSV.csv,"(640, 480)",
Rat17,Rat17\Thermal Imaging\Thermal_15.jpg,..\Data For Segmentation\Rat17\Thermal Imaging\Thermal_15.jpg,Thermal_15.jpg,480,640,..\Data For Segmentation\Rat17\Mask\Thermal_15.png,480,640,..\Data For Segmentation\Rat17\CSV\Thermal_15_CSV.csv,"(640, 480)",
Rat17,Rat17\Thermal Imaging\Thermal_16.jpg,..\Data For Segmentation\Rat17\Thermal Imaging\Thermal_16.jpg,Thermal_16.jpg,480,640,..\Data For Segmentation\Rat17\Mask\Thermal_16.png,480,640,..\Data For Segmentation\Rat17\CSV\Thermal_16_CSV.csv,"(640, 480)",
Rat17,Rat17\Thermal Imaging\Thermal_17.jpg,..\Data For Segmentation\Rat17\Thermal Imaging\Thermal_17.jpg,Thermal_17.jpg,480,640,..\Data For Segmentation\Rat17\Mask\Thermal_17.png,480,640,..\Data For Segmentation\Rat17\CSV\Thermal_17_CSV.csv,"(640, 480)",
Rat17,Rat17\Thermal Imaging\Thermal_18.jpg,..\Data For Segmentation\Rat17\Thermal Imaging\Thermal_18.jpg,Thermal_18.jpg,480,640,..\Data For Segmentation\Rat17\Mask\Thermal_18.png,480,640,..\Data For Segmentation\Rat17\CSV\Thermal_18_CSV.csv,"(640, 480)",
Rat17,Rat17\Thermal Imaging\Thermal_19.jpg,..\Data For Segmentation\Rat17\Thermal Imaging\Thermal_19.jpg,Thermal_19.jpg,480,640,..\Data For Segmentation\Rat17\Mask\Thermal_19.png,480,640,..\Data For Segmentation\Rat17\CSV\Thermal_19_CSV.csv,"(640, 480)",
Rat17,Rat17\Thermal Imaging\Thermal_2.png,..\Data For Segmentation\Rat17\Thermal Imaging\Thermal_2.png,Thermal_2.png,480,640,..\Data For Segmentation\Rat17\Mask\Thermal_2.png,480,640,..\Data For Segmentation\Rat17\CSV\Thermal_2_CSV.csv,"(640, 480)",
Rat17,Rat17\Thermal Imaging\Thermal_20.jpg,..\Data For Segmentation\Rat17\Thermal Imaging\Thermal_20.jpg,Thermal_20.jpg,480,640,..\Data For Segmentation\Rat17\Mask\Thermal_20.png,480,640,..\Data For Segmentation\Rat17\CSV\Thermal_20_CSV.csv,"(640, 480)",
Rat17,Rat17\Thermal Imaging\Thermal_21.jpg,..\Data For Segmentation\Rat17\Thermal Imaging\Thermal_21.jpg,Thermal_21.jpg,480,640,..\Data For Segmentation\Rat17\Mask\Thermal_21.png,480,640,..\Data For Segmentation\Rat17\CSV\Thermal_21_CSV.csv,"(640, 480)",
Rat17,Rat17\Thermal Imaging\Thermal_22.jpg,..\Data For Segmentation\Rat17\Thermal Imaging\Thermal_22.jpg,Thermal_22.jpg,480,640,..\Data For Segmentation\Rat17\Mask\Thermal_22.png,480,640,..\Data For Segmentation\Rat17\CSV\Thermal_22_CSV.csv,"(640, 480)",
Rat17,Rat17\Thermal Imaging\Thermal_23.jpg,..\Data For Segmentation\Rat17\Thermal Imaging\Thermal_23.jpg,Thermal_23.jpg,480,640,..\Data For Segmentation\Rat17\Mask\Thermal_23.png,480,640,..\Data For Segmentation\Rat17\CSV\Thermal_23_CSV.csv,"(640, 480)",
Rat17,Rat17\Thermal Imaging\Thermal_24.jpg,..\Data For Segmentation\Rat17\Thermal Imaging\Thermal_24.jpg,Thermal_24.jpg,480,640,..\Data For Segmentation\Rat17\Mask\Thermal_24.png,480,640,..\Data For Segmentation\Rat17\CSV\Thermal_24_CSV.csv,"(640, 480)",
Rat17,Rat17\Thermal Imaging\Thermal_25.jpg,..\Data For Segmentation\Rat17\Thermal Imaging\Thermal_25.jpg,Thermal_25.jpg,480,640,..\Data For Segmentation\Rat17\Mask\Thermal_25.png,480,640,..\Data For Segmentation\Rat17\CSV\Thermal_25_CSV.csv,"(640, 480)",
Rat17,Rat17\Thermal Imaging\Thermal_26.jpg,..\Data For Segmentation\Rat17\Thermal Imaging\Thermal_26.jpg,Thermal_26.jpg,480,640,..\Data For Segmentation\Rat17\Mask\Thermal_26.png,480,640,..\Data For Segmentation\Rat17\CSV\Thermal_26_CSV.csv,"(640, 480)",
Rat17,Rat17\Thermal Imaging\Thermal_27.jpg,..\Data For Segmentation\Rat17\Thermal Imaging\Thermal_27.jpg,Thermal_27.jpg,480,640,..\Data For Segmentation\Rat17\Mask\Thermal_27.png,480,640,..\Data For Segmentation\Rat17\CSV\Thermal_27_CSV.csv,"(640, 480)",
Rat17,Rat17\Thermal Imaging\Thermal_28.jpg,..\Data For Segmentation\Rat17\Thermal Imaging\Thermal_28.jpg,Thermal_28.jpg,480,640,..\Data For Segmentation\Rat17\Mask\Thermal_28.png,480,640,..\Data For Segmentation\Rat17\CSV\Thermal_28_CSV.csv,"(640, 480)",
Rat17,Rat17\Thermal Imaging\Thermal_29.jpg,..\Data For Segmentation\Rat17\Thermal Imaging\Thermal_29.jpg,Thermal_29.jpg,480,640,..\Data For Segmentation\Rat17\Mask\Thermal_29.png,480,640,..\Data For Segmentation\Rat17\CSV\Thermal_29_CSV.csv,"(640, 480)",
Rat17,Rat17\Thermal Imaging\Thermal_3.png,..\Data For Segmentation\Rat17\Thermal Imaging\Thermal_3.png,Thermal_3.png,480,640,..\Data For Segmentation\Rat17\Mask\Thermal_3.png,480,640,..\Data For Segmentation\Rat17\CSV\Thermal_3_CSV.csv,"(640, 480)",
Rat17,Rat17\Thermal Imaging\Thermal_30.jpg,..\Data For Segmentation\Rat17\Thermal Imaging\Thermal_30.jpg,Thermal_30.jpg,480,640,..\Data For Segmentation\Rat17\Mask\Thermal_30.png,480,640,..\Data For Segmentation\Rat17\CSV\Thermal_30_CSV.csv,"(640, 480)",
Rat17,Rat17\Thermal Imaging\Thermal_31.jpg,..\Data For Segmentation\Rat17\Thermal Imaging\Thermal_31.jpg,Thermal_31.jpg,480,640,..\Data For Segmentation\Rat17\Mask\Thermal_31.png,480,640,..\Data For Segmentation\Rat17\CSV\Thermal_31_CSV.csv,"(640, 480)",
Rat17,Rat17\Thermal Imaging\Thermal_32.jpg,..\Data For Segmentation\Rat17\Thermal Imaging\Thermal_32.jpg,Thermal_32.jpg,480,640,..\Data For Segmentation\Rat17\Mask\Thermal_32.png,480,640,..\Data For Segmentation\Rat17\CSV\Thermal_32_CSV.csv,"(640, 480)",
Rat17,Rat17\Thermal Imaging\Thermal_33.jpg,..\Data For Segmentation\Rat17\Thermal Imaging\Thermal_33.jpg,Thermal_33.jpg,480,640,..\Data For Segmentation\Rat17\Mask\Thermal_33.png,480,640,..\Data For Segmentation\Rat17\CSV\Thermal_33_CSV.csv,"(640, 480)",
Rat17,Rat17\Thermal Imaging\Thermal_34.jpg,..\Data For Segmentation\Rat17\Thermal Imaging\Thermal_34.jpg,Thermal_34.jpg,480,640,..\Data For Segmentation\Rat17\Mask\Thermal_34.png,480,640,..\Data For Segmentation\Rat17\CSV\Thermal_34_CSV.csv,"(640, 480)",
Rat17,Rat17\Thermal Imaging\Thermal_35.jpg,..\Data For Segmentation\Rat17\Thermal Imaging\Thermal_35.jpg,Thermal_35.jpg,480,640,..\Data For Segmentation\Rat17\Mask\Thermal_35.png,480,640,..\Data For Segmentation\Rat17\CSV\Thermal_35_CSV.csv,"(640, 480)",
Rat17,Rat17\Thermal Imaging\Thermal_36.jpg,..\Data For Segmentation\Rat17\Thermal Imaging\Thermal_36.jpg,Thermal_36.jpg,480,640,..\Data For Segmentation\Rat17\Mask\Thermal_36.png,480,640,..\Data For Segmentation\Rat17\CSV\Thermal_36_CSV.csv,"(640, 480)",
Rat17,Rat17\Thermal Imaging\Thermal_37.jpg,..\Data For Segmentation\Rat17\Thermal Imaging\Thermal_37.jpg,Thermal_37.jpg,480,640,..\Data For Segmentation\Rat17\Mask\Thermal_37.png,480,640,..\Data For Segmentation\Rat17\CSV\Thermal_37_CSV.csv,"(640, 480)",
Rat17,Rat17\Thermal Imaging\Thermal_38.jpg,..\Data For Segmentation\Rat17\Thermal Imaging\Thermal_38.jpg,Thermal_38.jpg,480,640,..\Data For Segmentation\Rat17\Mask\Thermal_38.png,480,640,..\Data For Segmentation\Rat17\CSV\Thermal_38_CSV.csv,"(640, 480)",
Rat17,Rat17\Thermal Imaging\Thermal_39.jpg,..\Data For Segmentation\Rat17\Thermal Imaging\Thermal_39.jpg,Thermal_39.jpg,480,640,..\Data For Segmentation\Rat17\Mask\Thermal_39.png,480,640,..\Data For Segmentation\Rat17\CSV\Thermal_39_CSV.csv,"(640, 480)",
Rat17,Rat17\Thermal Imaging\Thermal_4.png,..\Data For Segmentation\Rat17\Thermal Imaging\Thermal_4.png,Thermal_4.png,480,640,..\Data For Segmentation\Rat17\Mask\Thermal_4.png,480,640,..\Data For Segmentation\Rat17\CSV\Thermal_4_CSV.csv,"(640, 480)",
Rat17,Rat17\Thermal Imaging\Thermal_40.jpg,..\Data For Segmentation\Rat17\Thermal Imaging\Thermal_40.jpg,Thermal_40.jpg,480,640,..\Data For Segmentation\Rat17\Mask\Thermal_40.png,480,640,..\Data For Segmentation\Rat17\CSV\Thermal_40_CSV.csv,"(640, 480)",
Rat17,Rat17\Thermal Imaging\Thermal_41.jpg,..\Data For Segmentation\Rat17\Thermal Imaging\Thermal_41.jpg,Thermal_41.jpg,480,640,..\Data For Segmentation\Rat17\Mask\Thermal_41.png,480,640,..\Data For Segmentation\Rat17\CSV\Thermal_41_CSV.csv,"(640, 480)",
Rat17,Rat17\Thermal Imaging\Thermal_42.jpg,..\Data For Segmentation\Rat17\Thermal Imaging\Thermal_42.jpg,Thermal_42.jpg,480,640,..\Data For Segmentation\Rat17\Mask\Thermal_42.png,480,640,..\Data For Segmentation\Rat17\CSV\Thermal_42_CSV.csv,"(640, 480)",
Rat17,Rat17\Thermal Imaging\Thermal_43.jpg,..\Data For Segmentation\Rat17\Thermal Imaging\Thermal_43.jpg,Thermal_43.jpg,480,640,..\Data For Segmentation\Rat17\Mask\Thermal_43.png,480,640,..\Data For Segmentation\Rat17\CSV\Thermal_43_CSV.csv,"(640, 480)",
Rat17,Rat17\Thermal Imaging\Thermal_44.jpg,..\Data For Segmentation\Rat17\Thermal Imaging\Thermal_44.jpg,Thermal_44.jpg,480,640,..\Data For Segmentation\Rat17\Mask\Thermal_44.png,480,640,..\Data For Segmentation\Rat17\CSV\Thermal_44_CSV.csv,"(640, 480)",
Rat17,Rat17\Thermal Imaging\Thermal_45.jpg,..\Data For Segmentation\Rat17\Thermal Imaging\Thermal_45.jpg,Thermal_45.jpg,480,640,..\Data For Segmentation\Rat17\Mask\Thermal_45.png,480,640,..\Data For Segmentation\Rat17\CSV\Thermal_45_CSV.csv,"(640, 480)",
Rat17,Rat17\Thermal Imaging\Thermal_46.jpg,..\Data For Segmentation\Rat17\Thermal Imaging\Thermal_46.jpg,Thermal_46.jpg,480,640,..\Data For Segmentation\Rat17\Mask\Thermal_46.png,480,640,..\Data For Segmentation\Rat17\CSV\Thermal_46_CSV.csv,"(640, 480)",
Rat17,Rat17\Thermal Imaging\Thermal_47.jpg,..\Data For Segmentation\Rat17\Thermal Imaging\Thermal_47.jpg,Thermal_47.jpg,480,640,..\Data For Segmentation\Rat17\Mask\Thermal_47.png,480,640,..\Data For Segmentation\Rat17\CSV\Thermal_47_CSV.csv,"(640, 480)",
Rat17,Rat17\Thermal Imaging\Thermal_48.jpg,..\Data For Segmentation\Rat17\Thermal Imaging\Thermal_48.jpg,Thermal_48.jpg,480,640,..\Data For Segmentation\Rat17\Mask\Thermal_48.png,480,640,..\Data For Segmentation\Rat17\CSV\Thermal_48_CSV.csv,"(640, 480)",
Rat17,Rat17\Thermal Imaging\Thermal_49.jpg,..\Data For Segmentation\Rat17\Thermal Imaging\Thermal_49.jpg,Thermal_49.jpg,480,640,..\Data For Segmentation\Rat17\Mask\Thermal_49.png,480,640,..\Data For Segmentation\Rat17\CSV\Thermal_49_CSV.csv,"(640, 480)",
Rat17,Rat17\Thermal Imaging\Thermal_5.png,..\Data For Segmentation\Rat17\Thermal Imaging\Thermal_5.png,Thermal_5.png,480,640,..\Data For Segmentation\Rat17\Mask\Thermal_5.png,480,640,..\Data For Segmentation\Rat17\CSV\Thermal_5_CSV.csv,"(640, 480)",
Rat17,Rat17\Thermal Imaging\Thermal_50.jpg,..\Data For Segmentation\Rat17\Thermal Imaging\Thermal_50.jpg,Thermal_50.jpg,480,640,..\Data For Segmentation\Rat17\Mask\Thermal_50.png,480,640,..\Data For Segmentation\Rat17\CSV\Thermal_50_CSV.csv,"(640, 480)",
Rat17,Rat17\Thermal Imaging\Thermal_51.jpg,..\Data For Segmentation\Rat17\Thermal Imaging\Thermal_51.jpg,Thermal_51.jpg,480,640,..\Data For Segmentation\Rat17\Mask\Thermal_51.png,480,640,..\Data For Segmentation\Rat17\CSV\Thermal_51_CSV.csv,"(640, 480)",
Rat17,Rat17\Thermal Imaging\Thermal_52.jpg,..\Data For Segmentation\Rat17\Thermal Imaging\Thermal_52.jpg,Thermal_52.jpg,480,640,..\Data For Segmentation\Rat17\Mask\Thermal_52.png,480,640,..\Data For Segmentation\Rat17\CSV\Thermal_52_CSV.csv,"(640, 480)",
Rat17,Rat17\Thermal Imaging\Thermal_53.jpg,..\Data For Segmentation\Rat17\Thermal Imaging\Thermal_53.jpg,Thermal_53.jpg,480,640,..\Data For Segmentation\Rat17\Mask\Thermal_53.png,480,640,..\Data For Segmentation\Rat17\CSV\Thermal_53_CSV.csv,"(640, 480)",
Rat17,Rat17\Thermal Imaging\Thermal_54.jpg,..\Data For Segmentation\Rat17\Thermal Imaging\Thermal_54.jpg,Thermal_54.jpg,480,640,..\Data For Segmentation\Rat17\Mask\Thermal_54.png,480,640,..\Data For Segmentation\Rat17\CSV\Thermal_54_CSV.csv,"(640, 480)",
Rat17,Rat17\Thermal Imaging\Thermal_55.jpg,..\Data For Segmentation\Rat17\Thermal Imaging\Thermal_55.jpg,Thermal_55.jpg,480,640,..\Data For Segmentation\Rat17\Mask\Thermal_55.png,480,640,..\Data For Segmentation\Rat17\CSV\Thermal_55_CSV.csv,"(640, 480)",
Rat17,Rat17\Thermal Imaging\Thermal_56.jpg,..\Data For Segmentation\Rat17\Thermal Imaging\Thermal_56.jpg,Thermal_56.jpg,480,640,..\Data For Segmentation\Rat17\Mask\Thermal_56.png,480,640,..\Data For Segmentation\Rat17\CSV\Thermal_56_CSV.csv,"(640, 480)",
Rat17,Rat17\Thermal Imaging\Thermal_57.jpg,..\Data For Segmentation\Rat17\Thermal Imaging\Thermal_57.jpg,Thermal_57.jpg,480,640,..\Data For Segmentation\Rat17\Mask\Thermal_57.png,480,640,..\Data For Segmentation\Rat17\CSV\Thermal_57_CSV.csv,"(640, 480)",
Rat17,Rat17\Thermal Imaging\Thermal_58.jpg,..\Data For Segmentation\Rat17\Thermal Imaging\Thermal_58.jpg,Thermal_58.jpg,480,640,..\Data For Segmentation\Rat17\Mask\Thermal_58.png,480,640,..\Data For Segmentation\Rat17\CSV\Thermal_58_CSV.csv,"(640, 480)",
Rat17,Rat17\Thermal Imaging\Thermal_59.jpg,..\Data For Segmentation\Rat17\Thermal Imaging\Thermal_59.jpg,Thermal_59.jpg,480,640,..\Data For Segmentation\Rat17\Mask\Thermal_59.png,480,640,..\Data For Segmentation\Rat17\CSV\Thermal_59_CSV.csv,"(640, 480)",
Rat17,Rat17\Thermal Imaging\Thermal_6.png,..\Data For Segmentation\Rat17\Thermal Imaging\Thermal_6.png,Thermal_6.png,480,640,..\Data For Segmentation\Rat17\Mask\Thermal_6.png,480,640,..\Data For Segmentation\Rat17\CSV\Thermal_6_CSV.csv,"(640, 480)",
Rat17,Rat17\Thermal Imaging\Thermal_60.jpg,..\Data For Segmentation\Rat17\Thermal Imaging\Thermal_60.jpg,Thermal_60.jpg,480,640,..\Data For Segmentation\Rat17\Mask\Thermal_60.png,480,640,..\Data For Segmentation\Rat17\CSV\Thermal_60_CSV.csv,"(640, 480)",
Rat17,Rat17\Thermal Imaging\Thermal_61.jpg,..\Data For Segmentation\Rat17\Thermal Imaging\Thermal_61.jpg,Thermal_61.jpg,480,640,..\Data For Segmentation\Rat17\Mask\Thermal_61.png,480,640,..\Data For Segmentation\Rat17\CSV\Thermal_61_CSV.csv,"(640, 480)",
Rat17,Rat17\Thermal Imaging\Thermal_62.jpg,..\Data For Segmentation\Rat17\Thermal Imaging\Thermal_62.jpg,Thermal_62.jpg,480,640,..\Data For Segmentation\Rat17\Mask\Thermal_62.png,480,640,..\Data For Segmentation\Rat17\CSV\Thermal_62_CSV.csv,"(640, 480)",
Rat17,Rat17\Thermal Imaging\Thermal_63.jpg,..\Data For Segmentation\Rat17\Thermal Imaging\Thermal_63.jpg,Thermal_63.jpg,480,640,..\Data For Segmentation\Rat17\Mask\Thermal_63.png,480,640,..\Data For Segmentation\Rat17\CSV\Thermal_63_CSV.csv,"(640, 480)",
Rat17,Rat17\Thermal Imaging\Thermal_64.jpg,..\Data For Segmentation\Rat17\Thermal Imaging\Thermal_64.jpg,Thermal_64.jpg,480,640,..\Data For Segmentation\Rat17\Mask\Thermal_64.png,480,640,..\Data For Segmentation\Rat17\CSV\Thermal_64_CSV.csv,"(640, 480)",
Rat17,Rat17\Thermal Imaging\Thermal_65.jpg,..\Data For Segmentation\Rat17\Thermal Imaging\Thermal_65.jpg,Thermal_65.jpg,480,640,..\Data For Segmentation\Rat17\Mask\Thermal_65.png,480,640,..\Data For Segmentation\Rat17\CSV\Thermal_65_CSV.csv,"(640, 480)",
Rat17,Rat17\Thermal Imaging\Thermal_66.jpg,..\Data For Segmentation\Rat17\Thermal Imaging\Thermal_66.jpg,Thermal_66.jpg,480,640,..\Data For Segmentation\Rat17\Mask\Thermal_66.png,480,640,..\Data For Segmentation\Rat17\CSV\Thermal_66_CSV.csv,"(640, 480)",
Rat17,Rat17\Thermal Imaging\Thermal_67.jpg,..\Data For Segmentation\Rat17\Thermal Imaging\Thermal_67.jpg,Thermal_67.jpg,480,640,..\Data For Segmentation\Rat17\Mask\Thermal_67.png,480,640,..\Data For Segmentation\Rat17\CSV\Thermal_67_CSV.csv,"(640, 480)",
Rat17,Rat17\Thermal Imaging\Thermal_68.jpg,..\Data For Segmentation\Rat17\Thermal Imaging\Thermal_68.jpg,Thermal_68.jpg,480,640,..\Data For Segmentation\Rat17\Mask\Thermal_68.png,480,640,..\Data For Segmentation\Rat17\CSV\Thermal_68_CSV.csv,"(640, 480)",
Rat17,Rat17\Thermal Imaging\Thermal_69.jpg,..\Data For Segmentation\Rat17\Thermal Imaging\Thermal_69.jpg,Thermal_69.jpg,480,640,..\Data For Segmentation\Rat17\Mask\Thermal_69.png,480,640,..\Data For Segmentation\Rat17\CSV\Thermal_69_CSV.csv,"(640, 480)",
Rat17,Rat17\Thermal Imaging\Thermal_7.png,..\Data For Segmentation\Rat17\Thermal Imaging\Thermal_7.png,Thermal_7.png,480,640,..\Data For Segmentation\Rat17\Mask\Thermal_7.png,480,640,..\Data For Segmentation\Rat17\CSV\Thermal_7_CSV.csv,"(640, 480)",
Rat17,Rat17\Thermal Imaging\Thermal_70.jpg,..\Data For Segmentation\Rat17\Thermal Imaging\Thermal_70.jpg,Thermal_70.jpg,480,640,..\Data For Segmentation\Rat17\Mask\Thermal_70.png,480,640,..\Data For Segmentation\Rat17\CSV\Thermal_70_CSV.csv,"(640, 480)",
Rat17,Rat17\Thermal Imaging\Thermal_71.jpg,..\Data For Segmentation\Rat17\Thermal Imaging\Thermal_71.jpg,Thermal_71.jpg,480,640,..\Data For Segmentation\Rat17\Mask\Thermal_71.png,480,640,..\Data For Segmentation\Rat17\CSV\Thermal_71_CSV.csv,"(640, 480)",
Rat17,Rat17\Thermal Imaging\Thermal_72.jpg,..\Data For Segmentation\Rat17\Thermal Imaging\Thermal_72.jpg,Thermal_72.jpg,480,640,..\Data For Segmentation\Rat17\Mask\Thermal_72.png,480,640,..\Data For Segmentation\Rat17\CSV\Thermal_72_CSV.csv,"(640, 480)",
Rat17,Rat17\Thermal Imaging\Thermal_73.jpg,..\Data For Segmentation\Rat17\Thermal Imaging\Thermal_73.jpg,Thermal_73.jpg,480,640,..\Data For Segmentation\Rat17\Mask\Thermal_73.png,480,640,..\Data For Segmentation\Rat17\CSV\Thermal_73_CSV.csv,"(640, 480)",
Rat17,Rat17\Thermal Imaging\Thermal_74.jpg,..\Data For Segmentation\Rat17\Thermal Imaging\Thermal_74.jpg,Thermal_74.jpg,480,640,..\Data For Segmentation\Rat17\Mask\Thermal_74.png,480,640,..\Data For Segmentation\Rat17\CSV\Thermal_74_CSV.csv,"(640, 480)",
Rat17,Rat17\Thermal Imaging\Thermal_75.jpg,..\Data For Segmentation\Rat17\Thermal Imaging\Thermal_75.jpg,Thermal_75.jpg,480,640,..\Data For Segmentation\Rat17\Mask\Thermal_75.png,480,640,..\Data For Segmentation\Rat17\CSV\Thermal_75_CSV.csv,"(640, 480)",
Rat17,Rat17\Thermal Imaging\Thermal_76.jpg,..\Data For Segmentation\Rat17\Thermal Imaging\Thermal_76.jpg,Thermal_76.jpg,480,640,..\Data For Segmentation\Rat17\Mask\Thermal_76.png,480,640,..\Data For Segmentation\Rat17\CSV\Thermal_76_CSV.csv,"(640, 480)",
Rat17,Rat17\Thermal Imaging\Thermal_77.jpg,..\Data For Segmentation\Rat17\Thermal Imaging\Thermal_77.jpg,Thermal_77.jpg,480,640,..\Data For Segmentation\Rat17\Mask\Thermal_77.png,480,640,..\Data For Segmentation\Rat17\CSV\Thermal_77_CSV.csv,"(640, 480)",
Rat17,Rat17\Thermal Imaging\Thermal_78.jpg,..\Data For Segmentation\Rat17\Thermal Imaging\Thermal_78.jpg,Thermal_78.jpg,480,640,..\Data For Segmentation\Rat17\Mask\Thermal_78.png,480,640,..\Data For Segmentation\Rat17\CSV\Thermal_78_CSV.csv,"(640, 480)",
Rat17,Rat17\Thermal Imaging\Thermal_79.jpg,..\Data For Segmentation\Rat17\Thermal Imaging\Thermal_79.jpg,Thermal_79.jpg,480,640,..\Data For Segmentation\Rat17\Mask\Thermal_79.png,480,640,..\Data For Segmentation\Rat17\CSV\Thermal_79_CSV.csv,"(640, 480)",
Rat17,Rat17\Thermal Imaging\Thermal_8.png,..\Data For Segmentation\Rat17\Thermal Imaging\Thermal_8.png,Thermal_8.png,480,640,..\Data For Segmentation\Rat17\Mask\Thermal_8.png,480,640,..\Data For Segmentation\Rat17\CSV\Thermal_8_CSV.csv,"(640, 480)",
Rat17,Rat17\Thermal Imaging\Thermal_80.jpg,..\Data For Segmentation\Rat17\Thermal Imaging\Thermal_80.jpg,Thermal_80.jpg,480,640,..\Data For Segmentation\Rat17\Mask\Thermal_80.png,480,640,..\Data For Segmentation\Rat17\CSV\Thermal_80_CSV.csv,"(640, 480)",
Rat17,Rat17\Thermal Imaging\Thermal_81.jpg,..\Data For Segmentation\Rat17\Thermal Imaging\Thermal_81.jpg,Thermal_81.jpg,480,640,..\Data For Segmentation\Rat17\Mask\Thermal_81.png,480,640,..\Data For Segmentation\Rat17\CSV\Thermal_81_CSV.csv,"(640, 480)",
Rat17,Rat17\Thermal Imaging\Thermal_82.jpg,..\Data For Segmentation\Rat17\Thermal Imaging\Thermal_82.jpg,Thermal_82.jpg,480,640,..\Data For Segmentation\Rat17\Mask\Thermal_82.png,480,640,..\Data For Segmentation\Rat17\CSV\Thermal_82_CSV.csv,"(640, 480)",
Rat17,Rat17\Thermal Imaging\Thermal_83.jpg,..\Data For Segmentation\Rat17\Thermal Imaging\Thermal_83.jpg,Thermal_83.jpg,480,640,..\Data For Segmentation\Rat17\Mask\Thermal_83.png,480,640,..\Data For Segmentation\Rat17\CSV\Thermal_83_CSV.csv,"(640, 480)",
Rat17,Rat17\Thermal Imaging\Thermal_84.jpg,..\Data For Segmentation\Rat17\Thermal Imaging\Thermal_84.jpg,Thermal_84.jpg,480,640,..\Data For Segmentation\Rat17\Mask\Thermal_84.png,480,640,..\Data For Segmentation\Rat17\CSV\Thermal_84_CSV.csv,"(640, 480)",
Rat17,Rat17\Thermal Imaging\Thermal_85.jpg,..\Data For Segmentation\Rat17\Thermal Imaging\Thermal_85.jpg,Thermal_85.jpg,480,640,..\Data For Segmentation\Rat17\Mask\Thermal_85.png,480,640,..\Data For Segmentation\Rat17\CSV\Thermal_85_CSV.csv,"(640, 480)",
Rat17,Rat17\Thermal Imaging\Thermal_86.jpg,..\Data For Segmentation\Rat17\Thermal Imaging\Thermal_86.jpg,Thermal_86.jpg,480,640,..\Data For Segmentation\Rat17\Mask\Thermal_86.png,480,640,..\Data For Segmentation\Rat17\CSV\Thermal_86_CSV.csv,"(640, 480)",
Rat17,Rat17\Thermal Imaging\Thermal_87.jpg,..\Data For Segmentation\Rat17\Thermal Imaging\Thermal_87.jpg,Thermal_87.jpg,480,640,..\Data For Segmentation\Rat17\Mask\Thermal_87.png,480,640,..\Data For Segmentation\Rat17\CSV\Thermal_87_CSV.csv,"(640, 480)",
Rat17,Rat17\Thermal Imaging\Thermal_88.jpg,..\Data For Segmentation\Rat17\Thermal Imaging\Thermal_88.jpg,Thermal_88.jpg,480,640,..\Data For Segmentation\Rat17\Mask\Thermal_88.png,480,640,..\Data For Segmentation\Rat17\CSV\Thermal_88_CSV.csv,"(640, 480)",
Rat17,Rat17\Thermal Imaging\Thermal_89.jpg,..\Data For Segmentation\Rat17\Thermal Imaging\Thermal_89.jpg,Thermal_89.jpg,480,640,..\Data For Segmentation\Rat17\Mask\Thermal_89.png,480,640,..\Data For Segmentation\Rat17\CSV\Thermal_89_CSV.csv,"(640, 480)",
Rat17,Rat17\Thermal Imaging\Thermal_9.png,..\Data For Segmentation\Rat17\Thermal Imaging\Thermal_9.png,Thermal_9.png,480,640,..\Data For Segmentation\Rat17\Mask\Thermal_9.png,480,640,..\Data For Segmentation\Rat17\CSV\Thermal_9_CSV.csv,"(640, 480)",
Rat17,Rat17\Thermal Imaging\Thermal_90.jpg,..\Data For Segmentation\Rat17\Thermal Imaging\Thermal_90.jpg,Thermal_90.jpg,480,640,..\Data For Segmentation\Rat17\Mask\Thermal_90.png,480,640,..\Data For Segmentation\Rat17\CSV\Thermal_90_CSV.csv,"(640, 480)",
Rat17,Rat17\Thermal Imaging\Thermal_91.jpg,..\Data For Segmentation\Rat17\Thermal Imaging\Thermal_91.jpg,Thermal_91.jpg,480,640,..\Data For Segmentation\Rat17\Mask\Thermal_91.png,480,640,..\Data For Segmentation\Rat17\CSV\Thermal_91_CSV.csv,"(640, 480)",
Rat17,Rat17\Thermal Imaging\Thermal_96.jpg,..\Data For Segmentation\Rat17\Thermal Imaging\Thermal_96.jpg,Thermal_96.jpg,480,640,..\Data For Segmentation\Rat17\Mask\Thermal_96.png,480,640,..\Data For Segmentation\Rat17\CSV\Thermal_96_CSV.csv,"(640, 480)",
Rat17,Rat17\Thermal Imaging\Thermal_97.jpg,..\Data For Segmentation\Rat17\Thermal Imaging\Thermal_97.jpg,Thermal_97.jpg,480,640,..\Data For Segmentation\Rat17\Mask\Thermal_97.png,480,640,..\Data For Segmentation\Rat17\CSV\Thermal_97_CSV.csv,"(640, 480)",
Rat17,Rat17\Thermal Imaging\Thermal_98.jpg,..\Data For Segmentation\Rat17\Thermal Imaging\Thermal_98.jpg,Thermal_98.jpg,480,640,..\Data For Segmentation\Rat17\Mask\Thermal_98.png,480,640,..\Data For Segmentation\Rat17\CSV\Thermal_98_CSV.csv,"(640, 480)",
Rat17,Rat17\Thermal Imaging\Thermal_99.jpg,..\Data For Segmentation\Rat17\Thermal Imaging\Thermal_99.jpg,Thermal_99.jpg,480,640,..\Data For Segmentation\Rat17\Mask\Thermal_99.png,480,640,..\Data For Segmentation\Rat17\CSV\Thermal_99_CSV.csv,"(640, 480)",
Rat18,Rat18\Thermal Imaging\Thermal_1.png,..\Data For Segmentation\Rat18\Thermal Imaging\Thermal_1.png,Thermal_1.png,480,640,..\Data For Segmentation\Rat18\Mask\Thermal_1.png,480,640,..\Data For Segmentation\Rat18\CSV\Thermal_1_CSV.csv,"(640, 480)",
Rat18,Rat18\Thermal Imaging\Thermal_10.png,..\Data For Segmentation\Rat18\Thermal Imaging\Thermal_10.png,Thermal_10.png,480,640,..\Data For Segmentation\Rat18\Mask\Thermal_10.png,480,640,..\Data For Segmentation\Rat18\CSV\Thermal_10_CSV.csv,"(640, 480)",
Rat18,Rat18\Thermal Imaging\Thermal_100.jpg,..\Data For Segmentation\Rat18\Thermal Imaging\Thermal_100.jpg,Thermal_100.jpg,480,640,..\Data For Segmentation\Rat18\Mask\Thermal_100.png,480,640,..\Data For Segmentation\Rat18\CSV\Thermal_100_CSV.csv,"(640, 480)",
Rat18,Rat18\Thermal Imaging\Thermal_101.jpg,..\Data For Segmentation\Rat18\Thermal Imaging\Thermal_101.jpg,Thermal_101.jpg,480,640,..\Data For Segmentation\Rat18\Mask\Thermal_101.png,480,640,..\Data For Segmentation\Rat18\CSV\Thermal_101_CSV.csv,"(640, 480)",
Rat18,Rat18\Thermal Imaging\Thermal_102.jpg,..\Data For Segmentation\Rat18\Thermal Imaging\Thermal_102.jpg,Thermal_102.jpg,480,640,..\Data For Segmentation\Rat18\Mask\Thermal_102.png,480,640,..\Data For Segmentation\Rat18\CSV\Thermal_102_CSV.csv,"(640, 480)",
Rat18,Rat18\Thermal Imaging\Thermal_103.jpg,..\Data For Segmentation\Rat18\Thermal Imaging\Thermal_103.jpg,Thermal_103.jpg,480,640,..\Data For Segmentation\Rat18\Mask\Thermal_103.png,480,640,..\Data For Segmentation\Rat18\CSV\Thermal_103_CSV.csv,"(640, 480)",
Rat18,Rat18\Thermal Imaging\Thermal_104.jpg,..\Data For Segmentation\Rat18\Thermal Imaging\Thermal_104.jpg,Thermal_104.jpg,480,640,..\Data For Segmentation\Rat18\Mask\Thermal_104.png,480,640,..\Data For Segmentation\Rat18\CSV\Thermal_104_CSV.csv,"(640, 480)",
Rat18,Rat18\Thermal Imaging\Thermal_105.jpg,..\Data For Segmentation\Rat18\Thermal Imaging\Thermal_105.jpg,Thermal_105.jpg,480,640,..\Data For Segmentation\Rat18\Mask\Thermal_105.png,480,640,..\Data For Segmentation\Rat18\CSV\Thermal_105_CSV.csv,"(640, 480)",
Rat18,Rat18\Thermal Imaging\Thermal_106.jpg,..\Data For Segmentation\Rat18\Thermal Imaging\Thermal_106.jpg,Thermal_106.jpg,480,640,..\Data For Segmentation\Rat18\Mask\Thermal_106.png,480,640,..\Data For Segmentation\Rat18\CSV\Thermal_106_CSV.csv,"(640, 480)",
Rat18,Rat18\Thermal Imaging\Thermal_107.jpg,..\Data For Segmentation\Rat18\Thermal Imaging\Thermal_107.jpg,Thermal_107.jpg,480,640,..\Data For Segmentation\Rat18\Mask\Thermal_107.png,480,640,..\Data For Segmentation\Rat18\CSV\Thermal_107_CSV.csv,"(640, 480)",
Rat18,Rat18\Thermal Imaging\Thermal_108.jpg,..\Data For Segmentation\Rat18\Thermal Imaging\Thermal_108.jpg,Thermal_108.jpg,480,640,..\Data For Segmentation\Rat18\Mask\Thermal_108.png,480,640,..\Data For Segmentation\Rat18\CSV\Thermal_108_CSV.csv,"(640, 480)",
Rat18,Rat18\Thermal Imaging\Thermal_109.jpg,..\Data For Segmentation\Rat18\Thermal Imaging\Thermal_109.jpg,Thermal_109.jpg,480,640,..\Data For Segmentation\Rat18\Mask\Thermal_109.png,480,640,..\Data For Segmentation\Rat18\CSV\Thermal_109_CSV.csv,"(640, 480)",
Rat18,Rat18\Thermal Imaging\Thermal_11.png,..\Data For Segmentation\Rat18\Thermal Imaging\Thermal_11.png,Thermal_11.png,480,640,..\Data For Segmentation\Rat18\Mask\Thermal_11.png,480,640,..\Data For Segmentation\Rat18\CSV\Thermal_11_CSV.csv,"(640, 480)",
Rat18,Rat18\Thermal Imaging\Thermal_110.jpg,..\Data For Segmentation\Rat18\Thermal Imaging\Thermal_110.jpg,Thermal_110.jpg,480,640,..\Data For Segmentation\Rat18\Mask\Thermal_110.png,480,640,..\Data For Segmentation\Rat18\CSV\Thermal_110_CSV.csv,"(640, 480)",
Rat18,Rat18\Thermal Imaging\Thermal_111.jpg,..\Data For Segmentation\Rat18\Thermal Imaging\Thermal_111.jpg,Thermal_111.jpg,480,640,..\Data For Segmentation\Rat18\Mask\Thermal_111.png,480,640,..\Data For Segmentation\Rat18\CSV\Thermal_111_CSV.csv,"(640, 480)",
Rat18,Rat18\Thermal Imaging\Thermal_112.jpg,..\Data For Segmentation\Rat18\Thermal Imaging\Thermal_112.jpg,Thermal_112.jpg,480,640,..\Data For Segmentation\Rat18\Mask\Thermal_112.png,480,640,..\Data For Segmentation\Rat18\CSV\Thermal_112_CSV.csv,"(640, 480)",
Rat18,Rat18\Thermal Imaging\Thermal_113.jpg,..\Data For Segmentation\Rat18\Thermal Imaging\Thermal_113.jpg,Thermal_113.jpg,480,640,..\Data For Segmentation\Rat18\Mask\Thermal_113.png,480,640,..\Data For Segmentation\Rat18\CSV\Thermal_113_CSV.csv,"(640, 480)",
Rat18,Rat18\Thermal Imaging\Thermal_114.jpg,..\Data For Segmentation\Rat18\Thermal Imaging\Thermal_114.jpg,Thermal_114.jpg,480,640,..\Data For Segmentation\Rat18\Mask\Thermal_114.png,480,640,..\Data For Segmentation\Rat18\CSV\Thermal_114_CSV.csv,"(640, 480)",
Rat18,Rat18\Thermal Imaging\Thermal_115.jpg,..\Data For Segmentation\Rat18\Thermal Imaging\Thermal_115.jpg,Thermal_115.jpg,480,640,..\Data For Segmentation\Rat18\Mask\Thermal_115.png,480,640,..\Data For Segmentation\Rat18\CSV\Thermal_115_CSV.csv,"(640, 480)",
Rat18,Rat18\Thermal Imaging\Thermal_116.jpg,..\Data For Segmentation\Rat18\Thermal Imaging\Thermal_116.jpg,Thermal_116.jpg,480,640,..\Data For Segmentation\Rat18\Mask\Thermal_116.png,480,640,..\Data For Segmentation\Rat18\CSV\Thermal_116_CSV.csv,"(640, 480)",
Rat18,Rat18\Thermal Imaging\Thermal_117.jpg,..\Data For Segmentation\Rat18\Thermal Imaging\Thermal_117.jpg,Thermal_117.jpg,480,640,..\Data For Segmentation\Rat18\Mask\Thermal_117.png,480,640,..\Data For Segmentation\Rat18\CSV\Thermal_117_CSV.csv,"(640, 480)",
Rat18,Rat18\Thermal Imaging\Thermal_118.jpg,..\Data For Segmentation\Rat18\Thermal Imaging\Thermal_118.jpg,Thermal_118.jpg,480,640,..\Data For Segmentation\Rat18\Mask\Thermal_118.png,480,640,..\Data For Segmentation\Rat18\CSV\Thermal_118_CSV.csv,"(640, 480)",
Rat18,Rat18\Thermal Imaging\Thermal_119.jpg,..\Data For Segmentation\Rat18\Thermal Imaging\Thermal_119.jpg,Thermal_119.jpg,480,640,..\Data For Segmentation\Rat18\Mask\Thermal_119.png,480,640,..\Data For Segmentation\Rat18\CSV\Thermal_119_CSV.csv,"(640, 480)",
Rat18,Rat18\Thermal Imaging\Thermal_12.jpg,..\Data For Segmentation\Rat18\Thermal Imaging\Thermal_12.jpg,Thermal_12.jpg,480,640,..\Data For Segmentation\Rat18\Mask\Thermal_12.png,480,640,..\Data For Segmentation\Rat18\CSV\Thermal_12_CSV.csv,"(640, 480)",
Rat18,Rat18\Thermal Imaging\Thermal_120.jpg,..\Data For Segmentation\Rat18\Thermal Imaging\Thermal_120.jpg,Thermal_120.jpg,480,640,..\Data For Segmentation\Rat18\Mask\Thermal_120.png,480,640,..\Data For Segmentation\Rat18\CSV\Thermal_120_CSV.csv,"(640, 480)",
Rat18,Rat18\Thermal Imaging\Thermal_121.jpg,..\Data For Segmentation\Rat18\Thermal Imaging\Thermal_121.jpg,Thermal_121.jpg,480,640,..\Data For Segmentation\Rat18\Mask\Thermal_121.png,480,640,..\Data For Segmentation\Rat18\CSV\Thermal_121_CSV.csv,"(640, 480)",
Rat18,Rat18\Thermal Imaging\Thermal_122.jpg,..\Data For Segmentation\Rat18\Thermal Imaging\Thermal_122.jpg,Thermal_122.jpg,480,640,..\Data For Segmentation\Rat18\Mask\Thermal_122.png,480,640,..\Data For Segmentation\Rat18\CSV\Thermal_122_CSV.csv,"(640, 480)",
Rat18,Rat18\Thermal Imaging\Thermal_123.jpg,..\Data For Segmentation\Rat18\Thermal Imaging\Thermal_123.jpg,Thermal_123.jpg,480,640,..\Data For Segmentation\Rat18\Mask\Thermal_123.png,480,640,..\Data For Segmentation\Rat18\CSV\Thermal_123_CSV.csv,"(640, 480)",
Rat18,Rat18\Thermal Imaging\Thermal_124.jpg,..\Data For Segmentation\Rat18\Thermal Imaging\Thermal_124.jpg,Thermal_124.jpg,480,640,..\Data For Segmentation\Rat18\Mask\Thermal_124.png,480,640,..\Data For Segmentation\Rat18\CSV\Thermal_124_CSV.csv,"(640, 480)",
Rat18,Rat18\Thermal Imaging\Thermal_125.jpg,..\Data For Segmentation\Rat18\Thermal Imaging\Thermal_125.jpg,Thermal_125.jpg,480,640,..\Data For Segmentation\Rat18\Mask\Thermal_125.png,480,640,..\Data For Segmentation\Rat18\CSV\Thermal_125_CSV.csv,"(640, 480)",
Rat18,Rat18\Thermal Imaging\Thermal_126.jpg,..\Data For Segmentation\Rat18\Thermal Imaging\Thermal_126.jpg,Thermal_126.jpg,480,640,..\Data For Segmentation\Rat18\Mask\Thermal_126.png,480,640,..\Data For Segmentation\Rat18\CSV\Thermal_126_CSV.csv,"(640, 480)",
Rat18,Rat18\Thermal Imaging\Thermal_127.jpg,..\Data For Segmentation\Rat18\Thermal Imaging\Thermal_127.jpg,Thermal_127.jpg,480,640,..\Data For Segmentation\Rat18\Mask\Thermal_127.png,480,640,..\Data For Segmentation\Rat18\CSV\Thermal_127_CSV.csv,"(640, 480)",
Rat18,Rat18\Thermal Imaging\Thermal_13.jpg,..\Data For Segmentation\Rat18\Thermal Imaging\Thermal_13.jpg,Thermal_13.jpg,480,640,..\Data For Segmentation\Rat18\Mask\Thermal_13.png,480,640,..\Data For Segmentation\Rat18\CSV\Thermal_13_CSV.csv,"(640, 480)",
Rat18,Rat18\Thermal Imaging\Thermal_14.jpg,..\Data For Segmentation\Rat18\Thermal Imaging\Thermal_14.jpg,Thermal_14.jpg,480,640,..\Data For Segmentation\Rat18\Mask\Thermal_14.png,480,640,..\Data For Segmentation\Rat18\CSV\Thermal_14_CSV.csv,"(640, 480)",
Rat18,Rat18\Thermal Imaging\Thermal_15.jpg,..\Data For Segmentation\Rat18\Thermal Imaging\Thermal_15.jpg,Thermal_15.jpg,480,640,..\Data For Segmentation\Rat18\Mask\Thermal_15.png,480,640,..\Data For Segmentation\Rat18\CSV\Thermal_15_CSV.csv,"(640, 480)",
Rat18,Rat18\Thermal Imaging\Thermal_16.jpg,..\Data For Segmentation\Rat18\Thermal Imaging\Thermal_16.jpg,Thermal_16.jpg,480,640,..\Data For Segmentation\Rat18\Mask\Thermal_16.png,480,640,..\Data For Segmentation\Rat18\CSV\Thermal_16_CSV.csv,"(640, 480)",
Rat18,Rat18\Thermal Imaging\Thermal_17.jpg,..\Data For Segmentation\Rat18\Thermal Imaging\Thermal_17.jpg,Thermal_17.jpg,480,640,..\Data For Segmentation\Rat18\Mask\Thermal_17.png,480,640,..\Data For Segmentation\Rat18\CSV\Thermal_17_CSV.csv,"(640, 480)",
Rat18,Rat18\Thermal Imaging\Thermal_18.jpg,..\Data For Segmentation\Rat18\Thermal Imaging\Thermal_18.jpg,Thermal_18.jpg,480,640,..\Data For Segmentation\Rat18\Mask\Thermal_18.png,480,640,..\Data For Segmentation\Rat18\CSV\Thermal_18_CSV.csv,"(640, 480)",
Rat18,Rat18\Thermal Imaging\Thermal_19.jpg,..\Data For Segmentation\Rat18\Thermal Imaging\Thermal_19.jpg,Thermal_19.jpg,480,640,..\Data For Segmentation\Rat18\Mask\Thermal_19.png,480,640,..\Data For Segmentation\Rat18\CSV\Thermal_19_CSV.csv,"(640, 480)",
Rat18,Rat18\Thermal Imaging\Thermal_2.png,..\Data For Segmentation\Rat18\Thermal Imaging\Thermal_2.png,Thermal_2.png,480,640,..\Data For Segmentation\Rat18\Mask\Thermal_2.png,480,640,..\Data For Segmentation\Rat18\CSV\Thermal_2_CSV.csv,"(640, 480)",
Rat18,Rat18\Thermal Imaging\Thermal_20.jpg,..\Data For Segmentation\Rat18\Thermal Imaging\Thermal_20.jpg,Thermal_20.jpg,480,640,..\Data For Segmentation\Rat18\Mask\Thermal_20.png,480,640,..\Data For Segmentation\Rat18\CSV\Thermal_20_CSV.csv,"(640, 480)",
Rat18,Rat18\Thermal Imaging\Thermal_21.jpg,..\Data For Segmentation\Rat18\Thermal Imaging\Thermal_21.jpg,Thermal_21.jpg,480,640,..\Data For Segmentation\Rat18\Mask\Thermal_21.png,480,640,..\Data For Segmentation\Rat18\CSV\Thermal_21_CSV.csv,"(640, 480)",
Rat18,Rat18\Thermal Imaging\Thermal_22.jpg,..\Data For Segmentation\Rat18\Thermal Imaging\Thermal_22.jpg,Thermal_22.jpg,480,640,..\Data For Segmentation\Rat18\Mask\Thermal_22.png,480,640,..\Data For Segmentation\Rat18\CSV\Thermal_22_CSV.csv,"(640, 480)",
Rat18,Rat18\Thermal Imaging\Thermal_23.jpg,..\Data For Segmentation\Rat18\Thermal Imaging\Thermal_23.jpg,Thermal_23.jpg,480,640,..\Data For Segmentation\Rat18\Mask\Thermal_23.png,480,640,..\Data For Segmentation\Rat18\CSV\Thermal_23_CSV.csv,"(640, 480)",
Rat18,Rat18\Thermal Imaging\Thermal_24.jpg,..\Data For Segmentation\Rat18\Thermal Imaging\Thermal_24.jpg,Thermal_24.jpg,480,640,..\Data For Segmentation\Rat18\Mask\Thermal_24.png,480,640,..\Data For Segmentation\Rat18\CSV\Thermal_24_CSV.csv,"(640, 480)",
Rat18,Rat18\Thermal Imaging\Thermal_25.jpg,..\Data For Segmentation\Rat18\Thermal Imaging\Thermal_25.jpg,Thermal_25.jpg,480,640,..\Data For Segmentation\Rat18\Mask\Thermal_25.png,480,640,..\Data For Segmentation\Rat18\CSV\Thermal_25_CSV.csv,"(640, 480)",
Rat18,Rat18\Thermal Imaging\Thermal_26.jpg,..\Data For Segmentation\Rat18\Thermal Imaging\Thermal_26.jpg,Thermal_26.jpg,480,640,..\Data For Segmentation\Rat18\Mask\Thermal_26.png,480,640,..\Data For Segmentation\Rat18\CSV\Thermal_26_CSV.csv,"(640, 480)",
Rat18,Rat18\Thermal Imaging\Thermal_27.jpg,..\Data For Segmentation\Rat18\Thermal Imaging\Thermal_27.jpg,Thermal_27.jpg,480,640,..\Data For Segmentation\Rat18\Mask\Thermal_27.png,480,640,..\Data For Segmentation\Rat18\CSV\Thermal_27_CSV.csv,"(640, 480)",
Rat18,Rat18\Thermal Imaging\Thermal_28.jpg,..\Data For Segmentation\Rat18\Thermal Imaging\Thermal_28.jpg,Thermal_28.jpg,480,640,..\Data For Segmentation\Rat18\Mask\Thermal_28.png,480,640,..\Data For Segmentation\Rat18\CSV\Thermal_28_CSV.csv,"(640, 480)",
Rat18,Rat18\Thermal Imaging\Thermal_29.jpg,..\Data For Segmentation\Rat18\Thermal Imaging\Thermal_29.jpg,Thermal_29.jpg,480,640,..\Data For Segmentation\Rat18\Mask\Thermal_29.png,480,640,..\Data For Segmentation\Rat18\CSV\Thermal_29_CSV.csv,"(640, 480)",
Rat18,Rat18\Thermal Imaging\Thermal_3.png,..\Data For Segmentation\Rat18\Thermal Imaging\Thermal_3.png,Thermal_3.png,480,640,..\Data For Segmentation\Rat18\Mask\Thermal_3.png,480,640,..\Data For Segmentation\Rat18\CSV\Thermal_3_CSV.csv,"(640, 480)",
Rat18,Rat18\Thermal Imaging\Thermal_30.jpg,..\Data For Segmentation\Rat18\Thermal Imaging\Thermal_30.jpg,Thermal_30.jpg,480,640,..\Data For Segmentation\Rat18\Mask\Thermal_30.png,480,640,..\Data For Segmentation\Rat18\CSV\Thermal_30_CSV.csv,"(640, 480)",
Rat18,Rat18\Thermal Imaging\Thermal_31.jpg,..\Data For Segmentation\Rat18\Thermal Imaging\Thermal_31.jpg,Thermal_31.jpg,480,640,..\Data For Segmentation\Rat18\Mask\Thermal_31.png,480,640,..\Data For Segmentation\Rat18\CSV\Thermal_31_CSV.csv,"(640, 480)",
Rat18,Rat18\Thermal Imaging\Thermal_32.jpg,..\Data For Segmentation\Rat18\Thermal Imaging\Thermal_32.jpg,Thermal_32.jpg,480,640,..\Data For Segmentation\Rat18\Mask\Thermal_32.png,480,640,..\Data For Segmentation\Rat18\CSV\Thermal_32_CSV.csv,"(640, 480)",
Rat18,Rat18\Thermal Imaging\Thermal_33.jpg,..\Data For Segmentation\Rat18\Thermal Imaging\Thermal_33.jpg,Thermal_33.jpg,480,640,..\Data For Segmentation\Rat18\Mask\Thermal_33.png,480,640,..\Data For Segmentation\Rat18\CSV\Thermal_33_CSV.csv,"(640, 480)",
Rat18,Rat18\Thermal Imaging\Thermal_34.jpg,..\Data For Segmentation\Rat18\Thermal Imaging\Thermal_34.jpg,Thermal_34.jpg,480,640,..\Data For Segmentation\Rat18\Mask\Thermal_34.png,480,640,..\Data For Segmentation\Rat18\CSV\Thermal_34_CSV.csv,"(640, 480)",
Rat18,Rat18\Thermal Imaging\Thermal_35.jpg,..\Data For Segmentation\Rat18\Thermal Imaging\Thermal_35.jpg,Thermal_35.jpg,480,640,..\Data For Segmentation\Rat18\Mask\Thermal_35.png,480,640,..\Data For Segmentation\Rat18\CSV\Thermal_35_CSV.csv,"(640, 480)",
Rat18,Rat18\Thermal Imaging\Thermal_36.jpg,..\Data For Segmentation\Rat18\Thermal Imaging\Thermal_36.jpg,Thermal_36.jpg,480,640,..\Data For Segmentation\Rat18\Mask\Thermal_36.png,480,640,..\Data For Segmentation\Rat18\CSV\Thermal_36_CSV.csv,"(640, 480)",
Rat18,Rat18\Thermal Imaging\Thermal_37.jpg,..\Data For Segmentation\Rat18\Thermal Imaging\Thermal_37.jpg,Thermal_37.jpg,480,640,..\Data For Segmentation\Rat18\Mask\Thermal_37.png,480,640,..\Data For Segmentation\Rat18\CSV\Thermal_37_CSV.csv,"(640, 480)",
Rat18,Rat18\Thermal Imaging\Thermal_38.jpg,..\Data For Segmentation\Rat18\Thermal Imaging\Thermal_38.jpg,Thermal_38.jpg,480,640,..\Data For Segmentation\Rat18\Mask\Thermal_38.png,480,640,..\Data For Segmentation\Rat18\CSV\Thermal_38_CSV.csv,"(640, 480)",
Rat18,Rat18\Thermal Imaging\Thermal_39.jpg,..\Data For Segmentation\Rat18\Thermal Imaging\Thermal_39.jpg,Thermal_39.jpg,480,640,..\Data For Segmentation\Rat18\Mask\Thermal_39.png,480,640,..\Data For Segmentation\Rat18\CSV\Thermal_39_CSV.csv,"(640, 480)",
Rat18,Rat18\Thermal Imaging\Thermal_4.png,..\Data For Segmentation\Rat18\Thermal Imaging\Thermal_4.png,Thermal_4.png,480,640,..\Data For Segmentation\Rat18\Mask\Thermal_4.png,480,640,..\Data For Segmentation\Rat18\CSV\Thermal_4_CSV.csv,"(640, 480)",
Rat18,Rat18\Thermal Imaging\Thermal_40.jpg,..\Data For Segmentation\Rat18\Thermal Imaging\Thermal_40.jpg,Thermal_40.jpg,480,640,..\Data For Segmentation\Rat18\Mask\Thermal_40.png,480,640,..\Data For Segmentation\Rat18\CSV\Thermal_40_CSV.csv,"(640, 480)",
Rat18,Rat18\Thermal Imaging\Thermal_41.jpg,..\Data For Segmentation\Rat18\Thermal Imaging\Thermal_41.jpg,Thermal_41.jpg,480,640,..\Data For Segmentation\Rat18\Mask\Thermal_41.png,480,640,..\Data For Segmentation\Rat18\CSV\Thermal_41_CSV.csv,"(640, 480)",
Rat18,Rat18\Thermal Imaging\Thermal_42.jpg,..\Data For Segmentation\Rat18\Thermal Imaging\Thermal_42.jpg,Thermal_42.jpg,480,640,..\Data For Segmentation\Rat18\Mask\Thermal_42.png,480,640,..\Data For Segmentation\Rat18\CSV\Thermal_42_CSV.csv,"(640, 480)",
Rat18,Rat18\Thermal Imaging\Thermal_43.jpg,..\Data For Segmentation\Rat18\Thermal Imaging\Thermal_43.jpg,Thermal_43.jpg,480,640,..\Data For Segmentation\Rat18\Mask\Thermal_43.png,480,640,..\Data For Segmentation\Rat18\CSV\Thermal_43_CSV.csv,"(640, 480)",
Rat18,Rat18\Thermal Imaging\Thermal_44.jpg,..\Data For Segmentation\Rat18\Thermal Imaging\Thermal_44.jpg,Thermal_44.jpg,480,640,..\Data For Segmentation\Rat18\Mask\Thermal_44.png,480,640,..\Data For Segmentation\Rat18\CSV\Thermal_44_CSV.csv,"(640, 480)",
Rat18,Rat18\Thermal Imaging\Thermal_45.jpg,..\Data For Segmentation\Rat18\Thermal Imaging\Thermal_45.jpg,Thermal_45.jpg,480,640,..\Data For Segmentation\Rat18\Mask\Thermal_45.png,480,640,..\Data For Segmentation\Rat18\CSV\Thermal_45_CSV.csv,"(640, 480)",
Rat18,Rat18\Thermal Imaging\Thermal_46.jpg,..\Data For Segmentation\Rat18\Thermal Imaging\Thermal_46.jpg,Thermal_46.jpg,480,640,..\Data For Segmentation\Rat18\Mask\Thermal_46.png,480,640,..\Data For Segmentation\Rat18\CSV\Thermal_46_CSV.csv,"(640, 480)",
Rat18,Rat18\Thermal Imaging\Thermal_47.jpg,..\Data For Segmentation\Rat18\Thermal Imaging\Thermal_47.jpg,Thermal_47.jpg,480,640,..\Data For Segmentation\Rat18\Mask\Thermal_47.png,480,640,..\Data For Segmentation\Rat18\CSV\Thermal_47_CSV.csv,"(640, 480)",
Rat18,Rat18\Thermal Imaging\Thermal_48.jpg,..\Data For Segmentation\Rat18\Thermal Imaging\Thermal_48.jpg,Thermal_48.jpg,480,640,..\Data For Segmentation\Rat18\Mask\Thermal_48.png,480,640,..\Data For Segmentation\Rat18\CSV\Thermal_48_CSV.csv,"(640, 480)",
Rat18,Rat18\Thermal Imaging\Thermal_49.jpg,..\Data For Segmentation\Rat18\Thermal Imaging\Thermal_49.jpg,Thermal_49.jpg,480,640,..\Data For Segmentation\Rat18\Mask\Thermal_49.png,480,640,..\Data For Segmentation\Rat18\CSV\Thermal_49_CSV.csv,"(640, 480)",
Rat18,Rat18\Thermal Imaging\Thermal_5.png,..\Data For Segmentation\Rat18\Thermal Imaging\Thermal_5.png,Thermal_5.png,480,640,..\Data For Segmentation\Rat18\Mask\Thermal_5.png,480,640,..\Data For Segmentation\Rat18\CSV\Thermal_5_CSV.csv,"(640, 480)",
Rat18,Rat18\Thermal Imaging\Thermal_50.jpg,..\Data For Segmentation\Rat18\Thermal Imaging\Thermal_50.jpg,Thermal_50.jpg,480,640,..\Data For Segmentation\Rat18\Mask\Thermal_50.png,480,640,..\Data For Segmentation\Rat18\CSV\Thermal_50_CSV.csv,"(640, 480)",
Rat18,Rat18\Thermal Imaging\Thermal_51.jpg,..\Data For Segmentation\Rat18\Thermal Imaging\Thermal_51.jpg,Thermal_51.jpg,480,640,..\Data For Segmentation\Rat18\Mask\Thermal_51.png,480,640,..\Data For Segmentation\Rat18\CSV\Thermal_51_CSV.csv,"(640, 480)",
Rat18,Rat18\Thermal Imaging\Thermal_52.jpg,..\Data For Segmentation\Rat18\Thermal Imaging\Thermal_52.jpg,Thermal_52.jpg,480,640,..\Data For Segmentation\Rat18\Mask\Thermal_52.png,480,640,..\Data For Segmentation\Rat18\CSV\Thermal_52_CSV.csv,"(640, 480)",
Rat18,Rat18\Thermal Imaging\Thermal_53.jpg,..\Data For Segmentation\Rat18\Thermal Imaging\Thermal_53.jpg,Thermal_53.jpg,480,640,..\Data For Segmentation\Rat18\Mask\Thermal_53.png,480,640,..\Data For Segmentation\Rat18\CSV\Thermal_53_CSV.csv,"(640, 480)",
Rat18,Rat18\Thermal Imaging\Thermal_54.jpg,..\Data For Segmentation\Rat18\Thermal Imaging\Thermal_54.jpg,Thermal_54.jpg,480,640,..\Data For Segmentation\Rat18\Mask\Thermal_54.png,480,640,..\Data For Segmentation\Rat18\CSV\Thermal_54_CSV.csv,"(640, 480)",
Rat18,Rat18\Thermal Imaging\Thermal_55.jpg,..\Data For Segmentation\Rat18\Thermal Imaging\Thermal_55.jpg,Thermal_55.jpg,480,640,..\Data For Segmentation\Rat18\Mask\Thermal_55.png,480,640,..\Data For Segmentation\Rat18\CSV\Thermal_55_CSV.csv,"(640, 480)",
Rat18,Rat18\Thermal Imaging\Thermal_56.jpg,..\Data For Segmentation\Rat18\Thermal Imaging\Thermal_56.jpg,Thermal_56.jpg,480,640,..\Data For Segmentation\Rat18\Mask\Thermal_56.png,480,640,..\Data For Segmentation\Rat18\CSV\Thermal_56_CSV.csv,"(640, 480)",
Rat18,Rat18\Thermal Imaging\Thermal_57.jpg,..\Data For Segmentation\Rat18\Thermal Imaging\Thermal_57.jpg,Thermal_57.jpg,480,640,..\Data For Segmentation\Rat18\Mask\Thermal_57.png,480,640,..\Data For Segmentation\Rat18\CSV\Thermal_57_CSV.csv,"(640, 480)",
Rat18,Rat18\Thermal Imaging\Thermal_58.jpg,..\Data For Segmentation\Rat18\Thermal Imaging\Thermal_58.jpg,Thermal_58.jpg,480,640,..\Data For Segmentation\Rat18\Mask\Thermal_58.png,480,640,..\Data For Segmentation\Rat18\CSV\Thermal_58_CSV.csv,"(640, 480)",
Rat18,Rat18\Thermal Imaging\Thermal_59.jpg,..\Data For Segmentation\Rat18\Thermal Imaging\Thermal_59.jpg,Thermal_59.jpg,480,640,..\Data For Segmentation\Rat18\Mask\Thermal_59.png,480,640,..\Data For Segmentation\Rat18\CSV\Thermal_59_CSV.csv,"(640, 480)",
Rat18,Rat18\Thermal Imaging\Thermal_6.png,..\Data For Segmentation\Rat18\Thermal Imaging\Thermal_6.png,Thermal_6.png,480,640,..\Data For Segmentation\Rat18\Mask\Thermal_6.png,480,640,..\Data For Segmentation\Rat18\CSV\Thermal_6_CSV.csv,"(640, 480)",
Rat18,Rat18\Thermal Imaging\Thermal_60.jpg,..\Data For Segmentation\Rat18\Thermal Imaging\Thermal_60.jpg,Thermal_60.jpg,480,640,..\Data For Segmentation\Rat18\Mask\Thermal_60.png,480,640,..\Data For Segmentation\Rat18\CSV\Thermal_60_CSV.csv,"(640, 480)",
Rat18,Rat18\Thermal Imaging\Thermal_61.jpg,..\Data For Segmentation\Rat18\Thermal Imaging\Thermal_61.jpg,Thermal_61.jpg,480,640,..\Data For Segmentation\Rat18\Mask\Thermal_61.png,480,640,..\Data For Segmentation\Rat18\CSV\Thermal_61_CSV.csv,"(640, 480)",
Rat18,Rat18\Thermal Imaging\Thermal_62.jpg,..\Data For Segmentation\Rat18\Thermal Imaging\Thermal_62.jpg,Thermal_62.jpg,480,640,..\Data For Segmentation\Rat18\Mask\Thermal_62.png,480,640,..\Data For Segmentation\Rat18\CSV\Thermal_62_CSV.csv,"(640, 480)",
Rat18,Rat18\Thermal Imaging\Thermal_63.jpg,..\Data For Segmentation\Rat18\Thermal Imaging\Thermal_63.jpg,Thermal_63.jpg,480,640,..\Data For Segmentation\Rat18\Mask\Thermal_63.png,480,640,..\Data For Segmentation\Rat18\CSV\Thermal_63_CSV.csv,"(640, 480)",
Rat18,Rat18\Thermal Imaging\Thermal_64.jpg,..\Data For Segmentation\Rat18\Thermal Imaging\Thermal_64.jpg,Thermal_64.jpg,480,640,..\Data For Segmentation\Rat18\Mask\Thermal_64.png,480,640,..\Data For Segmentation\Rat18\CSV\Thermal_64_CSV.csv,"(640, 480)",
Rat18,Rat18\Thermal Imaging\Thermal_65.jpg,..\Data For Segmentation\Rat18\Thermal Imaging\Thermal_65.jpg,Thermal_65.jpg,480,640,..\Data For Segmentation\Rat18\Mask\Thermal_65.png,480,640,..\Data For Segmentation\Rat18\CSV\Thermal_65_CSV.csv,"(640, 480)",
Rat18,Rat18\Thermal Imaging\Thermal_66.jpg,..\Data For Segmentation\Rat18\Thermal Imaging\Thermal_66.jpg,Thermal_66.jpg,480,640,..\Data For Segmentation\Rat18\Mask\Thermal_66.png,480,640,..\Data For Segmentation\Rat18\CSV\Thermal_66_CSV.csv,"(640, 480)",
Rat18,Rat18\Thermal Imaging\Thermal_67.jpg,..\Data For Segmentation\Rat18\Thermal Imaging\Thermal_67.jpg,Thermal_67.jpg,480,640,..\Data For Segmentation\Rat18\Mask\Thermal_67.png,480,640,..\Data For Segmentation\Rat18\CSV\Thermal_67_CSV.csv,"(640, 480)",
Rat18,Rat18\Thermal Imaging\Thermal_68.jpg,..\Data For Segmentation\Rat18\Thermal Imaging\Thermal_68.jpg,Thermal_68.jpg,480,640,..\Data For Segmentation\Rat18\Mask\Thermal_68.png,480,640,..\Data For Segmentation\Rat18\CSV\Thermal_68_CSV.csv,"(640, 480)",
Rat18,Rat18\Thermal Imaging\Thermal_69.jpg,..\Data For Segmentation\Rat18\Thermal Imaging\Thermal_69.jpg,Thermal_69.jpg,480,640,..\Data For Segmentation\Rat18\Mask\Thermal_69.png,480,640,..\Data For Segmentation\Rat18\CSV\Thermal_69_CSV.csv,"(640, 480)",
Rat18,Rat18\Thermal Imaging\Thermal_7.png,..\Data For Segmentation\Rat18\Thermal Imaging\Thermal_7.png,Thermal_7.png,480,640,..\Data For Segmentation\Rat18\Mask\Thermal_7.png,480,640,..\Data For Segmentation\Rat18\CSV\Thermal_7_CSV.csv,"(640, 480)",
Rat18,Rat18\Thermal Imaging\Thermal_70.jpg,..\Data For Segmentation\Rat18\Thermal Imaging\Thermal_70.jpg,Thermal_70.jpg,480,640,..\Data For Segmentation\Rat18\Mask\Thermal_70.png,480,640,..\Data For Segmentation\Rat18\CSV\Thermal_70_CSV.csv,"(640, 480)",
Rat18,Rat18\Thermal Imaging\Thermal_71.jpg,..\Data For Segmentation\Rat18\Thermal Imaging\Thermal_71.jpg,Thermal_71.jpg,480,640,..\Data For Segmentation\Rat18\Mask\Thermal_71.png,480,640,..\Data For Segmentation\Rat18\CSV\Thermal_71_CSV.csv,"(640, 480)",
Rat18,Rat18\Thermal Imaging\Thermal_72.jpg,..\Data For Segmentation\Rat18\Thermal Imaging\Thermal_72.jpg,Thermal_72.jpg,480,640,..\Data For Segmentation\Rat18\Mask\Thermal_72.png,480,640,..\Data For Segmentation\Rat18\CSV\Thermal_72_CSV.csv,"(640, 480)",
Rat18,Rat18\Thermal Imaging\Thermal_73.jpg,..\Data For Segmentation\Rat18\Thermal Imaging\Thermal_73.jpg,Thermal_73.jpg,480,640,..\Data For Segmentation\Rat18\Mask\Thermal_73.png,480,640,..\Data For Segmentation\Rat18\CSV\Thermal_73_CSV.csv,"(640, 480)",
Rat18,Rat18\Thermal Imaging\Thermal_74.jpg,..\Data For Segmentation\Rat18\Thermal Imaging\Thermal_74.jpg,Thermal_74.jpg,480,640,..\Data For Segmentation\Rat18\Mask\Thermal_74.png,480,640,..\Data For Segmentation\Rat18\CSV\Thermal_74_CSV.csv,"(640, 480)",
Rat18,Rat18\Thermal Imaging\Thermal_75.jpg,..\Data For Segmentation\Rat18\Thermal Imaging\Thermal_75.jpg,Thermal_75.jpg,480,640,..\Data For Segmentation\Rat18\Mask\Thermal_75.png,480,640,..\Data For Segmentation\Rat18\CSV\Thermal_75_CSV.csv,"(640, 480)",
Rat18,Rat18\Thermal Imaging\Thermal_76.jpg,..\Data For Segmentation\Rat18\Thermal Imaging\Thermal_76.jpg,Thermal_76.jpg,480,640,..\Data For Segmentation\Rat18\Mask\Thermal_76.png,480,640,..\Data For Segmentation\Rat18\CSV\Thermal_76_CSV.csv,"(640, 480)",
Rat18,Rat18\Thermal Imaging\Thermal_77.jpg,..\Data For Segmentation\Rat18\Thermal Imaging\Thermal_77.jpg,Thermal_77.jpg,480,640,..\Data For Segmentation\Rat18\Mask\Thermal_77.png,480,640,..\Data For Segmentation\Rat18\CSV\Thermal_77_CSV.csv,"(640, 480)",
Rat18,Rat18\Thermal Imaging\Thermal_78.jpg,..\Data For Segmentation\Rat18\Thermal Imaging\Thermal_78.jpg,Thermal_78.jpg,480,640,..\Data For Segmentation\Rat18\Mask\Thermal_78.png,480,640,..\Data For Segmentation\Rat18\CSV\Thermal_78_CSV.csv,"(640, 480)",
Rat18,Rat18\Thermal Imaging\Thermal_79.jpg,..\Data For Segmentation\Rat18\Thermal Imaging\Thermal_79.jpg,Thermal_79.jpg,480,640,..\Data For Segmentation\Rat18\Mask\Thermal_79.png,480,640,..\Data For Segmentation\Rat18\CSV\Thermal_79_CSV.csv,"(640, 480)",
Rat18,Rat18\Thermal Imaging\Thermal_8.png,..\Data For Segmentation\Rat18\Thermal Imaging\Thermal_8.png,Thermal_8.png,480,640,..\Data For Segmentation\Rat18\Mask\Thermal_8.png,480,640,..\Data For Segmentation\Rat18\CSV\Thermal_8_CSV.csv,"(640, 480)",
Rat18,Rat18\Thermal Imaging\Thermal_80.jpg,..\Data For Segmentation\Rat18\Thermal Imaging\Thermal_80.jpg,Thermal_80.jpg,480,640,..\Data For Segmentation\Rat18\Mask\Thermal_80.png,480,640,..\Data For Segmentation\Rat18\CSV\Thermal_80_CSV.csv,"(640, 480)",
Rat18,Rat18\Thermal Imaging\Thermal_81.jpg,..\Data For Segmentation\Rat18\Thermal Imaging\Thermal_81.jpg,Thermal_81.jpg,480,640,..\Data For Segmentation\Rat18\Mask\Thermal_81.png,480,640,..\Data For Segmentation\Rat18\CSV\Thermal_81_CSV.csv,"(640, 480)",
Rat18,Rat18\Thermal Imaging\Thermal_82.jpg,..\Data For Segmentation\Rat18\Thermal Imaging\Thermal_82.jpg,Thermal_82.jpg,480,640,..\Data For Segmentation\Rat18\Mask\Thermal_82.png,480,640,..\Data For Segmentation\Rat18\CSV\Thermal_82_CSV.csv,"(640, 480)",
Rat18,Rat18\Thermal Imaging\Thermal_83.jpg,..\Data For Segmentation\Rat18\Thermal Imaging\Thermal_83.jpg,Thermal_83.jpg,480,640,..\Data For Segmentation\Rat18\Mask\Thermal_83.png,480,640,..\Data For Segmentation\Rat18\CSV\Thermal_83_CSV.csv,"(640, 480)",
Rat18,Rat18\Thermal Imaging\Thermal_84.jpg,..\Data For Segmentation\Rat18\Thermal Imaging\Thermal_84.jpg,Thermal_84.jpg,480,640,..\Data For Segmentation\Rat18\Mask\Thermal_84.png,480,640,..\Data For Segmentation\Rat18\CSV\Thermal_84_CSV.csv,"(640, 480)",
Rat18,Rat18\Thermal Imaging\Thermal_85.jpg,..\Data For Segmentation\Rat18\Thermal Imaging\Thermal_85.jpg,Thermal_85.jpg,480,640,..\Data For Segmentation\Rat18\Mask\Thermal_85.png,480,640,..\Data For Segmentation\Rat18\CSV\Thermal_85_CSV.csv,"(640, 480)",
Rat18,Rat18\Thermal Imaging\Thermal_9.png,..\Data For Segmentation\Rat18\Thermal Imaging\Thermal_9.png,Thermal_9.png,480,640,..\Data For Segmentation\Rat18\Mask\Thermal_9.png,480,640,..\Data For Segmentation\Rat18\CSV\Thermal_9_CSV.csv,"(640, 480)",
Rat18,Rat18\Thermal Imaging\Thermal_90.jpg,..\Data For Segmentation\Rat18\Thermal Imaging\Thermal_90.jpg,Thermal_90.jpg,480,640,..\Data For Segmentation\Rat18\Mask\Thermal_90.png,480,640,..\Data For Segmentation\Rat18\CSV\Thermal_90_CSV.csv,"(640, 480)",
Rat18,Rat18\Thermal Imaging\Thermal_91.jpg,..\Data For Segmentation\Rat18\Thermal Imaging\Thermal_91.jpg,Thermal_91.jpg,480,640,..\Data For Segmentation\Rat18\Mask\Thermal_91.png,480,640,..\Data For Segmentation\Rat18\CSV\Thermal_91_CSV.csv,"(640, 480)",
Rat18,Rat18\Thermal Imaging\Thermal_92.jpg,..\Data For Segmentation\Rat18\Thermal Imaging\Thermal_92.jpg,Thermal_92.jpg,480,640,..\Data For Segmentation\Rat18\Mask\Thermal_92.png,480,640,..\Data For Segmentation\Rat18\CSV\Thermal_92_CSV.csv,"(640, 480)",
Rat18,Rat18\Thermal Imaging\Thermal_93.jpg,..\Data For Segmentation\Rat18\Thermal Imaging\Thermal_93.jpg,Thermal_93.jpg,480,640,..\Data For Segmentation\Rat18\Mask\Thermal_93.png,480,640,..\Data For Segmentation\Rat18\CSV\Thermal_93_CSV.csv,"(640, 480)",
Rat18,Rat18\Thermal Imaging\Thermal_94.jpg,..\Data For Segmentation\Rat18\Thermal Imaging\Thermal_94.jpg,Thermal_94.jpg,480,640,..\Data For Segmentation\Rat18\Mask\Thermal_94.png,480,640,..\Data For Segmentation\Rat18\CSV\Thermal_94_CSV.csv,"(640, 480)",
Rat18,Rat18\Thermal Imaging\Thermal_95.jpg,..\Data For Segmentation\Rat18\Thermal Imaging\Thermal_95.jpg,Thermal_95.jpg,480,640,..\Data For Segmentation\Rat18\Mask\Thermal_95.png,480,640,..\Data For Segmentation\Rat18\CSV\Thermal_95_CSV.csv,"(640, 480)",
Rat18,Rat18\Thermal Imaging\Thermal_96.jpg,..\Data For Segmentation\Rat18\Thermal Imaging\Thermal_96.jpg,Thermal_96.jpg,480,640,..\Data For Segmentation\Rat18\Mask\Thermal_96.png,480,640,..\Data For Segmentation\Rat18\CSV\Thermal_96_CSV.csv,"(640, 480)",
Rat18,Rat18\Thermal Imaging\Thermal_97.jpg,..\Data For Segmentation\Rat18\Thermal Imaging\Thermal_97.jpg,Thermal_97.jpg,480,640,..\Data For Segmentation\Rat18\Mask\Thermal_97.png,480,640,..\Data For Segmentation\Rat18\CSV\Thermal_97_CSV.csv,"(640, 480)",
Rat18,Rat18\Thermal Imaging\Thermal_98.jpg,..\Data For Segmentation\Rat18\Thermal Imaging\Thermal_98.jpg,Thermal_98.jpg,480,640,..\Data For Segmentation\Rat18\Mask\Thermal_98.png,480,640,..\Data For Segmentation\Rat18\CSV\Thermal_98_CSV.csv,"(640, 480)",
Rat18,Rat18\Thermal Imaging\Thermal_99.jpg,..\Data For Segmentation\Rat18\Thermal Imaging\Thermal_99.jpg,Thermal_99.jpg,480,640,..\Data For Segmentation\Rat18\Mask\Thermal_99.png,480,640,..\Data For Segmentation\Rat18\CSV\Thermal_99_CSV.csv,"(640, 480)",
Rat19,Rat19\Thermal Imaging\Thermal_1.png,..\Data For Segmentation\Rat19\Thermal Imaging\Thermal_1.png,Thermal_1.png,480,640,..\Data For Segmentation\Rat19\Mask\Thermal_1.png,480,640,..\Data For Segmentation\Rat19\CSV\Thermal_1_CSV.csv,"(640, 480)",
Rat19,Rat19\Thermal Imaging\Thermal_10.png,..\Data For Segmentation\Rat19\Thermal Imaging\Thermal_10.png,Thermal_10.png,480,640,..\Data For Segmentation\Rat19\Mask\Thermal_10.png,480,640,..\Data For Segmentation\Rat19\CSV\Thermal_10_CSV.csv,"(640, 480)",
Rat19,Rat19\Thermal Imaging\Thermal_100.jpg,..\Data For Segmentation\Rat19\Thermal Imaging\Thermal_100.jpg,Thermal_100.jpg,480,640,..\Data For Segmentation\Rat19\Mask\Thermal_100.png,480,640,..\Data For Segmentation\Rat19\CSV\Thermal_100_CSV.csv,"(640, 480)",
Rat19,Rat19\Thermal Imaging\Thermal_101.jpg,..\Data For Segmentation\Rat19\Thermal Imaging\Thermal_101.jpg,Thermal_101.jpg,480,640,..\Data For Segmentation\Rat19\Mask\Thermal_101.png,480,640,..\Data For Segmentation\Rat19\CSV\Thermal_101_CSV.csv,"(640, 480)",
Rat19,Rat19\Thermal Imaging\Thermal_102.jpg,..\Data For Segmentation\Rat19\Thermal Imaging\Thermal_102.jpg,Thermal_102.jpg,480,640,..\Data For Segmentation\Rat19\Mask\Thermal_102.png,480,640,..\Data For Segmentation\Rat19\CSV\Thermal_102_CSV.csv,"(640, 480)",
Rat19,Rat19\Thermal Imaging\Thermal_103.jpg,..\Data For Segmentation\Rat19\Thermal Imaging\Thermal_103.jpg,Thermal_103.jpg,480,640,..\Data For Segmentation\Rat19\Mask\Thermal_103.png,480,640,..\Data For Segmentation\Rat19\CSV\Thermal_103_CSV.csv,"(640, 480)",
Rat19,Rat19\Thermal Imaging\Thermal_104.jpg,..\Data For Segmentation\Rat19\Thermal Imaging\Thermal_104.jpg,Thermal_104.jpg,480,640,..\Data For Segmentation\Rat19\Mask\Thermal_104.png,480,640,..\Data For Segmentation\Rat19\CSV\Thermal_104_CSV.csv,"(640, 480)",
Rat19,Rat19\Thermal Imaging\Thermal_105.jpg,..\Data For Segmentation\Rat19\Thermal Imaging\Thermal_105.jpg,Thermal_105.jpg,480,640,..\Data For Segmentation\Rat19\Mask\Thermal_105.png,480,640,..\Data For Segmentation\Rat19\CSV\Thermal_105_CSV.csv,"(640, 480)",
Rat19,Rat19\Thermal Imaging\Thermal_106.jpg,..\Data For Segmentation\Rat19\Thermal Imaging\Thermal_106.jpg,Thermal_106.jpg,480,640,..\Data For Segmentation\Rat19\Mask\Thermal_106.png,480,640,..\Data For Segmentation\Rat19\CSV\Thermal_106_CSV.csv,"(640, 480)",
Rat19,Rat19\Thermal Imaging\Thermal_107.jpg,..\Data For Segmentation\Rat19\Thermal Imaging\Thermal_107.jpg,Thermal_107.jpg,480,640,..\Data For Segmentation\Rat19\Mask\Thermal_107.png,480,640,..\Data For Segmentation\Rat19\CSV\Thermal_107_CSV.csv,"(640, 480)",
Rat19,Rat19\Thermal Imaging\Thermal_108.jpg,..\Data For Segmentation\Rat19\Thermal Imaging\Thermal_108.jpg,Thermal_108.jpg,480,640,..\Data For Segmentation\Rat19\Mask\Thermal_108.png,480,640,..\Data For Segmentation\Rat19\CSV\Thermal_108_CSV.csv,"(640, 480)",
Rat19,Rat19\Thermal Imaging\Thermal_109.jpg,..\Data For Segmentation\Rat19\Thermal Imaging\Thermal_109.jpg,Thermal_109.jpg,480,640,..\Data For Segmentation\Rat19\Mask\Thermal_109.png,480,640,..\Data For Segmentation\Rat19\CSV\Thermal_109_CSV.csv,"(640, 480)",
Rat19,Rat19\Thermal Imaging\Thermal_11.png,..\Data For Segmentation\Rat19\Thermal Imaging\Thermal_11.png,Thermal_11.png,480,640,..\Data For Segmentation\Rat19\Mask\Thermal_11.png,480,640,..\Data For Segmentation\Rat19\CSV\Thermal_11_CSV.csv,"(640, 480)",
Rat19,Rat19\Thermal Imaging\Thermal_110.jpg,..\Data For Segmentation\Rat19\Thermal Imaging\Thermal_110.jpg,Thermal_110.jpg,480,640,..\Data For Segmentation\Rat19\Mask\Thermal_110.png,480,640,..\Data For Segmentation\Rat19\CSV\Thermal_110_CSV.csv,"(640, 480)",
Rat19,Rat19\Thermal Imaging\Thermal_111.jpg,..\Data For Segmentation\Rat19\Thermal Imaging\Thermal_111.jpg,Thermal_111.jpg,480,640,..\Data For Segmentation\Rat19\Mask\Thermal_111.png,480,640,..\Data For Segmentation\Rat19\CSV\Thermal_111_CSV.csv,"(640, 480)",
Rat19,Rat19\Thermal Imaging\Thermal_112.jpg,..\Data For Segmentation\Rat19\Thermal Imaging\Thermal_112.jpg,Thermal_112.jpg,480,640,..\Data For Segmentation\Rat19\Mask\Thermal_112.png,480,640,..\Data For Segmentation\Rat19\CSV\Thermal_112_CSV.csv,"(640, 480)",
Rat19,Rat19\Thermal Imaging\Thermal_113.jpg,..\Data For Segmentation\Rat19\Thermal Imaging\Thermal_113.jpg,Thermal_113.jpg,480,640,..\Data For Segmentation\Rat19\Mask\Thermal_113.png,480,640,..\Data For Segmentation\Rat19\CSV\Thermal_113_CSV.csv,"(640, 480)",
Rat19,Rat19\Thermal Imaging\Thermal_114.jpg,..\Data For Segmentation\Rat19\Thermal Imaging\Thermal_114.jpg,Thermal_114.jpg,480,640,..\Data For Segmentation\Rat19\Mask\Thermal_114.png,480,640,..\Data For Segmentation\Rat19\CSV\Thermal_114_CSV.csv,"(640, 480)",
Rat19,Rat19\Thermal Imaging\Thermal_115.jpg,..\Data For Segmentation\Rat19\Thermal Imaging\Thermal_115.jpg,Thermal_115.jpg,480,640,..\Data For Segmentation\Rat19\Mask\Thermal_115.png,480,640,..\Data For Segmentation\Rat19\CSV\Thermal_115_CSV.csv,"(640, 480)",
Rat19,Rat19\Thermal Imaging\Thermal_116.jpg,..\Data For Segmentation\Rat19\Thermal Imaging\Thermal_116.jpg,Thermal_116.jpg,480,640,..\Data For Segmentation\Rat19\Mask\Thermal_116.png,480,640,..\Data For Segmentation\Rat19\CSV\Thermal_116_CSV.csv,"(640, 480)",
Rat19,Rat19\Thermal Imaging\Thermal_117.jpg,..\Data For Segmentation\Rat19\Thermal Imaging\Thermal_117.jpg,Thermal_117.jpg,480,640,..\Data For Segmentation\Rat19\Mask\Thermal_117.png,480,640,..\Data For Segmentation\Rat19\CSV\Thermal_117_CSV.csv,"(640, 480)",
Rat19,Rat19\Thermal Imaging\Thermal_118.jpg,..\Data For Segmentation\Rat19\Thermal Imaging\Thermal_118.jpg,Thermal_118.jpg,480,640,..\Data For Segmentation\Rat19\Mask\Thermal_118.png,480,640,..\Data For Segmentation\Rat19\CSV\Thermal_118_CSV.csv,"(640, 480)",
Rat19,Rat19\Thermal Imaging\Thermal_119.jpg,..\Data For Segmentation\Rat19\Thermal Imaging\Thermal_119.jpg,Thermal_119.jpg,480,640,..\Data For Segmentation\Rat19\Mask\Thermal_119.png,480,640,..\Data For Segmentation\Rat19\CSV\Thermal_119_CSV.csv,"(640, 480)",
Rat19,Rat19\Thermal Imaging\Thermal_12.png,..\Data For Segmentation\Rat19\Thermal Imaging\Thermal_12.png,Thermal_12.png,480,640,..\Data For Segmentation\Rat19\Mask\Thermal_12.png,480,640,..\Data For Segmentation\Rat19\CSV\Thermal_12_CSV.csv,"(640, 480)",
Rat19,Rat19\Thermal Imaging\Thermal_120.jpg,..\Data For Segmentation\Rat19\Thermal Imaging\Thermal_120.jpg,Thermal_120.jpg,480,640,..\Data For Segmentation\Rat19\Mask\Thermal_120.png,480,640,..\Data For Segmentation\Rat19\CSV\Thermal_120_CSV.csv,"(640, 480)",
Rat19,Rat19\Thermal Imaging\Thermal_122.jpg,..\Data For Segmentation\Rat19\Thermal Imaging\Thermal_122.jpg,Thermal_122.jpg,480,640,..\Data For Segmentation\Rat19\Mask\Thermal_122.png,480,640,..\Data For Segmentation\Rat19\CSV\Thermal_122_CSV.csv,"(640, 480)",
Rat19,Rat19\Thermal Imaging\Thermal_123.jpg,..\Data For Segmentation\Rat19\Thermal Imaging\Thermal_123.jpg,Thermal_123.jpg,480,640,..\Data For Segmentation\Rat19\Mask\Thermal_123.png,480,640,..\Data For Segmentation\Rat19\CSV\Thermal_123_CSV.csv,"(640, 480)",
Rat19,Rat19\Thermal Imaging\Thermal_124.jpg,..\Data For Segmentation\Rat19\Thermal Imaging\Thermal_124.jpg,Thermal_124.jpg,480,640,..\Data For Segmentation\Rat19\Mask\Thermal_124.png,480,640,..\Data For Segmentation\Rat19\CSV\Thermal_124_CSV.csv,"(640, 480)",
Rat19,Rat19\Thermal Imaging\Thermal_125.jpg,..\Data For Segmentation\Rat19\Thermal Imaging\Thermal_125.jpg,Thermal_125.jpg,480,640,..\Data For Segmentation\Rat19\Mask\Thermal_125.png,480,640,..\Data For Segmentation\Rat19\CSV\Thermal_125_CSV.csv,"(640, 480)",
Rat19,Rat19\Thermal Imaging\Thermal_126.jpg,..\Data For Segmentation\Rat19\Thermal Imaging\Thermal_126.jpg,Thermal_126.jpg,480,640,..\Data For Segmentation\Rat19\Mask\Thermal_126.png,480,640,..\Data For Segmentation\Rat19\CSV\Thermal_126_CSV.csv,"(640, 480)",
Rat19,Rat19\Thermal Imaging\Thermal_127.jpg,..\Data For Segmentation\Rat19\Thermal Imaging\Thermal_127.jpg,Thermal_127.jpg,480,640,..\Data For Segmentation\Rat19\Mask\Thermal_127.png,480,640,..\Data For Segmentation\Rat19\CSV\Thermal_127_CSV.csv,"(640, 480)",
Rat19,Rat19\Thermal Imaging\Thermal_128.jpg,..\Data For Segmentation\Rat19\Thermal Imaging\Thermal_128.jpg,Thermal_128.jpg,480,640,..\Data For Segmentation\Rat19\Mask\Thermal_128.png,480,640,..\Data For Segmentation\Rat19\CSV\Thermal_128_CSV.csv,"(640, 480)",
Rat19,Rat19\Thermal Imaging\Thermal_129.jpg,..\Data For Segmentation\Rat19\Thermal Imaging\Thermal_129.jpg,Thermal_129.jpg,480,640,..\Data For Segmentation\Rat19\Mask\Thermal_129.png,480,640,..\Data For Segmentation\Rat19\CSV\Thermal_129_CSV.csv,"(640, 480)",
Rat19,Rat19\Thermal Imaging\Thermal_13.jpg,..\Data For Segmentation\Rat19\Thermal Imaging\Thermal_13.jpg,Thermal_13.jpg,480,640,..\Data For Segmentation\Rat19\Mask\Thermal_13.png,480,640,..\Data For Segmentation\Rat19\CSV\Thermal_13_CSV.csv,"(640, 480)",
Rat19,Rat19\Thermal Imaging\Thermal_130.jpg,..\Data For Segmentation\Rat19\Thermal Imaging\Thermal_130.jpg,Thermal_130.jpg,480,640,..\Data For Segmentation\Rat19\Mask\Thermal_130.png,480,640,..\Data For Segmentation\Rat19\CSV\Thermal_130_CSV.csv,"(640, 480)",
Rat19,Rat19\Thermal Imaging\Thermal_131.jpg,..\Data For Segmentation\Rat19\Thermal Imaging\Thermal_131.jpg,Thermal_131.jpg,480,640,..\Data For Segmentation\Rat19\Mask\Thermal_131.png,480,640,..\Data For Segmentation\Rat19\CSV\Thermal_131_CSV.csv,"(640, 480)",
Rat19,Rat19\Thermal Imaging\Thermal_132.jpg,..\Data For Segmentation\Rat19\Thermal Imaging\Thermal_132.jpg,Thermal_132.jpg,480,640,..\Data For Segmentation\Rat19\Mask\Thermal_132.png,480,640,..\Data For Segmentation\Rat19\CSV\Thermal_132_CSV.csv,"(640, 480)",
Rat19,Rat19\Thermal Imaging\Thermal_133.jpg,..\Data For Segmentation\Rat19\Thermal Imaging\Thermal_133.jpg,Thermal_133.jpg,480,640,..\Data For Segmentation\Rat19\Mask\Thermal_133.png,480,640,..\Data For Segmentation\Rat19\CSV\Thermal_133_CSV.csv,"(640, 480)",
Rat19,Rat19\Thermal Imaging\Thermal_134.jpg,..\Data For Segmentation\Rat19\Thermal Imaging\Thermal_134.jpg,Thermal_134.jpg,480,640,..\Data For Segmentation\Rat19\Mask\Thermal_134.png,480,640,..\Data For Segmentation\Rat19\CSV\Thermal_134_CSV.csv,"(640, 480)",
Rat19,Rat19\Thermal Imaging\Thermal_135.jpg,..\Data For Segmentation\Rat19\Thermal Imaging\Thermal_135.jpg,Thermal_135.jpg,480,640,..\Data For Segmentation\Rat19\Mask\Thermal_135.png,480,640,..\Data For Segmentation\Rat19\CSV\Thermal_135_CSV.csv,"(640, 480)",
Rat19,Rat19\Thermal Imaging\Thermal_136.jpg,..\Data For Segmentation\Rat19\Thermal Imaging\Thermal_136.jpg,Thermal_136.jpg,480,640,..\Data For Segmentation\Rat19\Mask\Thermal_136.png,480,640,..\Data For Segmentation\Rat19\CSV\Thermal_136_CSV.csv,"(640, 480)",
Rat19,Rat19\Thermal Imaging\Thermal_14.jpg,..\Data For Segmentation\Rat19\Thermal Imaging\Thermal_14.jpg,Thermal_14.jpg,480,640,..\Data For Segmentation\Rat19\Mask\Thermal_14.png,480,640,..\Data For Segmentation\Rat19\CSV\Thermal_14_CSV.csv,"(640, 480)",
Rat19,Rat19\Thermal Imaging\Thermal_15.jpg,..\Data For Segmentation\Rat19\Thermal Imaging\Thermal_15.jpg,Thermal_15.jpg,480,640,..\Data For Segmentation\Rat19\Mask\Thermal_15.png,480,640,..\Data For Segmentation\Rat19\CSV\Thermal_15_CSV.csv,"(640, 480)",
Rat19,Rat19\Thermal Imaging\Thermal_16.jpg,..\Data For Segmentation\Rat19\Thermal Imaging\Thermal_16.jpg,Thermal_16.jpg,480,640,..\Data For Segmentation\Rat19\Mask\Thermal_16.png,480,640,..\Data For Segmentation\Rat19\CSV\Thermal_16_CSV.csv,"(640, 480)",
Rat19,Rat19\Thermal Imaging\Thermal_17.jpg,..\Data For Segmentation\Rat19\Thermal Imaging\Thermal_17.jpg,Thermal_17.jpg,480,640,..\Data For Segmentation\Rat19\Mask\Thermal_17.png,480,640,..\Data For Segmentation\Rat19\CSV\Thermal_17_CSV.csv,"(640, 480)",
Rat19,Rat19\Thermal Imaging\Thermal_18.jpg,..\Data For Segmentation\Rat19\Thermal Imaging\Thermal_18.jpg,Thermal_18.jpg,480,640,..\Data For Segmentation\Rat19\Mask\Thermal_18.png,480,640,..\Data For Segmentation\Rat19\CSV\Thermal_18_CSV.csv,"(640, 480)",
Rat19,Rat19\Thermal Imaging\Thermal_19.jpg,..\Data For Segmentation\Rat19\Thermal Imaging\Thermal_19.jpg,Thermal_19.jpg,480,640,..\Data For Segmentation\Rat19\Mask\Thermal_19.png,480,640,..\Data For Segmentation\Rat19\CSV\Thermal_19_CSV.csv,"(640, 480)",
Rat19,Rat19\Thermal Imaging\Thermal_2.png,..\Data For Segmentation\Rat19\Thermal Imaging\Thermal_2.png,Thermal_2.png,480,640,..\Data For Segmentation\Rat19\Mask\Thermal_2.png,480,640,..\Data For Segmentation\Rat19\CSV\Thermal_2_CSV.csv,"(640, 480)",
Rat19,Rat19\Thermal Imaging\Thermal_20.jpg,..\Data For Segmentation\Rat19\Thermal Imaging\Thermal_20.jpg,Thermal_20.jpg,480,640,..\Data For Segmentation\Rat19\Mask\Thermal_20.png,480,640,..\Data For Segmentation\Rat19\CSV\Thermal_20_CSV.csv,"(640, 480)",
Rat19,Rat19\Thermal Imaging\Thermal_21.jpg,..\Data For Segmentation\Rat19\Thermal Imaging\Thermal_21.jpg,Thermal_21.jpg,480,640,..\Data For Segmentation\Rat19\Mask\Thermal_21.png,480,640,..\Data For Segmentation\Rat19\CSV\Thermal_21_CSV.csv,"(640, 480)",
Rat19,Rat19\Thermal Imaging\Thermal_22.jpg,..\Data For Segmentation\Rat19\Thermal Imaging\Thermal_22.jpg,Thermal_22.jpg,480,640,..\Data For Segmentation\Rat19\Mask\Thermal_22.png,480,640,..\Data For Segmentation\Rat19\CSV\Thermal_22_CSV.csv,"(640, 480)",
Rat19,Rat19\Thermal Imaging\Thermal_23.jpg,..\Data For Segmentation\Rat19\Thermal Imaging\Thermal_23.jpg,Thermal_23.jpg,480,640,..\Data For Segmentation\Rat19\Mask\Thermal_23.png,480,640,..\Data For Segmentation\Rat19\CSV\Thermal_23_CSV.csv,"(640, 480)",
Rat19,Rat19\Thermal Imaging\Thermal_24.jpg,..\Data For Segmentation\Rat19\Thermal Imaging\Thermal_24.jpg,Thermal_24.jpg,480,640,..\Data For Segmentation\Rat19\Mask\Thermal_24.png,480,640,..\Data For Segmentation\Rat19\CSV\Thermal_24_CSV.csv,"(640, 480)",
Rat19,Rat19\Thermal Imaging\Thermal_25.jpg,..\Data For Segmentation\Rat19\Thermal Imaging\Thermal_25.jpg,Thermal_25.jpg,480,640,..\Data For Segmentation\Rat19\Mask\Thermal_25.png,480,640,..\Data For Segmentation\Rat19\CSV\Thermal_25_CSV.csv,"(640, 480)",
Rat19,Rat19\Thermal Imaging\Thermal_26.jpg,..\Data For Segmentation\Rat19\Thermal Imaging\Thermal_26.jpg,Thermal_26.jpg,480,640,..\Data For Segmentation\Rat19\Mask\Thermal_26.png,480,640,..\Data For Segmentation\Rat19\CSV\Thermal_26_CSV.csv,"(640, 480)",
Rat19,Rat19\Thermal Imaging\Thermal_27.jpg,..\Data For Segmentation\Rat19\Thermal Imaging\Thermal_27.jpg,Thermal_27.jpg,480,640,..\Data For Segmentation\Rat19\Mask\Thermal_27.png,480,640,..\Data For Segmentation\Rat19\CSV\Thermal_27_CSV.csv,"(640, 480)",
Rat19,Rat19\Thermal Imaging\Thermal_28.jpg,..\Data For Segmentation\Rat19\Thermal Imaging\Thermal_28.jpg,Thermal_28.jpg,480,640,..\Data For Segmentation\Rat19\Mask\Thermal_28.png,480,640,..\Data For Segmentation\Rat19\CSV\Thermal_28_CSV.csv,"(640, 480)",
Rat19,Rat19\Thermal Imaging\Thermal_29.jpg,..\Data For Segmentation\Rat19\Thermal Imaging\Thermal_29.jpg,Thermal_29.jpg,480,640,..\Data For Segmentation\Rat19\Mask\Thermal_29.png,480,640,..\Data For Segmentation\Rat19\CSV\Thermal_29_CSV.csv,"(640, 480)",
Rat19,Rat19\Thermal Imaging\Thermal_3.png,..\Data For Segmentation\Rat19\Thermal Imaging\Thermal_3.png,Thermal_3.png,480,640,..\Data For Segmentation\Rat19\Mask\Thermal_3.png,480,640,..\Data For Segmentation\Rat19\CSV\Thermal_3_CSV.csv,"(640, 480)",
Rat19,Rat19\Thermal Imaging\Thermal_30.jpg,..\Data For Segmentation\Rat19\Thermal Imaging\Thermal_30.jpg,Thermal_30.jpg,480,640,..\Data For Segmentation\Rat19\Mask\Thermal_30.png,480,640,..\Data For Segmentation\Rat19\CSV\Thermal_30_CSV.csv,"(640, 480)",
Rat19,Rat19\Thermal Imaging\Thermal_31.jpg,..\Data For Segmentation\Rat19\Thermal Imaging\Thermal_31.jpg,Thermal_31.jpg,480,640,..\Data For Segmentation\Rat19\Mask\Thermal_31.png,480,640,..\Data For Segmentation\Rat19\CSV\Thermal_31_CSV.csv,"(640, 480)",
Rat19,Rat19\Thermal Imaging\Thermal_32.jpg,..\Data For Segmentation\Rat19\Thermal Imaging\Thermal_32.jpg,Thermal_32.jpg,480,640,..\Data For Segmentation\Rat19\Mask\Thermal_32.png,480,640,..\Data For Segmentation\Rat19\CSV\Thermal_32_CSV.csv,"(640, 480)",
Rat19,Rat19\Thermal Imaging\Thermal_33.jpg,..\Data For Segmentation\Rat19\Thermal Imaging\Thermal_33.jpg,Thermal_33.jpg,480,640,..\Data For Segmentation\Rat19\Mask\Thermal_33.png,480,640,..\Data For Segmentation\Rat19\CSV\Thermal_33_CSV.csv,"(640, 480)",
Rat19,Rat19\Thermal Imaging\Thermal_34.jpg,..\Data For Segmentation\Rat19\Thermal Imaging\Thermal_34.jpg,Thermal_34.jpg,480,640,..\Data For Segmentation\Rat19\Mask\Thermal_34.png,480,640,..\Data For Segmentation\Rat19\CSV\Thermal_34_CSV.csv,"(640, 480)",
Rat19,Rat19\Thermal Imaging\Thermal_35.jpg,..\Data For Segmentation\Rat19\Thermal Imaging\Thermal_35.jpg,Thermal_35.jpg,480,640,..\Data For Segmentation\Rat19\Mask\Thermal_35.png,480,640,..\Data For Segmentation\Rat19\CSV\Thermal_35_CSV.csv,"(640, 480)",
Rat19,Rat19\Thermal Imaging\Thermal_36.jpg,..\Data For Segmentation\Rat19\Thermal Imaging\Thermal_36.jpg,Thermal_36.jpg,480,640,..\Data For Segmentation\Rat19\Mask\Thermal_36.png,480,640,..\Data For Segmentation\Rat19\CSV\Thermal_36_CSV.csv,"(640, 480)",
Rat19,Rat19\Thermal Imaging\Thermal_37.jpg,..\Data For Segmentation\Rat19\Thermal Imaging\Thermal_37.jpg,Thermal_37.jpg,480,640,..\Data For Segmentation\Rat19\Mask\Thermal_37.png,480,640,..\Data For Segmentation\Rat19\CSV\Thermal_37_CSV.csv,"(640, 480)",
Rat19,Rat19\Thermal Imaging\Thermal_38.jpg,..\Data For Segmentation\Rat19\Thermal Imaging\Thermal_38.jpg,Thermal_38.jpg,480,640,..\Data For Segmentation\Rat19\Mask\Thermal_38.png,480,640,..\Data For Segmentation\Rat19\CSV\Thermal_38_CSV.csv,"(640, 480)",
Rat19,Rat19\Thermal Imaging\Thermal_39.jpg,..\Data For Segmentation\Rat19\Thermal Imaging\Thermal_39.jpg,Thermal_39.jpg,480,640,..\Data For Segmentation\Rat19\Mask\Thermal_39.png,480,640,..\Data For Segmentation\Rat19\CSV\Thermal_39_CSV.csv,"(640, 480)",
Rat19,Rat19\Thermal Imaging\Thermal_4.png,..\Data For Segmentation\Rat19\Thermal Imaging\Thermal_4.png,Thermal_4.png,480,640,..\Data For Segmentation\Rat19\Mask\Thermal_4.png,480,640,..\Data For Segmentation\Rat19\CSV\Thermal_4_CSV.csv,"(640, 480)",
Rat19,Rat19\Thermal Imaging\Thermal_40.jpg,..\Data For Segmentation\Rat19\Thermal Imaging\Thermal_40.jpg,Thermal_40.jpg,480,640,..\Data For Segmentation\Rat19\Mask\Thermal_40.png,480,640,..\Data For Segmentation\Rat19\CSV\Thermal_40_CSV.csv,"(640, 480)",
Rat19,Rat19\Thermal Imaging\Thermal_41.jpg,..\Data For Segmentation\Rat19\Thermal Imaging\Thermal_41.jpg,Thermal_41.jpg,480,640,..\Data For Segmentation\Rat19\Mask\Thermal_41.png,480,640,..\Data For Segmentation\Rat19\CSV\Thermal_41_CSV.csv,"(640, 480)",
Rat19,Rat19\Thermal Imaging\Thermal_42.jpg,..\Data For Segmentation\Rat19\Thermal Imaging\Thermal_42.jpg,Thermal_42.jpg,480,640,..\Data For Segmentation\Rat19\Mask\Thermal_42.png,480,640,..\Data For Segmentation\Rat19\CSV\Thermal_42_CSV.csv,"(640, 480)",
Rat19,Rat19\Thermal Imaging\Thermal_43.jpg,..\Data For Segmentation\Rat19\Thermal Imaging\Thermal_43.jpg,Thermal_43.jpg,480,640,..\Data For Segmentation\Rat19\Mask\Thermal_43.png,480,640,..\Data For Segmentation\Rat19\CSV\Thermal_43_CSV.csv,"(640, 480)",
Rat19,Rat19\Thermal Imaging\Thermal_44.jpg,..\Data For Segmentation\Rat19\Thermal Imaging\Thermal_44.jpg,Thermal_44.jpg,480,640,..\Data For Segmentation\Rat19\Mask\Thermal_44.png,480,640,..\Data For Segmentation\Rat19\CSV\Thermal_44_CSV.csv,"(640, 480)",
Rat19,Rat19\Thermal Imaging\Thermal_45.jpg,..\Data For Segmentation\Rat19\Thermal Imaging\Thermal_45.jpg,Thermal_45.jpg,480,640,..\Data For Segmentation\Rat19\Mask\Thermal_45.png,480,640,..\Data For Segmentation\Rat19\CSV\Thermal_45_CSV.csv,"(640, 480)",
Rat19,Rat19\Thermal Imaging\Thermal_46.jpg,..\Data For Segmentation\Rat19\Thermal Imaging\Thermal_46.jpg,Thermal_46.jpg,480,640,..\Data For Segmentation\Rat19\Mask\Thermal_46.png,480,640,..\Data For Segmentation\Rat19\CSV\Thermal_46_CSV.csv,"(640, 480)",
Rat19,Rat19\Thermal Imaging\Thermal_47.jpg,..\Data For Segmentation\Rat19\Thermal Imaging\Thermal_47.jpg,Thermal_47.jpg,480,640,..\Data For Segmentation\Rat19\Mask\Thermal_47.png,480,640,..\Data For Segmentation\Rat19\CSV\Thermal_47_CSV.csv,"(640, 480)",
Rat19,Rat19\Thermal Imaging\Thermal_48.jpg,..\Data For Segmentation\Rat19\Thermal Imaging\Thermal_48.jpg,Thermal_48.jpg,480,640,..\Data For Segmentation\Rat19\Mask\Thermal_48.png,480,640,..\Data For Segmentation\Rat19\CSV\Thermal_48_CSV.csv,"(640, 480)",
Rat19,Rat19\Thermal Imaging\Thermal_49.jpg,..\Data For Segmentation\Rat19\Thermal Imaging\Thermal_49.jpg,Thermal_49.jpg,480,640,..\Data For Segmentation\Rat19\Mask\Thermal_49.png,480,640,..\Data For Segmentation\Rat19\CSV\Thermal_49_CSV.csv,"(640, 480)",
Rat19,Rat19\Thermal Imaging\Thermal_5.png,..\Data For Segmentation\Rat19\Thermal Imaging\Thermal_5.png,Thermal_5.png,480,640,..\Data For Segmentation\Rat19\Mask\Thermal_5.png,480,640,..\Data For Segmentation\Rat19\CSV\Thermal_5_CSV.csv,"(640, 480)",
Rat19,Rat19\Thermal Imaging\Thermal_50.jpg,..\Data For Segmentation\Rat19\Thermal Imaging\Thermal_50.jpg,Thermal_50.jpg,480,640,..\Data For Segmentation\Rat19\Mask\Thermal_50.png,480,640,..\Data For Segmentation\Rat19\CSV\Thermal_50_CSV.csv,"(640, 480)",
Rat19,Rat19\Thermal Imaging\Thermal_51.jpg,..\Data For Segmentation\Rat19\Thermal Imaging\Thermal_51.jpg,Thermal_51.jpg,480,640,..\Data For Segmentation\Rat19\Mask\Thermal_51.png,480,640,..\Data For Segmentation\Rat19\CSV\Thermal_51_CSV.csv,"(640, 480)",
Rat19,Rat19\Thermal Imaging\Thermal_52.jpg,..\Data For Segmentation\Rat19\Thermal Imaging\Thermal_52.jpg,Thermal_52.jpg,480,640,..\Data For Segmentation\Rat19\Mask\Thermal_52.png,480,640,..\Data For Segmentation\Rat19\CSV\Thermal_52_CSV.csv,"(640, 480)",
Rat19,Rat19\Thermal Imaging\Thermal_53.jpg,..\Data For Segmentation\Rat19\Thermal Imaging\Thermal_53.jpg,Thermal_53.jpg,480,640,..\Data For Segmentation\Rat19\Mask\Thermal_53.png,480,640,..\Data For Segmentation\Rat19\CSV\Thermal_53_CSV.csv,"(640, 480)",
Rat19,Rat19\Thermal Imaging\Thermal_54.jpg,..\Data For Segmentation\Rat19\Thermal Imaging\Thermal_54.jpg,Thermal_54.jpg,480,640,..\Data For Segmentation\Rat19\Mask\Thermal_54.png,480,640,..\Data For Segmentation\Rat19\CSV\Thermal_54_CSV.csv,"(640, 480)",
Rat19,Rat19\Thermal Imaging\Thermal_55.jpg,..\Data For Segmentation\Rat19\Thermal Imaging\Thermal_55.jpg,Thermal_55.jpg,480,640,..\Data For Segmentation\Rat19\Mask\Thermal_55.png,480,640,..\Data For Segmentation\Rat19\CSV\Thermal_55_CSV.csv,"(640, 480)",
Rat19,Rat19\Thermal Imaging\Thermal_56.jpg,..\Data For Segmentation\Rat19\Thermal Imaging\Thermal_56.jpg,Thermal_56.jpg,480,640,..\Data For Segmentation\Rat19\Mask\Thermal_56.png,480,640,..\Data For Segmentation\Rat19\CSV\Thermal_56_CSV.csv,"(640, 480)",
Rat19,Rat19\Thermal Imaging\Thermal_57.jpg,..\Data For Segmentation\Rat19\Thermal Imaging\Thermal_57.jpg,Thermal_57.jpg,480,640,..\Data For Segmentation\Rat19\Mask\Thermal_57.png,480,640,..\Data For Segmentation\Rat19\CSV\Thermal_57_CSV.csv,"(640, 480)",
Rat19,Rat19\Thermal Imaging\Thermal_58.jpg,..\Data For Segmentation\Rat19\Thermal Imaging\Thermal_58.jpg,Thermal_58.jpg,480,640,..\Data For Segmentation\Rat19\Mask\Thermal_58.png,480,640,..\Data For Segmentation\Rat19\CSV\Thermal_58_CSV.csv,"(640, 480)",
Rat19,Rat19\Thermal Imaging\Thermal_59.jpg,..\Data For Segmentation\Rat19\Thermal Imaging\Thermal_59.jpg,Thermal_59.jpg,480,640,..\Data For Segmentation\Rat19\Mask\Thermal_59.png,480,640,..\Data For Segmentation\Rat19\CSV\Thermal_59_CSV.csv,"(640, 480)",
Rat19,Rat19\Thermal Imaging\Thermal_6.png,..\Data For Segmentation\Rat19\Thermal Imaging\Thermal_6.png,Thermal_6.png,480,640,..\Data For Segmentation\Rat19\Mask\Thermal_6.png,480,640,..\Data For Segmentation\Rat19\CSV\Thermal_6_CSV.csv,"(640, 480)",
Rat19,Rat19\Thermal Imaging\Thermal_60.jpg,..\Data For Segmentation\Rat19\Thermal Imaging\Thermal_60.jpg,Thermal_60.jpg,480,640,..\Data For Segmentation\Rat19\Mask\Thermal_60.png,480,640,..\Data For Segmentation\Rat19\CSV\Thermal_60_CSV.csv,"(640, 480)",
Rat19,Rat19\Thermal Imaging\Thermal_61.jpg,..\Data For Segmentation\Rat19\Thermal Imaging\Thermal_61.jpg,Thermal_61.jpg,480,640,..\Data For Segmentation\Rat19\Mask\Thermal_61.png,480,640,..\Data For Segmentation\Rat19\CSV\Thermal_61_CSV.csv,"(640, 480)",
Rat19,Rat19\Thermal Imaging\Thermal_62.jpg,..\Data For Segmentation\Rat19\Thermal Imaging\Thermal_62.jpg,Thermal_62.jpg,480,640,..\Data For Segmentation\Rat19\Mask\Thermal_62.png,480,640,..\Data For Segmentation\Rat19\CSV\Thermal_62_CSV.csv,"(640, 480)",
Rat19,Rat19\Thermal Imaging\Thermal_63.jpg,..\Data For Segmentation\Rat19\Thermal Imaging\Thermal_63.jpg,Thermal_63.jpg,480,640,..\Data For Segmentation\Rat19\Mask\Thermal_63.png,480,640,..\Data For Segmentation\Rat19\CSV\Thermal_63_CSV.csv,"(640, 480)",
Rat19,Rat19\Thermal Imaging\Thermal_64.jpg,..\Data For Segmentation\Rat19\Thermal Imaging\Thermal_64.jpg,Thermal_64.jpg,480,640,..\Data For Segmentation\Rat19\Mask\Thermal_64.png,480,640,..\Data For Segmentation\Rat19\CSV\Thermal_64_CSV.csv,"(640, 480)",
Rat19,Rat19\Thermal Imaging\Thermal_65.jpg,..\Data For Segmentation\Rat19\Thermal Imaging\Thermal_65.jpg,Thermal_65.jpg,480,640,..\Data For Segmentation\Rat19\Mask\Thermal_65.png,480,640,..\Data For Segmentation\Rat19\CSV\Thermal_65_CSV.csv,"(640, 480)",
Rat19,Rat19\Thermal Imaging\Thermal_66.jpg,..\Data For Segmentation\Rat19\Thermal Imaging\Thermal_66.jpg,Thermal_66.jpg,480,640,..\Data For Segmentation\Rat19\Mask\Thermal_66.png,480,640,..\Data For Segmentation\Rat19\CSV\Thermal_66_CSV.csv,"(640, 480)",
Rat19,Rat19\Thermal Imaging\Thermal_67.jpg,..\Data For Segmentation\Rat19\Thermal Imaging\Thermal_67.jpg,Thermal_67.jpg,480,640,..\Data For Segmentation\Rat19\Mask\Thermal_67.png,480,640,..\Data For Segmentation\Rat19\CSV\Thermal_67_CSV.csv,"(640, 480)",
Rat19,Rat19\Thermal Imaging\Thermal_68.jpg,..\Data For Segmentation\Rat19\Thermal Imaging\Thermal_68.jpg,Thermal_68.jpg,480,640,..\Data For Segmentation\Rat19\Mask\Thermal_68.png,480,640,..\Data For Segmentation\Rat19\CSV\Thermal_68_CSV.csv,"(640, 480)",
Rat19,Rat19\Thermal Imaging\Thermal_69.jpg,..\Data For Segmentation\Rat19\Thermal Imaging\Thermal_69.jpg,Thermal_69.jpg,480,640,..\Data For Segmentation\Rat19\Mask\Thermal_69.png,480,640,..\Data For Segmentation\Rat19\CSV\Thermal_69_CSV.csv,"(640, 480)",
Rat19,Rat19\Thermal Imaging\Thermal_7.png,..\Data For Segmentation\Rat19\Thermal Imaging\Thermal_7.png,Thermal_7.png,480,640,..\Data For Segmentation\Rat19\Mask\Thermal_7.png,480,640,..\Data For Segmentation\Rat19\CSV\Thermal_7_CSV.csv,"(640, 480)",
Rat19,Rat19\Thermal Imaging\Thermal_70.jpg,..\Data For Segmentation\Rat19\Thermal Imaging\Thermal_70.jpg,Thermal_70.jpg,480,640,..\Data For Segmentation\Rat19\Mask\Thermal_70.png,480,640,..\Data For Segmentation\Rat19\CSV\Thermal_70_CSV.csv,"(640, 480)",
Rat19,Rat19\Thermal Imaging\Thermal_71.jpg,..\Data For Segmentation\Rat19\Thermal Imaging\Thermal_71.jpg,Thermal_71.jpg,480,640,..\Data For Segmentation\Rat19\Mask\Thermal_71.png,480,640,..\Data For Segmentation\Rat19\CSV\Thermal_71_CSV.csv,"(640, 480)",
Rat19,Rat19\Thermal Imaging\Thermal_72.jpg,..\Data For Segmentation\Rat19\Thermal Imaging\Thermal_72.jpg,Thermal_72.jpg,480,640,..\Data For Segmentation\Rat19\Mask\Thermal_72.png,480,640,..\Data For Segmentation\Rat19\CSV\Thermal_72_CSV.csv,"(640, 480)",
Rat19,Rat19\Thermal Imaging\Thermal_73.jpg,..\Data For Segmentation\Rat19\Thermal Imaging\Thermal_73.jpg,Thermal_73.jpg,480,640,..\Data For Segmentation\Rat19\Mask\Thermal_73.png,480,640,..\Data For Segmentation\Rat19\CSV\Thermal_73_CSV.csv,"(640, 480)",
Rat19,Rat19\Thermal Imaging\Thermal_74.jpg,..\Data For Segmentation\Rat19\Thermal Imaging\Thermal_74.jpg,Thermal_74.jpg,480,640,..\Data For Segmentation\Rat19\Mask\Thermal_74.png,480,640,..\Data For Segmentation\Rat19\CSV\Thermal_74_CSV.csv,"(640, 480)",
Rat19,Rat19\Thermal Imaging\Thermal_75.jpg,..\Data For Segmentation\Rat19\Thermal Imaging\Thermal_75.jpg,Thermal_75.jpg,480,640,..\Data For Segmentation\Rat19\Mask\Thermal_75.png,480,640,..\Data For Segmentation\Rat19\CSV\Thermal_75_CSV.csv,"(640, 480)",
Rat19,Rat19\Thermal Imaging\Thermal_76.jpg,..\Data For Segmentation\Rat19\Thermal Imaging\Thermal_76.jpg,Thermal_76.jpg,480,640,..\Data For Segmentation\Rat19\Mask\Thermal_76.png,480,640,..\Data For Segmentation\Rat19\CSV\Thermal_76_CSV.csv,"(640, 480)",
Rat19,Rat19\Thermal Imaging\Thermal_77.jpg,..\Data For Segmentation\Rat19\Thermal Imaging\Thermal_77.jpg,Thermal_77.jpg,480,640,..\Data For Segmentation\Rat19\Mask\Thermal_77.png,480,640,..\Data For Segmentation\Rat19\CSV\Thermal_77_CSV.csv,"(640, 480)",
Rat19,Rat19\Thermal Imaging\Thermal_78.jpg,..\Data For Segmentation\Rat19\Thermal Imaging\Thermal_78.jpg,Thermal_78.jpg,480,640,..\Data For Segmentation\Rat19\Mask\Thermal_78.png,480,640,..\Data For Segmentation\Rat19\CSV\Thermal_78_CSV.csv,"(640, 480)",
Rat19,Rat19\Thermal Imaging\Thermal_79.jpg,..\Data For Segmentation\Rat19\Thermal Imaging\Thermal_79.jpg,Thermal_79.jpg,480,640,..\Data For Segmentation\Rat19\Mask\Thermal_79.png,480,640,..\Data For Segmentation\Rat19\CSV\Thermal_79_CSV.csv,"(640, 480)",
Rat19,Rat19\Thermal Imaging\Thermal_8.png,..\Data For Segmentation\Rat19\Thermal Imaging\Thermal_8.png,Thermal_8.png,480,640,..\Data For Segmentation\Rat19\Mask\Thermal_8.png,480,640,..\Data For Segmentation\Rat19\CSV\Thermal_8_CSV.csv,"(640, 480)",
Rat19,Rat19\Thermal Imaging\Thermal_80.jpg,..\Data For Segmentation\Rat19\Thermal Imaging\Thermal_80.jpg,Thermal_80.jpg,480,640,..\Data For Segmentation\Rat19\Mask\Thermal_80.png,480,640,..\Data For Segmentation\Rat19\CSV\Thermal_80_CSV.csv,"(640, 480)",
Rat19,Rat19\Thermal Imaging\Thermal_81.jpg,..\Data For Segmentation\Rat19\Thermal Imaging\Thermal_81.jpg,Thermal_81.jpg,480,640,..\Data For Segmentation\Rat19\Mask\Thermal_81.png,480,640,..\Data For Segmentation\Rat19\CSV\Thermal_81_CSV.csv,"(640, 480)",
Rat19,Rat19\Thermal Imaging\Thermal_82.jpg,..\Data For Segmentation\Rat19\Thermal Imaging\Thermal_82.jpg,Thermal_82.jpg,480,640,..\Data For Segmentation\Rat19\Mask\Thermal_82.png,480,640,..\Data For Segmentation\Rat19\CSV\Thermal_82_CSV.csv,"(640, 480)",
Rat19,Rat19\Thermal Imaging\Thermal_83.jpg,..\Data For Segmentation\Rat19\Thermal Imaging\Thermal_83.jpg,Thermal_83.jpg,480,640,..\Data For Segmentation\Rat19\Mask\Thermal_83.png,480,640,..\Data For Segmentation\Rat19\CSV\Thermal_83_CSV.csv,"(640, 480)",
Rat19,Rat19\Thermal Imaging\Thermal_84.jpg,..\Data For Segmentation\Rat19\Thermal Imaging\Thermal_84.jpg,Thermal_84.jpg,480,640,..\Data For Segmentation\Rat19\Mask\Thermal_84.png,480,640,..\Data For Segmentation\Rat19\CSV\Thermal_84_CSV.csv,"(640, 480)",
Rat19,Rat19\Thermal Imaging\Thermal_85.jpg,..\Data For Segmentation\Rat19\Thermal Imaging\Thermal_85.jpg,Thermal_85.jpg,480,640,..\Data For Segmentation\Rat19\Mask\Thermal_85.png,480,640,..\Data For Segmentation\Rat19\CSV\Thermal_85_CSV.csv,"(640, 480)",
Rat19,Rat19\Thermal Imaging\Thermal_86.jpg,..\Data For Segmentation\Rat19\Thermal Imaging\Thermal_86.jpg,Thermal_86.jpg,480,640,..\Data For Segmentation\Rat19\Mask\Thermal_86.png,480,640,..\Data For Segmentation\Rat19\CSV\Thermal_86_CSV.csv,"(640, 480)",
Rat19,Rat19\Thermal Imaging\Thermal_87.jpg,..\Data For Segmentation\Rat19\Thermal Imaging\Thermal_87.jpg,Thermal_87.jpg,480,640,..\Data For Segmentation\Rat19\Mask\Thermal_87.png,480,640,..\Data For Segmentation\Rat19\CSV\Thermal_87_CSV.csv,"(640, 480)",
Rat19,Rat19\Thermal Imaging\Thermal_88.jpg,..\Data For Segmentation\Rat19\Thermal Imaging\Thermal_88.jpg,Thermal_88.jpg,480,640,..\Data For Segmentation\Rat19\Mask\Thermal_88.png,480,640,..\Data For Segmentation\Rat19\CSV\Thermal_88_CSV.csv,"(640, 480)",
Rat19,Rat19\Thermal Imaging\Thermal_89.jpg,..\Data For Segmentation\Rat19\Thermal Imaging\Thermal_89.jpg,Thermal_89.jpg,480,640,..\Data For Segmentation\Rat19\Mask\Thermal_89.png,480,640,..\Data For Segmentation\Rat19\CSV\Thermal_89_CSV.csv,"(640, 480)",
Rat19,Rat19\Thermal Imaging\Thermal_9.png,..\Data For Segmentation\Rat19\Thermal Imaging\Thermal_9.png,Thermal_9.png,480,640,..\Data For Segmentation\Rat19\Mask\Thermal_9.png,480,640,..\Data For Segmentation\Rat19\CSV\Thermal_9_CSV.csv,"(640, 480)",
Rat19,Rat19\Thermal Imaging\Thermal_90.jpg,..\Data For Segmentation\Rat19\Thermal Imaging\Thermal_90.jpg,Thermal_90.jpg,480,640,..\Data For Segmentation\Rat19\Mask\Thermal_90.png,480,640,..\Data For Segmentation\Rat19\CSV\Thermal_90_CSV.csv,"(640, 480)",
Rat19,Rat19\Thermal Imaging\Thermal_91.jpg,..\Data For Segmentation\Rat19\Thermal Imaging\Thermal_91.jpg,Thermal_91.jpg,480,640,..\Data For Segmentation\Rat19\Mask\Thermal_91.png,480,640,..\Data For Segmentation\Rat19\CSV\Thermal_91_CSV.csv,"(640, 480)",
Rat19,Rat19\Thermal Imaging\Thermal_92.jpg,..\Data For Segmentation\Rat19\Thermal Imaging\Thermal_92.jpg,Thermal_92.jpg,480,640,..\Data For Segmentation\Rat19\Mask\Thermal_92.png,480,640,..\Data For Segmentation\Rat19\CSV\Thermal_92_CSV.csv,"(640, 480)",
Rat19,Rat19\Thermal Imaging\Thermal_93.jpg,..\Data For Segmentation\Rat19\Thermal Imaging\Thermal_93.jpg,Thermal_93.jpg,480,640,..\Data For Segmentation\Rat19\Mask\Thermal_93.png,480,640,..\Data For Segmentation\Rat19\CSV\Thermal_93_CSV.csv,"(640, 480)",
Rat19,Rat19\Thermal Imaging\Thermal_94.jpg,..\Data For Segmentation\Rat19\Thermal Imaging\Thermal_94.jpg,Thermal_94.jpg,480,640,..\Data For Segmentation\Rat19\Mask\Thermal_94.png,480,640,..\Data For Segmentation\Rat19\CSV\Thermal_94_CSV.csv,"(640, 480)",
Rat2,Rat2\Thermal Imaging\Thermal_1.png,..\Data For Segmentation\Rat2\Thermal Imaging\Thermal_1.png,Thermal_1.png,480,640,..\Data For Segmentation\Rat2\Mask\Thermal_1.png,480,640,..\Data For Segmentation\Rat2\CSV\Thermal_1_CSV.csv,"(640, 480)",
Rat2,Rat2\Thermal Imaging\Thermal_10.png,..\Data For Segmentation\Rat2\Thermal Imaging\Thermal_10.png,Thermal_10.png,480,640,..\Data For Segmentation\Rat2\Mask\Thermal_10.png,480,640,..\Data For Segmentation\Rat2\CSV\Thermal_10_CSV.csv,"(640, 480)",
Rat2,Rat2\Thermal Imaging\Thermal_11.png,..\Data For Segmentation\Rat2\Thermal Imaging\Thermal_11.png,Thermal_11.png,480,640,..\Data For Segmentation\Rat2\Mask\Thermal_11.png,480,640,..\Data For Segmentation\Rat2\CSV\Thermal_11_CSV.csv,"(640, 480)",
Rat2,Rat2\Thermal Imaging\Thermal_12.png,..\Data For Segmentation\Rat2\Thermal Imaging\Thermal_12.png,Thermal_12.png,480,640,..\Data For Segmentation\Rat2\Mask\Thermal_12.png,480,640,..\Data For Segmentation\Rat2\CSV\Thermal_12_CSV.csv,"(640, 480)",
Rat2,Rat2\Thermal Imaging\Thermal_13.png,..\Data For Segmentation\Rat2\Thermal Imaging\Thermal_13.png,Thermal_13.png,480,640,..\Data For Segmentation\Rat2\Mask\Thermal_13.png,480,640,..\Data For Segmentation\Rat2\CSV\Thermal_13_CSV.csv,"(640, 480)",
Rat2,Rat2\Thermal Imaging\Thermal_14.png,..\Data For Segmentation\Rat2\Thermal Imaging\Thermal_14.png,Thermal_14.png,480,640,..\Data For Segmentation\Rat2\Mask\Thermal_14.png,480,640,..\Data For Segmentation\Rat2\CSV\Thermal_14_CSV.csv,"(640, 480)",
Rat2,Rat2\Thermal Imaging\Thermal_15.png,..\Data For Segmentation\Rat2\Thermal Imaging\Thermal_15.png,Thermal_15.png,480,640,..\Data For Segmentation\Rat2\Mask\Thermal_15.png,480,640,..\Data For Segmentation\Rat2\CSV\Thermal_15_CSV.csv,"(640, 480)",
Rat2,Rat2\Thermal Imaging\Thermal_16.png,..\Data For Segmentation\Rat2\Thermal Imaging\Thermal_16.png,Thermal_16.png,480,640,..\Data For Segmentation\Rat2\Mask\Thermal_16.png,480,640,..\Data For Segmentation\Rat2\CSV\Thermal_16_CSV.csv,"(640, 480)",
Rat2,Rat2\Thermal Imaging\Thermal_17.png,..\Data For Segmentation\Rat2\Thermal Imaging\Thermal_17.png,Thermal_17.png,480,640,..\Data For Segmentation\Rat2\Mask\Thermal_17.png,480,640,..\Data For Segmentation\Rat2\CSV\Thermal_17_CSV.csv,"(640, 480)",
Rat2,Rat2\Thermal Imaging\Thermal_18.png,..\Data For Segmentation\Rat2\Thermal Imaging\Thermal_18.png,Thermal_18.png,480,640,..\Data For Segmentation\Rat2\Mask\Thermal_18.png,480,640,..\Data For Segmentation\Rat2\CSV\Thermal_18_CSV.csv,"(640, 480)",
Rat2,Rat2\Thermal Imaging\Thermal_19.png,..\Data For Segmentation\Rat2\Thermal Imaging\Thermal_19.png,Thermal_19.png,480,640,..\Data For Segmentation\Rat2\Mask\Thermal_19.png,480,640,..\Data For Segmentation\Rat2\CSV\Thermal_19_CSV.csv,"(640, 480)",
Rat2,Rat2\Thermal Imaging\Thermal_2.png,..\Data For Segmentation\Rat2\Thermal Imaging\Thermal_2.png,Thermal_2.png,480,640,..\Data For Segmentation\Rat2\Mask\Thermal_2.png,480,640,..\Data For Segmentation\Rat2\CSV\Thermal_2_CSV.csv,"(640, 480)",
Rat2,Rat2\Thermal Imaging\Thermal_20.png,..\Data For Segmentation\Rat2\Thermal Imaging\Thermal_20.png,Thermal_20.png,480,640,..\Data For Segmentation\Rat2\Mask\Thermal_20.png,480,640,..\Data For Segmentation\Rat2\CSV\Thermal_20_CSV.csv,"(640, 480)",
Rat2,Rat2\Thermal Imaging\Thermal_21.png,..\Data For Segmentation\Rat2\Thermal Imaging\Thermal_21.png,Thermal_21.png,480,640,..\Data For Segmentation\Rat2\Mask\Thermal_21.png,480,640,..\Data For Segmentation\Rat2\CSV\Thermal_21_CSV.csv,"(640, 480)",
Rat2,Rat2\Thermal Imaging\Thermal_22.png,..\Data For Segmentation\Rat2\Thermal Imaging\Thermal_22.png,Thermal_22.png,640,480,..\Data For Segmentation\Rat2\Mask\Thermal_22.png,640,480,..\Data For Segmentation\Rat2\CSV\Thermal_22_CSV.csv,"(480, 640)",
Rat2,Rat2\Thermal Imaging\Thermal_23.png,..\Data For Segmentation\Rat2\Thermal Imaging\Thermal_23.png,Thermal_23.png,640,480,..\Data For Segmentation\Rat2\Mask\Thermal_23.png,640,480,..\Data For Segmentation\Rat2\CSV\Thermal_23_CSV.csv,"(480, 640)",
Rat2,Rat2\Thermal Imaging\Thermal_24.png,..\Data For Segmentation\Rat2\Thermal Imaging\Thermal_24.png,Thermal_24.png,480,640,..\Data For Segmentation\Rat2\Mask\Thermal_24.png,480,640,..\Data For Segmentation\Rat2\CSV\Thermal_24_CSV.csv,"(640, 480)",
Rat2,Rat2\Thermal Imaging\Thermal_25.png,..\Data For Segmentation\Rat2\Thermal Imaging\Thermal_25.png,Thermal_25.png,480,640,..\Data For Segmentation\Rat2\Mask\Thermal_25.png,480,640,..\Data For Segmentation\Rat2\CSV\Thermal_25_CSV.csv,"(640, 480)",
Rat2,Rat2\Thermal Imaging\Thermal_26.png,..\Data For Segmentation\Rat2\Thermal Imaging\Thermal_26.png,Thermal_26.png,480,640,..\Data For Segmentation\Rat2\Mask\Thermal_26.png,480,640,..\Data For Segmentation\Rat2\CSV\Thermal_26_CSV.csv,"(640, 480)",
Rat2,Rat2\Thermal Imaging\Thermal_27.png,..\Data For Segmentation\Rat2\Thermal Imaging\Thermal_27.png,Thermal_27.png,480,640,..\Data For Segmentation\Rat2\Mask\Thermal_27.png,480,640,..\Data For Segmentation\Rat2\CSV\Thermal_27_CSV.csv,"(640, 480)",
Rat2,Rat2\Thermal Imaging\Thermal_28.png,..\Data For Segmentation\Rat2\Thermal Imaging\Thermal_28.png,Thermal_28.png,480,640,..\Data For Segmentation\Rat2\Mask\Thermal_28.png,480,640,..\Data For Segmentation\Rat2\CSV\Thermal_28_CSV.csv,"(640, 480)",
Rat2,Rat2\Thermal Imaging\Thermal_3.png,..\Data For Segmentation\Rat2\Thermal Imaging\Thermal_3.png,Thermal_3.png,480,640,..\Data For Segmentation\Rat2\Mask\Thermal_3.png,480,640,..\Data For Segmentation\Rat2\CSV\Thermal_3_CSV.csv,"(640, 480)",
Rat2,Rat2\Thermal Imaging\Thermal_30.png,..\Data For Segmentation\Rat2\Thermal Imaging\Thermal_30.png,Thermal_30.png,480,640,..\Data For Segmentation\Rat2\Mask\Thermal_30.png,480,640,..\Data For Segmentation\Rat2\CSV\Thermal_30_CSV.csv,"(640, 480)",
Rat2,Rat2\Thermal Imaging\Thermal_31.png,..\Data For Segmentation\Rat2\Thermal Imaging\Thermal_31.png,Thermal_31.png,480,640,..\Data For Segmentation\Rat2\Mask\Thermal_31.png,480,640,..\Data For Segmentation\Rat2\CSV\Thermal_31_CSV.csv,"(640, 480)",
Rat2,Rat2\Thermal Imaging\Thermal_32.png,..\Data For Segmentation\Rat2\Thermal Imaging\Thermal_32.png,Thermal_32.png,480,640,..\Data For Segmentation\Rat2\Mask\Thermal_32.png,480,640,..\Data For Segmentation\Rat2\CSV\Thermal_32_CSV.csv,"(640, 480)",
Rat2,Rat2\Thermal Imaging\Thermal_33.png,..\Data For Segmentation\Rat2\Thermal Imaging\Thermal_33.png,Thermal_33.png,480,640,..\Data For Segmentation\Rat2\Mask\Thermal_33.png,480,640,..\Data For Segmentation\Rat2\CSV\Thermal_33_CSV.csv,"(640, 480)",
Rat2,Rat2\Thermal Imaging\Thermal_34.png,..\Data For Segmentation\Rat2\Thermal Imaging\Thermal_34.png,Thermal_34.png,480,640,..\Data For Segmentation\Rat2\Mask\Thermal_34.png,480,640,..\Data For Segmentation\Rat2\CSV\Thermal_34_CSV.csv,"(640, 480)",
Rat2,Rat2\Thermal Imaging\Thermal_4.png,..\Data For Segmentation\Rat2\Thermal Imaging\Thermal_4.png,Thermal_4.png,480,640,..\Data For Segmentation\Rat2\Mask\Thermal_4.png,480,640,..\Data For Segmentation\Rat2\CSV\Thermal_4_CSV.csv,"(640, 480)",
Rat2,Rat2\Thermal Imaging\Thermal_5.png,..\Data For Segmentation\Rat2\Thermal Imaging\Thermal_5.png,Thermal_5.png,480,640,..\Data For Segmentation\Rat2\Mask\Thermal_5.png,480,640,..\Data For Segmentation\Rat2\CSV\Thermal_5_CSV.csv,"(640, 480)",
Rat2,Rat2\Thermal Imaging\Thermal_6.png,..\Data For Segmentation\Rat2\Thermal Imaging\Thermal_6.png,Thermal_6.png,480,640,..\Data For Segmentation\Rat2\Mask\Thermal_6.png,480,640,..\Data For Segmentation\Rat2\CSV\Thermal_6_CSV.csv,"(640, 480)",
Rat2,Rat2\Thermal Imaging\Thermal_7.png,..\Data For Segmentation\Rat2\Thermal Imaging\Thermal_7.png,Thermal_7.png,480,640,..\Data For Segmentation\Rat2\Mask\Thermal_7.png,480,640,..\Data For Segmentation\Rat2\CSV\Thermal_7_CSV.csv,"(640, 480)",
Rat2,Rat2\Thermal Imaging\Thermal_8.png,..\Data For Segmentation\Rat2\Thermal Imaging\Thermal_8.png,Thermal_8.png,480,640,..\Data For Segmentation\Rat2\Mask\Thermal_8.png,480,640,..\Data For Segmentation\Rat2\CSV\Thermal_8_CSV.csv,"(640, 480)",
Rat2,Rat2\Thermal Imaging\Thermal_9.png,..\Data For Segmentation\Rat2\Thermal Imaging\Thermal_9.png,Thermal_9.png,480,640,..\Data For Segmentation\Rat2\Mask\Thermal_9.png,480,640,..\Data For Segmentation\Rat2\CSV\Thermal_9_CSV.csv,"(640, 480)",
Rat20,Rat20\Thermal Imaging\Thermal_1.png,..\Data For Segmentation\Rat20\Thermal Imaging\Thermal_1.png,Thermal_1.png,480,640,..\Data For Segmentation\Rat20\Mask\Thermal_1.png,480,640,..\Data For Segmentation\Rat20\CSV\Thermal_1_CSV.csv,"(640, 480)",
Rat20,Rat20\Thermal Imaging\Thermal_102.jpg,..\Data For Segmentation\Rat20\Thermal Imaging\Thermal_102.jpg,Thermal_102.jpg,480,640,..\Data For Segmentation\Rat20\Mask\Thermal_102.png,480,640,..\Data For Segmentation\Rat20\CSV\Thermal_102_CSV.csv,"(640, 480)",
Rat20,Rat20\Thermal Imaging\Thermal_103.jpg,..\Data For Segmentation\Rat20\Thermal Imaging\Thermal_103.jpg,Thermal_103.jpg,480,640,..\Data For Segmentation\Rat20\Mask\Thermal_103.png,480,640,..\Data For Segmentation\Rat20\CSV\Thermal_103_CSV.csv,"(640, 480)",
Rat20,Rat20\Thermal Imaging\Thermal_104.jpg,..\Data For Segmentation\Rat20\Thermal Imaging\Thermal_104.jpg,Thermal_104.jpg,480,640,..\Data For Segmentation\Rat20\Mask\Thermal_104.png,480,640,..\Data For Segmentation\Rat20\CSV\Thermal_104_CSV.csv,"(640, 480)",
Rat20,Rat20\Thermal Imaging\Thermal_105.jpg,..\Data For Segmentation\Rat20\Thermal Imaging\Thermal_105.jpg,Thermal_105.jpg,480,640,..\Data For Segmentation\Rat20\Mask\Thermal_105.png,480,640,..\Data For Segmentation\Rat20\CSV\Thermal_105_CSV.csv,"(640, 480)",
Rat20,Rat20\Thermal Imaging\Thermal_106.jpg,..\Data For Segmentation\Rat20\Thermal Imaging\Thermal_106.jpg,Thermal_106.jpg,480,640,..\Data For Segmentation\Rat20\Mask\Thermal_106.png,480,640,..\Data For Segmentation\Rat20\CSV\Thermal_106_CSV.csv,"(640, 480)",
Rat20,Rat20\Thermal Imaging\Thermal_107.jpg,..\Data For Segmentation\Rat20\Thermal Imaging\Thermal_107.jpg,Thermal_107.jpg,480,640,..\Data For Segmentation\Rat20\Mask\Thermal_107.png,480,640,..\Data For Segmentation\Rat20\CSV\Thermal_107_CSV.csv,"(640, 480)",
Rat20,Rat20\Thermal Imaging\Thermal_108.jpg,..\Data For Segmentation\Rat20\Thermal Imaging\Thermal_108.jpg,Thermal_108.jpg,480,640,..\Data For Segmentation\Rat20\Mask\Thermal_108.png,480,640,..\Data For Segmentation\Rat20\CSV\Thermal_108_CSV.csv,"(640, 480)",
Rat20,Rat20\Thermal Imaging\Thermal_109.jpg,..\Data For Segmentation\Rat20\Thermal Imaging\Thermal_109.jpg,Thermal_109.jpg,480,640,..\Data For Segmentation\Rat20\Mask\Thermal_109.png,480,640,..\Data For Segmentation\Rat20\CSV\Thermal_109_CSV.csv,"(640, 480)",
Rat20,Rat20\Thermal Imaging\Thermal_11.png,..\Data For Segmentation\Rat20\Thermal Imaging\Thermal_11.png,Thermal_11.png,480,640,..\Data For Segmentation\Rat20\Mask\Thermal_11.png,480,640,..\Data For Segmentation\Rat20\CSV\Thermal_11_CSV.csv,"(640, 480)",
Rat20,Rat20\Thermal Imaging\Thermal_111.jpg,..\Data For Segmentation\Rat20\Thermal Imaging\Thermal_111.jpg,Thermal_111.jpg,480,640,..\Data For Segmentation\Rat20\Mask\Thermal_111.png,480,640,..\Data For Segmentation\Rat20\CSV\Thermal_111_CSV.csv,"(640, 480)",
Rat20,Rat20\Thermal Imaging\Thermal_112.jpg,..\Data For Segmentation\Rat20\Thermal Imaging\Thermal_112.jpg,Thermal_112.jpg,480,640,..\Data For Segmentation\Rat20\Mask\Thermal_112.png,480,640,..\Data For Segmentation\Rat20\CSV\Thermal_112_CSV.csv,"(640, 480)",
Rat20,Rat20\Thermal Imaging\Thermal_113.jpg,..\Data For Segmentation\Rat20\Thermal Imaging\Thermal_113.jpg,Thermal_113.jpg,480,640,..\Data For Segmentation\Rat20\Mask\Thermal_113.png,480,640,..\Data For Segmentation\Rat20\CSV\Thermal_113_CSV.csv,"(640, 480)",
Rat20,Rat20\Thermal Imaging\Thermal_114.jpg,..\Data For Segmentation\Rat20\Thermal Imaging\Thermal_114.jpg,Thermal_114.jpg,480,640,..\Data For Segmentation\Rat20\Mask\Thermal_114.png,480,640,..\Data For Segmentation\Rat20\CSV\Thermal_114_CSV.csv,"(640, 480)",
Rat20,Rat20\Thermal Imaging\Thermal_115.jpg,..\Data For Segmentation\Rat20\Thermal Imaging\Thermal_115.jpg,Thermal_115.jpg,480,640,..\Data For Segmentation\Rat20\Mask\Thermal_115.png,480,640,..\Data For Segmentation\Rat20\CSV\Thermal_115_CSV.csv,"(640, 480)",
Rat20,Rat20\Thermal Imaging\Thermal_116.jpg,..\Data For Segmentation\Rat20\Thermal Imaging\Thermal_116.jpg,Thermal_116.jpg,480,640,..\Data For Segmentation\Rat20\Mask\Thermal_116.png,480,640,..\Data For Segmentation\Rat20\CSV\Thermal_116_CSV.csv,"(640, 480)",
Rat20,Rat20\Thermal Imaging\Thermal_117.jpg,..\Data For Segmentation\Rat20\Thermal Imaging\Thermal_117.jpg,Thermal_117.jpg,480,640,..\Data For Segmentation\Rat20\Mask\Thermal_117.png,480,640,..\Data For Segmentation\Rat20\CSV\Thermal_117_CSV.csv,"(640, 480)",
Rat20,Rat20\Thermal Imaging\Thermal_118.jpg,..\Data For Segmentation\Rat20\Thermal Imaging\Thermal_118.jpg,Thermal_118.jpg,480,640,..\Data For Segmentation\Rat20\Mask\Thermal_118.png,480,640,..\Data For Segmentation\Rat20\CSV\Thermal_118_CSV.csv,"(640, 480)",
Rat20,Rat20\Thermal Imaging\Thermal_119.jpg,..\Data For Segmentation\Rat20\Thermal Imaging\Thermal_119.jpg,Thermal_119.jpg,480,640,..\Data For Segmentation\Rat20\Mask\Thermal_119.png,480,640,..\Data For Segmentation\Rat20\CSV\Thermal_119_CSV.csv,"(640, 480)",
Rat20,Rat20\Thermal Imaging\Thermal_12.png,..\Data For Segmentation\Rat20\Thermal Imaging\Thermal_12.png,Thermal_12.png,480,640,..\Data For Segmentation\Rat20\Mask\Thermal_12.png,480,640,..\Data For Segmentation\Rat20\CSV\Thermal_12_CSV.csv,"(640, 480)",
Rat20,Rat20\Thermal Imaging\Thermal_120.jpg,..\Data For Segmentation\Rat20\Thermal Imaging\Thermal_120.jpg,Thermal_120.jpg,480,640,..\Data For Segmentation\Rat20\Mask\Thermal_120.png,480,640,..\Data For Segmentation\Rat20\CSV\Thermal_120_CSV.csv,"(640, 480)",
Rat20,Rat20\Thermal Imaging\Thermal_121.jpg,..\Data For Segmentation\Rat20\Thermal Imaging\Thermal_121.jpg,Thermal_121.jpg,480,640,..\Data For Segmentation\Rat20\Mask\Thermal_121.png,480,640,..\Data For Segmentation\Rat20\CSV\Thermal_121_CSV.csv,"(640, 480)",
Rat20,Rat20\Thermal Imaging\Thermal_122.jpg,..\Data For Segmentation\Rat20\Thermal Imaging\Thermal_122.jpg,Thermal_122.jpg,480,640,..\Data For Segmentation\Rat20\Mask\Thermal_122.png,480,640,..\Data For Segmentation\Rat20\CSV\Thermal_122_CSV.csv,"(640, 480)",
Rat20,Rat20\Thermal Imaging\Thermal_123.jpg,..\Data For Segmentation\Rat20\Thermal Imaging\Thermal_123.jpg,Thermal_123.jpg,480,640,..\Data For Segmentation\Rat20\Mask\Thermal_123.png,480,640,..\Data For Segmentation\Rat20\CSV\Thermal_123_CSV.csv,"(640, 480)",
Rat20,Rat20\Thermal Imaging\Thermal_124.jpg,..\Data For Segmentation\Rat20\Thermal Imaging\Thermal_124.jpg,Thermal_124.jpg,480,640,..\Data For Segmentation\Rat20\Mask\Thermal_124.png,480,640,..\Data For Segmentation\Rat20\CSV\Thermal_124_CSV.csv,"(640, 480)",
Rat20,Rat20\Thermal Imaging\Thermal_125.jpg,..\Data For Segmentation\Rat20\Thermal Imaging\Thermal_125.jpg,Thermal_125.jpg,480,640,..\Data For Segmentation\Rat20\Mask\Thermal_125.png,480,640,..\Data For Segmentation\Rat20\CSV\Thermal_125_CSV.csv,"(640, 480)",
Rat20,Rat20\Thermal Imaging\Thermal_126.jpg,..\Data For Segmentation\Rat20\Thermal Imaging\Thermal_126.jpg,Thermal_126.jpg,480,640,..\Data For Segmentation\Rat20\Mask\Thermal_126.png,480,640,..\Data For Segmentation\Rat20\CSV\Thermal_126_CSV.csv,"(640, 480)",
Rat20,Rat20\Thermal Imaging\Thermal_127.jpg,..\Data For Segmentation\Rat20\Thermal Imaging\Thermal_127.jpg,Thermal_127.jpg,480,640,..\Data For Segmentation\Rat20\Mask\Thermal_127.png,480,640,..\Data For Segmentation\Rat20\CSV\Thermal_127_CSV.csv,"(640, 480)",
Rat20,Rat20\Thermal Imaging\Thermal_128.jpg,..\Data For Segmentation\Rat20\Thermal Imaging\Thermal_128.jpg,Thermal_128.jpg,480,640,..\Data For Segmentation\Rat20\Mask\Thermal_128.png,480,640,..\Data For Segmentation\Rat20\CSV\Thermal_128_CSV.csv,"(640, 480)",
Rat20,Rat20\Thermal Imaging\Thermal_129.jpg,..\Data For Segmentation\Rat20\Thermal Imaging\Thermal_129.jpg,Thermal_129.jpg,480,640,..\Data For Segmentation\Rat20\Mask\Thermal_129.png,480,640,..\Data For Segmentation\Rat20\CSV\Thermal_129_CSV.csv,"(640, 480)",
Rat20,Rat20\Thermal Imaging\Thermal_13.png,..\Data For Segmentation\Rat20\Thermal Imaging\Thermal_13.png,Thermal_13.png,480,640,..\Data For Segmentation\Rat20\Mask\Thermal_13.png,480,640,..\Data For Segmentation\Rat20\CSV\Thermal_13_CSV.csv,"(640, 480)",
Rat20,Rat20\Thermal Imaging\Thermal_130.jpg,..\Data For Segmentation\Rat20\Thermal Imaging\Thermal_130.jpg,Thermal_130.jpg,480,640,..\Data For Segmentation\Rat20\Mask\Thermal_130.png,480,640,..\Data For Segmentation\Rat20\CSV\Thermal_130_CSV.csv,"(640, 480)",
Rat20,Rat20\Thermal Imaging\Thermal_131.jpg,..\Data For Segmentation\Rat20\Thermal Imaging\Thermal_131.jpg,Thermal_131.jpg,480,640,..\Data For Segmentation\Rat20\Mask\Thermal_131.png,480,640,..\Data For Segmentation\Rat20\CSV\Thermal_131_CSV.csv,"(640, 480)",
Rat20,Rat20\Thermal Imaging\Thermal_132.jpg,..\Data For Segmentation\Rat20\Thermal Imaging\Thermal_132.jpg,Thermal_132.jpg,480,640,..\Data For Segmentation\Rat20\Mask\Thermal_132.png,480,640,..\Data For Segmentation\Rat20\CSV\Thermal_132_CSV.csv,"(640, 480)",
Rat20,Rat20\Thermal Imaging\Thermal_134.jpg,..\Data For Segmentation\Rat20\Thermal Imaging\Thermal_134.jpg,Thermal_134.jpg,480,640,..\Data For Segmentation\Rat20\Mask\Thermal_134.png,480,640,..\Data For Segmentation\Rat20\CSV\Thermal_134_CSV.csv,"(640, 480)",
Rat20,Rat20\Thermal Imaging\Thermal_135.jpg,..\Data For Segmentation\Rat20\Thermal Imaging\Thermal_135.jpg,Thermal_135.jpg,480,640,..\Data For Segmentation\Rat20\Mask\Thermal_135.png,480,640,..\Data For Segmentation\Rat20\CSV\Thermal_135_CSV.csv,"(640, 480)",
Rat20,Rat20\Thermal Imaging\Thermal_136.jpg,..\Data For Segmentation\Rat20\Thermal Imaging\Thermal_136.jpg,Thermal_136.jpg,480,640,..\Data For Segmentation\Rat20\Mask\Thermal_136.png,480,640,..\Data For Segmentation\Rat20\CSV\Thermal_136_CSV.csv,"(640, 480)",
Rat20,Rat20\Thermal Imaging\Thermal_137.jpg,..\Data For Segmentation\Rat20\Thermal Imaging\Thermal_137.jpg,Thermal_137.jpg,480,640,..\Data For Segmentation\Rat20\Mask\Thermal_137.png,480,640,..\Data For Segmentation\Rat20\CSV\Thermal_137_CSV.csv,"(640, 480)",
Rat20,Rat20\Thermal Imaging\Thermal_138.jpg,..\Data For Segmentation\Rat20\Thermal Imaging\Thermal_138.jpg,Thermal_138.jpg,480,640,..\Data For Segmentation\Rat20\Mask\Thermal_138.png,480,640,..\Data For Segmentation\Rat20\CSV\Thermal_138_CSV.csv,"(640, 480)",
Rat20,Rat20\Thermal Imaging\Thermal_139.jpg,..\Data For Segmentation\Rat20\Thermal Imaging\Thermal_139.jpg,Thermal_139.jpg,480,640,..\Data For Segmentation\Rat20\Mask\Thermal_139.png,480,640,..\Data For Segmentation\Rat20\CSV\Thermal_139_CSV.csv,"(640, 480)",
Rat20,Rat20\Thermal Imaging\Thermal_14.png,..\Data For Segmentation\Rat20\Thermal Imaging\Thermal_14.png,Thermal_14.png,480,640,..\Data For Segmentation\Rat20\Mask\Thermal_14.png,480,640,..\Data For Segmentation\Rat20\CSV\Thermal_14_CSV.csv,"(640, 480)",
Rat20,Rat20\Thermal Imaging\Thermal_140.jpg,..\Data For Segmentation\Rat20\Thermal Imaging\Thermal_140.jpg,Thermal_140.jpg,480,640,..\Data For Segmentation\Rat20\Mask\Thermal_140.png,480,640,..\Data For Segmentation\Rat20\CSV\Thermal_140_CSV.csv,"(640, 480)",
Rat20,Rat20\Thermal Imaging\Thermal_15.png,..\Data For Segmentation\Rat20\Thermal Imaging\Thermal_15.png,Thermal_15.png,480,640,..\Data For Segmentation\Rat20\Mask\Thermal_15.png,480,640,..\Data For Segmentation\Rat20\CSV\Thermal_15_CSV.csv,"(640, 480)",
Rat20,Rat20\Thermal Imaging\Thermal_16.png,..\Data For Segmentation\Rat20\Thermal Imaging\Thermal_16.png,Thermal_16.png,480,640,..\Data For Segmentation\Rat20\Mask\Thermal_16.png,480,640,..\Data For Segmentation\Rat20\CSV\Thermal_16_CSV.csv,"(640, 480)",
Rat20,Rat20\Thermal Imaging\Thermal_17.jpg,..\Data For Segmentation\Rat20\Thermal Imaging\Thermal_17.jpg,Thermal_17.jpg,480,640,..\Data For Segmentation\Rat20\Mask\Thermal_17.png,480,640,..\Data For Segmentation\Rat20\CSV\Thermal_17_CSV.csv,"(640, 480)",
Rat20,Rat20\Thermal Imaging\Thermal_18.jpg,..\Data For Segmentation\Rat20\Thermal Imaging\Thermal_18.jpg,Thermal_18.jpg,480,640,..\Data For Segmentation\Rat20\Mask\Thermal_18.png,480,640,..\Data For Segmentation\Rat20\CSV\Thermal_18_CSV.csv,"(640, 480)",
Rat20,Rat20\Thermal Imaging\Thermal_19.jpg,..\Data For Segmentation\Rat20\Thermal Imaging\Thermal_19.jpg,Thermal_19.jpg,480,640,..\Data For Segmentation\Rat20\Mask\Thermal_19.png,480,640,..\Data For Segmentation\Rat20\CSV\Thermal_19_CSV.csv,"(640, 480)",
Rat20,Rat20\Thermal Imaging\Thermal_2.png,..\Data For Segmentation\Rat20\Thermal Imaging\Thermal_2.png,Thermal_2.png,480,640,..\Data For Segmentation\Rat20\Mask\Thermal_2.png,480,640,..\Data For Segmentation\Rat20\CSV\Thermal_2_CSV.csv,"(640, 480)",
Rat20,Rat20\Thermal Imaging\Thermal_20.jpg,..\Data For Segmentation\Rat20\Thermal Imaging\Thermal_20.jpg,Thermal_20.jpg,480,640,..\Data For Segmentation\Rat20\Mask\Thermal_20.png,480,640,..\Data For Segmentation\Rat20\CSV\Thermal_20_CSV.csv,"(640, 480)",
Rat20,Rat20\Thermal Imaging\Thermal_21.jpg,..\Data For Segmentation\Rat20\Thermal Imaging\Thermal_21.jpg,Thermal_21.jpg,480,640,..\Data For Segmentation\Rat20\Mask\Thermal_21.png,480,640,..\Data For Segmentation\Rat20\CSV\Thermal_21_CSV.csv,"(640, 480)",
Rat20,Rat20\Thermal Imaging\Thermal_22.jpg,..\Data For Segmentation\Rat20\Thermal Imaging\Thermal_22.jpg,Thermal_22.jpg,480,640,..\Data For Segmentation\Rat20\Mask\Thermal_22.png,480,640,..\Data For Segmentation\Rat20\CSV\Thermal_22_CSV.csv,"(640, 480)",
Rat20,Rat20\Thermal Imaging\Thermal_23.jpg,..\Data For Segmentation\Rat20\Thermal Imaging\Thermal_23.jpg,Thermal_23.jpg,480,640,..\Data For Segmentation\Rat20\Mask\Thermal_23.png,480,640,..\Data For Segmentation\Rat20\CSV\Thermal_23_CSV.csv,"(640, 480)",
Rat20,Rat20\Thermal Imaging\Thermal_24.jpg,..\Data For Segmentation\Rat20\Thermal Imaging\Thermal_24.jpg,Thermal_24.jpg,480,640,..\Data For Segmentation\Rat20\Mask\Thermal_24.png,480,640,..\Data For Segmentation\Rat20\CSV\Thermal_24_CSV.csv,"(640, 480)",
Rat20,Rat20\Thermal Imaging\Thermal_25.jpg,..\Data For Segmentation\Rat20\Thermal Imaging\Thermal_25.jpg,Thermal_25.jpg,480,640,..\Data For Segmentation\Rat20\Mask\Thermal_25.png,480,640,..\Data For Segmentation\Rat20\CSV\Thermal_25_CSV.csv,"(640, 480)",
Rat20,Rat20\Thermal Imaging\Thermal_26.jpg,..\Data For Segmentation\Rat20\Thermal Imaging\Thermal_26.jpg,Thermal_26.jpg,480,640,..\Data For Segmentation\Rat20\Mask\Thermal_26.png,480,640,..\Data For Segmentation\Rat20\CSV\Thermal_26_CSV.csv,"(640, 480)",
Rat20,Rat20\Thermal Imaging\Thermal_27.jpg,..\Data For Segmentation\Rat20\Thermal Imaging\Thermal_27.jpg,Thermal_27.jpg,480,640,..\Data For Segmentation\Rat20\Mask\Thermal_27.png,480,640,..\Data For Segmentation\Rat20\CSV\Thermal_27_CSV.csv,"(640, 480)",
Rat20,Rat20\Thermal Imaging\Thermal_28.jpg,..\Data For Segmentation\Rat20\Thermal Imaging\Thermal_28.jpg,Thermal_28.jpg,480,640,..\Data For Segmentation\Rat20\Mask\Thermal_28.png,480,640,..\Data For Segmentation\Rat20\CSV\Thermal_28_CSV.csv,"(640, 480)",
Rat20,Rat20\Thermal Imaging\Thermal_29.jpg,..\Data For Segmentation\Rat20\Thermal Imaging\Thermal_29.jpg,Thermal_29.jpg,480,640,..\Data For Segmentation\Rat20\Mask\Thermal_29.png,480,640,..\Data For Segmentation\Rat20\CSV\Thermal_29_CSV.csv,"(640, 480)",
Rat20,Rat20\Thermal Imaging\Thermal_3.png,..\Data For Segmentation\Rat20\Thermal Imaging\Thermal_3.png,Thermal_3.png,480,640,..\Data For Segmentation\Rat20\Mask\Thermal_3.png,480,640,..\Data For Segmentation\Rat20\CSV\Thermal_3_CSV.csv,"(640, 480)",
Rat20,Rat20\Thermal Imaging\Thermal_30.jpg,..\Data For Segmentation\Rat20\Thermal Imaging\Thermal_30.jpg,Thermal_30.jpg,480,640,..\Data For Segmentation\Rat20\Mask\Thermal_30.png,480,640,..\Data For Segmentation\Rat20\CSV\Thermal_30_CSV.csv,"(640, 480)",
Rat20,Rat20\Thermal Imaging\Thermal_31.jpg,..\Data For Segmentation\Rat20\Thermal Imaging\Thermal_31.jpg,Thermal_31.jpg,480,640,..\Data For Segmentation\Rat20\Mask\Thermal_31.png,480,640,..\Data For Segmentation\Rat20\CSV\Thermal_31_CSV.csv,"(640, 480)",
Rat20,Rat20\Thermal Imaging\Thermal_32.jpg,..\Data For Segmentation\Rat20\Thermal Imaging\Thermal_32.jpg,Thermal_32.jpg,480,640,..\Data For Segmentation\Rat20\Mask\Thermal_32.png,480,640,..\Data For Segmentation\Rat20\CSV\Thermal_32_CSV.csv,"(640, 480)",
Rat20,Rat20\Thermal Imaging\Thermal_33.jpg,..\Data For Segmentation\Rat20\Thermal Imaging\Thermal_33.jpg,Thermal_33.jpg,480,640,..\Data For Segmentation\Rat20\Mask\Thermal_33.png,480,640,..\Data For Segmentation\Rat20\CSV\Thermal_33_CSV.csv,"(640, 480)",
Rat20,Rat20\Thermal Imaging\Thermal_34.jpg,..\Data For Segmentation\Rat20\Thermal Imaging\Thermal_34.jpg,Thermal_34.jpg,480,640,..\Data For Segmentation\Rat20\Mask\Thermal_34.png,480,640,..\Data For Segmentation\Rat20\CSV\Thermal_34_CSV.csv,"(640, 480)",
Rat20,Rat20\Thermal Imaging\Thermal_35.jpg,..\Data For Segmentation\Rat20\Thermal Imaging\Thermal_35.jpg,Thermal_35.jpg,480,640,..\Data For Segmentation\Rat20\Mask\Thermal_35.png,480,640,..\Data For Segmentation\Rat20\CSV\Thermal_35_CSV.csv,"(640, 480)",
Rat20,Rat20\Thermal Imaging\Thermal_36.jpg,..\Data For Segmentation\Rat20\Thermal Imaging\Thermal_36.jpg,Thermal_36.jpg,480,640,..\Data For Segmentation\Rat20\Mask\Thermal_36.png,480,640,..\Data For Segmentation\Rat20\CSV\Thermal_36_CSV.csv,"(640, 480)",
Rat20,Rat20\Thermal Imaging\Thermal_37.jpg,..\Data For Segmentation\Rat20\Thermal Imaging\Thermal_37.jpg,Thermal_37.jpg,480,640,..\Data For Segmentation\Rat20\Mask\Thermal_37.png,480,640,..\Data For Segmentation\Rat20\CSV\Thermal_37_CSV.csv,"(640, 480)",
Rat20,Rat20\Thermal Imaging\Thermal_38.jpg,..\Data For Segmentation\Rat20\Thermal Imaging\Thermal_38.jpg,Thermal_38.jpg,480,640,..\Data For Segmentation\Rat20\Mask\Thermal_38.png,480,640,..\Data For Segmentation\Rat20\CSV\Thermal_38_CSV.csv,"(640, 480)",
Rat20,Rat20\Thermal Imaging\Thermal_39.jpg,..\Data For Segmentation\Rat20\Thermal Imaging\Thermal_39.jpg,Thermal_39.jpg,480,640,..\Data For Segmentation\Rat20\Mask\Thermal_39.png,480,640,..\Data For Segmentation\Rat20\CSV\Thermal_39_CSV.csv,"(640, 480)",
Rat20,Rat20\Thermal Imaging\Thermal_40.jpg,..\Data For Segmentation\Rat20\Thermal Imaging\Thermal_40.jpg,Thermal_40.jpg,480,640,..\Data For Segmentation\Rat20\Mask\Thermal_40.png,480,640,..\Data For Segmentation\Rat20\CSV\Thermal_40_CSV.csv,"(640, 480)",
Rat20,Rat20\Thermal Imaging\Thermal_41.jpg,..\Data For Segmentation\Rat20\Thermal Imaging\Thermal_41.jpg,Thermal_41.jpg,480,640,..\Data For Segmentation\Rat20\Mask\Thermal_41.png,480,640,..\Data For Segmentation\Rat20\CSV\Thermal_41_CSV.csv,"(640, 480)",
Rat20,Rat20\Thermal Imaging\Thermal_42.jpg,..\Data For Segmentation\Rat20\Thermal Imaging\Thermal_42.jpg,Thermal_42.jpg,480,640,..\Data For Segmentation\Rat20\Mask\Thermal_42.png,480,640,..\Data For Segmentation\Rat20\CSV\Thermal_42_CSV.csv,"(640, 480)",
Rat20,Rat20\Thermal Imaging\Thermal_43.jpg,..\Data For Segmentation\Rat20\Thermal Imaging\Thermal_43.jpg,Thermal_43.jpg,480,640,..\Data For Segmentation\Rat20\Mask\Thermal_43.png,480,640,..\Data For Segmentation\Rat20\CSV\Thermal_43_CSV.csv,"(640, 480)",
Rat20,Rat20\Thermal Imaging\Thermal_44.jpg,..\Data For Segmentation\Rat20\Thermal Imaging\Thermal_44.jpg,Thermal_44.jpg,480,640,..\Data For Segmentation\Rat20\Mask\Thermal_44.png,480,640,..\Data For Segmentation\Rat20\CSV\Thermal_44_CSV.csv,"(640, 480)",
Rat20,Rat20\Thermal Imaging\Thermal_45.jpg,..\Data For Segmentation\Rat20\Thermal Imaging\Thermal_45.jpg,Thermal_45.jpg,480,640,..\Data For Segmentation\Rat20\Mask\Thermal_45.png,480,640,..\Data For Segmentation\Rat20\CSV\Thermal_45_CSV.csv,"(640, 480)",
Rat20,Rat20\Thermal Imaging\Thermal_46.jpg,..\Data For Segmentation\Rat20\Thermal Imaging\Thermal_46.jpg,Thermal_46.jpg,480,640,..\Data For Segmentation\Rat20\Mask\Thermal_46.png,480,640,..\Data For Segmentation\Rat20\CSV\Thermal_46_CSV.csv,"(640, 480)",
Rat20,Rat20\Thermal Imaging\Thermal_47.jpg,..\Data For Segmentation\Rat20\Thermal Imaging\Thermal_47.jpg,Thermal_47.jpg,480,640,..\Data For Segmentation\Rat20\Mask\Thermal_47.png,480,640,..\Data For Segmentation\Rat20\CSV\Thermal_47_CSV.csv,"(640, 480)",
Rat20,Rat20\Thermal Imaging\Thermal_48.jpg,..\Data For Segmentation\Rat20\Thermal Imaging\Thermal_48.jpg,Thermal_48.jpg,480,640,..\Data For Segmentation\Rat20\Mask\Thermal_48.png,480,640,..\Data For Segmentation\Rat20\CSV\Thermal_48_CSV.csv,"(640, 480)",
Rat20,Rat20\Thermal Imaging\Thermal_49.jpg,..\Data For Segmentation\Rat20\Thermal Imaging\Thermal_49.jpg,Thermal_49.jpg,480,640,..\Data For Segmentation\Rat20\Mask\Thermal_49.png,480,640,..\Data For Segmentation\Rat20\CSV\Thermal_49_CSV.csv,"(640, 480)",
Rat20,Rat20\Thermal Imaging\Thermal_5.png,..\Data For Segmentation\Rat20\Thermal Imaging\Thermal_5.png,Thermal_5.png,480,640,..\Data For Segmentation\Rat20\Mask\Thermal_5.png,480,640,..\Data For Segmentation\Rat20\CSV\Thermal_5_CSV.csv,"(640, 480)",
Rat20,Rat20\Thermal Imaging\Thermal_50.jpg,..\Data For Segmentation\Rat20\Thermal Imaging\Thermal_50.jpg,Thermal_50.jpg,480,640,..\Data For Segmentation\Rat20\Mask\Thermal_50.png,480,640,..\Data For Segmentation\Rat20\CSV\Thermal_50_CSV.csv,"(640, 480)",
Rat20,Rat20\Thermal Imaging\Thermal_51.jpg,..\Data For Segmentation\Rat20\Thermal Imaging\Thermal_51.jpg,Thermal_51.jpg,480,640,..\Data For Segmentation\Rat20\Mask\Thermal_51.png,480,640,..\Data For Segmentation\Rat20\CSV\Thermal_51_CSV.csv,"(640, 480)",
Rat20,Rat20\Thermal Imaging\Thermal_52.jpg,..\Data For Segmentation\Rat20\Thermal Imaging\Thermal_52.jpg,Thermal_52.jpg,480,640,..\Data For Segmentation\Rat20\Mask\Thermal_52.png,480,640,..\Data For Segmentation\Rat20\CSV\Thermal_52_CSV.csv,"(640, 480)",
Rat20,Rat20\Thermal Imaging\Thermal_53.jpg,..\Data For Segmentation\Rat20\Thermal Imaging\Thermal_53.jpg,Thermal_53.jpg,480,640,..\Data For Segmentation\Rat20\Mask\Thermal_53.png,480,640,..\Data For Segmentation\Rat20\CSV\Thermal_53_CSV.csv,"(640, 480)",
Rat20,Rat20\Thermal Imaging\Thermal_54.jpg,..\Data For Segmentation\Rat20\Thermal Imaging\Thermal_54.jpg,Thermal_54.jpg,480,640,..\Data For Segmentation\Rat20\Mask\Thermal_54.png,480,640,..\Data For Segmentation\Rat20\CSV\Thermal_54_CSV.csv,"(640, 480)",
Rat20,Rat20\Thermal Imaging\Thermal_55.jpg,..\Data For Segmentation\Rat20\Thermal Imaging\Thermal_55.jpg,Thermal_55.jpg,480,640,..\Data For Segmentation\Rat20\Mask\Thermal_55.png,480,640,..\Data For Segmentation\Rat20\CSV\Thermal_55_CSV.csv,"(640, 480)",
Rat20,Rat20\Thermal Imaging\Thermal_56.jpg,..\Data For Segmentation\Rat20\Thermal Imaging\Thermal_56.jpg,Thermal_56.jpg,480,640,..\Data For Segmentation\Rat20\Mask\Thermal_56.png,480,640,..\Data For Segmentation\Rat20\CSV\Thermal_56_CSV.csv,"(640, 480)",
Rat20,Rat20\Thermal Imaging\Thermal_57.jpg,..\Data For Segmentation\Rat20\Thermal Imaging\Thermal_57.jpg,Thermal_57.jpg,480,640,..\Data For Segmentation\Rat20\Mask\Thermal_57.png,480,640,..\Data For Segmentation\Rat20\CSV\Thermal_57_CSV.csv,"(640, 480)",
Rat20,Rat20\Thermal Imaging\Thermal_58.jpg,..\Data For Segmentation\Rat20\Thermal Imaging\Thermal_58.jpg,Thermal_58.jpg,480,640,..\Data For Segmentation\Rat20\Mask\Thermal_58.png,480,640,..\Data For Segmentation\Rat20\CSV\Thermal_58_CSV.csv,"(640, 480)",
Rat20,Rat20\Thermal Imaging\Thermal_59.jpg,..\Data For Segmentation\Rat20\Thermal Imaging\Thermal_59.jpg,Thermal_59.jpg,480,640,..\Data For Segmentation\Rat20\Mask\Thermal_59.png,480,640,..\Data For Segmentation\Rat20\CSV\Thermal_59_CSV.csv,"(640, 480)",
Rat20,Rat20\Thermal Imaging\Thermal_6.png,..\Data For Segmentation\Rat20\Thermal Imaging\Thermal_6.png,Thermal_6.png,480,640,..\Data For Segmentation\Rat20\Mask\Thermal_6.png,480,640,..\Data For Segmentation\Rat20\CSV\Thermal_6_CSV.csv,"(640, 480)",
Rat20,Rat20\Thermal Imaging\Thermal_60.jpg,..\Data For Segmentation\Rat20\Thermal Imaging\Thermal_60.jpg,Thermal_60.jpg,480,640,..\Data For Segmentation\Rat20\Mask\Thermal_60.png,480,640,..\Data For Segmentation\Rat20\CSV\Thermal_60_CSV.csv,"(640, 480)",
Rat20,Rat20\Thermal Imaging\Thermal_61.jpg,..\Data For Segmentation\Rat20\Thermal Imaging\Thermal_61.jpg,Thermal_61.jpg,480,640,..\Data For Segmentation\Rat20\Mask\Thermal_61.png,480,640,..\Data For Segmentation\Rat20\CSV\Thermal_61_CSV.csv,"(640, 480)",
Rat20,Rat20\Thermal Imaging\Thermal_62.jpg,..\Data For Segmentation\Rat20\Thermal Imaging\Thermal_62.jpg,Thermal_62.jpg,480,640,..\Data For Segmentation\Rat20\Mask\Thermal_62.png,480,640,..\Data For Segmentation\Rat20\CSV\Thermal_62_CSV.csv,"(640, 480)",
Rat20,Rat20\Thermal Imaging\Thermal_63.jpg,..\Data For Segmentation\Rat20\Thermal Imaging\Thermal_63.jpg,Thermal_63.jpg,480,640,..\Data For Segmentation\Rat20\Mask\Thermal_63.png,480,640,..\Data For Segmentation\Rat20\CSV\Thermal_63_CSV.csv,"(640, 480)",
Rat20,Rat20\Thermal Imaging\Thermal_64.jpg,..\Data For Segmentation\Rat20\Thermal Imaging\Thermal_64.jpg,Thermal_64.jpg,480,640,..\Data For Segmentation\Rat20\Mask\Thermal_64.png,480,640,..\Data For Segmentation\Rat20\CSV\Thermal_64_CSV.csv,"(640, 480)",
Rat20,Rat20\Thermal Imaging\Thermal_65.jpg,..\Data For Segmentation\Rat20\Thermal Imaging\Thermal_65.jpg,Thermal_65.jpg,480,640,..\Data For Segmentation\Rat20\Mask\Thermal_65.png,480,640,..\Data For Segmentation\Rat20\CSV\Thermal_65_CSV.csv,"(640, 480)",
Rat20,Rat20\Thermal Imaging\Thermal_66.jpg,..\Data For Segmentation\Rat20\Thermal Imaging\Thermal_66.jpg,Thermal_66.jpg,480,640,..\Data For Segmentation\Rat20\Mask\Thermal_66.png,480,640,..\Data For Segmentation\Rat20\CSV\Thermal_66_CSV.csv,"(640, 480)",
Rat20,Rat20\Thermal Imaging\Thermal_67.jpg,..\Data For Segmentation\Rat20\Thermal Imaging\Thermal_67.jpg,Thermal_67.jpg,480,640,..\Data For Segmentation\Rat20\Mask\Thermal_67.png,480,640,..\Data For Segmentation\Rat20\CSV\Thermal_67_CSV.csv,"(640, 480)",
Rat20,Rat20\Thermal Imaging\Thermal_68.jpg,..\Data For Segmentation\Rat20\Thermal Imaging\Thermal_68.jpg,Thermal_68.jpg,480,640,..\Data For Segmentation\Rat20\Mask\Thermal_68.png,480,640,..\Data For Segmentation\Rat20\CSV\Thermal_68_CSV.csv,"(640, 480)",
Rat20,Rat20\Thermal Imaging\Thermal_69.jpg,..\Data For Segmentation\Rat20\Thermal Imaging\Thermal_69.jpg,Thermal_69.jpg,480,640,..\Data For Segmentation\Rat20\Mask\Thermal_69.png,480,640,..\Data For Segmentation\Rat20\CSV\Thermal_69_CSV.csv,"(640, 480)",
Rat20,Rat20\Thermal Imaging\Thermal_7.png,..\Data For Segmentation\Rat20\Thermal Imaging\Thermal_7.png,Thermal_7.png,480,640,..\Data For Segmentation\Rat20\Mask\Thermal_7.png,480,640,..\Data For Segmentation\Rat20\CSV\Thermal_7_CSV.csv,"(640, 480)",
Rat20,Rat20\Thermal Imaging\Thermal_70.jpg,..\Data For Segmentation\Rat20\Thermal Imaging\Thermal_70.jpg,Thermal_70.jpg,480,640,..\Data For Segmentation\Rat20\Mask\Thermal_70.png,480,640,..\Data For Segmentation\Rat20\CSV\Thermal_70_CSV.csv,"(640, 480)",
Rat20,Rat20\Thermal Imaging\Thermal_71.jpg,..\Data For Segmentation\Rat20\Thermal Imaging\Thermal_71.jpg,Thermal_71.jpg,480,640,..\Data For Segmentation\Rat20\Mask\Thermal_71.png,480,640,..\Data For Segmentation\Rat20\CSV\Thermal_71_CSV.csv,"(640, 480)",
Rat20,Rat20\Thermal Imaging\Thermal_72.jpg,..\Data For Segmentation\Rat20\Thermal Imaging\Thermal_72.jpg,Thermal_72.jpg,480,640,..\Data For Segmentation\Rat20\Mask\Thermal_72.png,480,640,..\Data For Segmentation\Rat20\CSV\Thermal_72_CSV.csv,"(640, 480)",
Rat20,Rat20\Thermal Imaging\Thermal_73.jpg,..\Data For Segmentation\Rat20\Thermal Imaging\Thermal_73.jpg,Thermal_73.jpg,480,640,..\Data For Segmentation\Rat20\Mask\Thermal_73.png,480,640,..\Data For Segmentation\Rat20\CSV\Thermal_73_CSV.csv,"(640, 480)",
Rat20,Rat20\Thermal Imaging\Thermal_74.jpg,..\Data For Segmentation\Rat20\Thermal Imaging\Thermal_74.jpg,Thermal_74.jpg,480,640,..\Data For Segmentation\Rat20\Mask\Thermal_74.png,480,640,..\Data For Segmentation\Rat20\CSV\Thermal_74_CSV.csv,"(640, 480)",
Rat20,Rat20\Thermal Imaging\Thermal_75.jpg,..\Data For Segmentation\Rat20\Thermal Imaging\Thermal_75.jpg,Thermal_75.jpg,480,640,..\Data For Segmentation\Rat20\Mask\Thermal_75.png,480,640,..\Data For Segmentation\Rat20\CSV\Thermal_75_CSV.csv,"(640, 480)",
Rat20,Rat20\Thermal Imaging\Thermal_76.jpg,..\Data For Segmentation\Rat20\Thermal Imaging\Thermal_76.jpg,Thermal_76.jpg,480,640,..\Data For Segmentation\Rat20\Mask\Thermal_76.png,480,640,..\Data For Segmentation\Rat20\CSV\Thermal_76_CSV.csv,"(640, 480)",
Rat20,Rat20\Thermal Imaging\Thermal_77.jpg,..\Data For Segmentation\Rat20\Thermal Imaging\Thermal_77.jpg,Thermal_77.jpg,480,640,..\Data For Segmentation\Rat20\Mask\Thermal_77.png,480,640,..\Data For Segmentation\Rat20\CSV\Thermal_77_CSV.csv,"(640, 480)",
Rat20,Rat20\Thermal Imaging\Thermal_78.jpg,..\Data For Segmentation\Rat20\Thermal Imaging\Thermal_78.jpg,Thermal_78.jpg,480,640,..\Data For Segmentation\Rat20\Mask\Thermal_78.png,480,640,..\Data For Segmentation\Rat20\CSV\Thermal_78_CSV.csv,"(640, 480)",
Rat20,Rat20\Thermal Imaging\Thermal_79.jpg,..\Data For Segmentation\Rat20\Thermal Imaging\Thermal_79.jpg,Thermal_79.jpg,480,640,..\Data For Segmentation\Rat20\Mask\Thermal_79.png,480,640,..\Data For Segmentation\Rat20\CSV\Thermal_79_CSV.csv,"(640, 480)",
Rat20,Rat20\Thermal Imaging\Thermal_8.png,..\Data For Segmentation\Rat20\Thermal Imaging\Thermal_8.png,Thermal_8.png,480,640,..\Data For Segmentation\Rat20\Mask\Thermal_8.png,480,640,..\Data For Segmentation\Rat20\CSV\Thermal_8_CSV.csv,"(640, 480)",
Rat20,Rat20\Thermal Imaging\Thermal_80.jpg,..\Data For Segmentation\Rat20\Thermal Imaging\Thermal_80.jpg,Thermal_80.jpg,480,640,..\Data For Segmentation\Rat20\Mask\Thermal_80.png,480,640,..\Data For Segmentation\Rat20\CSV\Thermal_80_CSV.csv,"(640, 480)",
Rat20,Rat20\Thermal Imaging\Thermal_81.jpg,..\Data For Segmentation\Rat20\Thermal Imaging\Thermal_81.jpg,Thermal_81.jpg,480,640,..\Data For Segmentation\Rat20\Mask\Thermal_81.png,480,640,..\Data For Segmentation\Rat20\CSV\Thermal_81_CSV.csv,"(640, 480)",
Rat20,Rat20\Thermal Imaging\Thermal_82.jpg,..\Data For Segmentation\Rat20\Thermal Imaging\Thermal_82.jpg,Thermal_82.jpg,480,640,..\Data For Segmentation\Rat20\Mask\Thermal_82.png,480,640,..\Data For Segmentation\Rat20\CSV\Thermal_82_CSV.csv,"(640, 480)",
Rat20,Rat20\Thermal Imaging\Thermal_83.jpg,..\Data For Segmentation\Rat20\Thermal Imaging\Thermal_83.jpg,Thermal_83.jpg,480,640,..\Data For Segmentation\Rat20\Mask\Thermal_83.png,480,640,..\Data For Segmentation\Rat20\CSV\Thermal_83_CSV.csv,"(640, 480)",
Rat20,Rat20\Thermal Imaging\Thermal_84.jpg,..\Data For Segmentation\Rat20\Thermal Imaging\Thermal_84.jpg,Thermal_84.jpg,480,640,..\Data For Segmentation\Rat20\Mask\Thermal_84.png,480,640,..\Data For Segmentation\Rat20\CSV\Thermal_84_CSV.csv,"(640, 480)",
Rat20,Rat20\Thermal Imaging\Thermal_85.jpg,..\Data For Segmentation\Rat20\Thermal Imaging\Thermal_85.jpg,Thermal_85.jpg,480,640,..\Data For Segmentation\Rat20\Mask\Thermal_85.png,480,640,..\Data For Segmentation\Rat20\CSV\Thermal_85_CSV.csv,"(640, 480)",
Rat20,Rat20\Thermal Imaging\Thermal_86.jpg,..\Data For Segmentation\Rat20\Thermal Imaging\Thermal_86.jpg,Thermal_86.jpg,480,640,..\Data For Segmentation\Rat20\Mask\Thermal_86.png,480,640,..\Data For Segmentation\Rat20\CSV\Thermal_86_CSV.csv,"(640, 480)",
Rat20,Rat20\Thermal Imaging\Thermal_87.jpg,..\Data For Segmentation\Rat20\Thermal Imaging\Thermal_87.jpg,Thermal_87.jpg,480,640,..\Data For Segmentation\Rat20\Mask\Thermal_87.png,480,640,..\Data For Segmentation\Rat20\CSV\Thermal_87_CSV.csv,"(640, 480)",
Rat20,Rat20\Thermal Imaging\Thermal_88.jpg,..\Data For Segmentation\Rat20\Thermal Imaging\Thermal_88.jpg,Thermal_88.jpg,480,640,..\Data For Segmentation\Rat20\Mask\Thermal_88.png,480,640,..\Data For Segmentation\Rat20\CSV\Thermal_88_CSV.csv,"(640, 480)",
Rat20,Rat20\Thermal Imaging\Thermal_89.jpg,..\Data For Segmentation\Rat20\Thermal Imaging\Thermal_89.jpg,Thermal_89.jpg,480,640,..\Data For Segmentation\Rat20\Mask\Thermal_89.png,480,640,..\Data For Segmentation\Rat20\CSV\Thermal_89_CSV.csv,"(640, 480)",
Rat20,Rat20\Thermal Imaging\Thermal_9.png,..\Data For Segmentation\Rat20\Thermal Imaging\Thermal_9.png,Thermal_9.png,480,640,..\Data For Segmentation\Rat20\Mask\Thermal_9.png,480,640,..\Data For Segmentation\Rat20\CSV\Thermal_9_CSV.csv,"(640, 480)",
Rat20,Rat20\Thermal Imaging\Thermal_90.jpg,..\Data For Segmentation\Rat20\Thermal Imaging\Thermal_90.jpg,Thermal_90.jpg,480,640,..\Data For Segmentation\Rat20\Mask\Thermal_90.png,480,640,..\Data For Segmentation\Rat20\CSV\Thermal_90_CSV.csv,"(640, 480)",
Rat20,Rat20\Thermal Imaging\Thermal_91.jpg,..\Data For Segmentation\Rat20\Thermal Imaging\Thermal_91.jpg,Thermal_91.jpg,480,640,..\Data For Segmentation\Rat20\Mask\Thermal_91.png,480,640,..\Data For Segmentation\Rat20\CSV\Thermal_91_CSV.csv,"(640, 480)",
Rat20,Rat20\Thermal Imaging\Thermal_92.jpg,..\Data For Segmentation\Rat20\Thermal Imaging\Thermal_92.jpg,Thermal_92.jpg,480,640,..\Data For Segmentation\Rat20\Mask\Thermal_92.png,480,640,..\Data For Segmentation\Rat20\CSV\Thermal_92_CSV.csv,"(640, 480)",
Rat20,Rat20\Thermal Imaging\Thermal_93.jpg,..\Data For Segmentation\Rat20\Thermal Imaging\Thermal_93.jpg,Thermal_93.jpg,480,640,..\Data For Segmentation\Rat20\Mask\Thermal_93.png,480,640,..\Data For Segmentation\Rat20\CSV\Thermal_93_CSV.csv,"(640, 480)",
Rat20,Rat20\Thermal Imaging\Thermal_94.jpg,..\Data For Segmentation\Rat20\Thermal Imaging\Thermal_94.jpg,Thermal_94.jpg,480,640,..\Data For Segmentation\Rat20\Mask\Thermal_94.png,480,640,..\Data For Segmentation\Rat20\CSV\Thermal_94_CSV.csv,"(640, 480)",
Rat20,Rat20\Thermal Imaging\Thermal_95.jpg,..\Data For Segmentation\Rat20\Thermal Imaging\Thermal_95.jpg,Thermal_95.jpg,480,640,..\Data For Segmentation\Rat20\Mask\Thermal_95.png,480,640,..\Data For Segmentation\Rat20\CSV\Thermal_95_CSV.csv,"(640, 480)",
Rat20,Rat20\Thermal Imaging\Thermal_96.jpg,..\Data For Segmentation\Rat20\Thermal Imaging\Thermal_96.jpg,Thermal_96.jpg,480,640,..\Data For Segmentation\Rat20\Mask\Thermal_96.png,480,640,..\Data For Segmentation\Rat20\CSV\Thermal_96_CSV.csv,"(640, 480)",
Rat20,Rat20\Thermal Imaging\Thermal_97.jpg,..\Data For Segmentation\Rat20\Thermal Imaging\Thermal_97.jpg,Thermal_97.jpg,480,640,..\Data For Segmentation\Rat20\Mask\Thermal_97.png,480,640,..\Data For Segmentation\Rat20\CSV\Thermal_97_CSV.csv,"(640, 480)",
Rat21,Rat21\Thermal Imaging\Thermal_1.png,..\Data For Segmentation\Rat21\Thermal Imaging\Thermal_1.png,Thermal_1.png,480,640,..\Data For Segmentation\Rat21\Mask\Thermal_1.png,480,640,..\Data For Segmentation\Rat21\CSV\Thermal_1_CSV.csv,"(640, 480)",
Rat21,Rat21\Thermal Imaging\Thermal_10.png,..\Data For Segmentation\Rat21\Thermal Imaging\Thermal_10.png,Thermal_10.png,480,640,..\Data For Segmentation\Rat21\Mask\Thermal_10.png,480,640,..\Data For Segmentation\Rat21\CSV\Thermal_10_CSV.csv,"(640, 480)",
Rat21,Rat21\Thermal Imaging\Thermal_100.jpg,..\Data For Segmentation\Rat21\Thermal Imaging\Thermal_100.jpg,Thermal_100.jpg,480,640,..\Data For Segmentation\Rat21\Mask\Thermal_100.png,480,640,..\Data For Segmentation\Rat21\CSV\Thermal_100_CSV.csv,"(640, 480)",
Rat21,Rat21\Thermal Imaging\Thermal_106.jpg,..\Data For Segmentation\Rat21\Thermal Imaging\Thermal_106.jpg,Thermal_106.jpg,480,640,..\Data For Segmentation\Rat21\Mask\Thermal_106.png,480,640,..\Data For Segmentation\Rat21\CSV\Thermal_106_CSV.csv,"(640, 480)",
Rat21,Rat21\Thermal Imaging\Thermal_107.jpg,..\Data For Segmentation\Rat21\Thermal Imaging\Thermal_107.jpg,Thermal_107.jpg,480,640,..\Data For Segmentation\Rat21\Mask\Thermal_107.png,480,640,..\Data For Segmentation\Rat21\CSV\Thermal_107_CSV.csv,"(640, 480)",
Rat21,Rat21\Thermal Imaging\Thermal_108.jpg,..\Data For Segmentation\Rat21\Thermal Imaging\Thermal_108.jpg,Thermal_108.jpg,480,640,..\Data For Segmentation\Rat21\Mask\Thermal_108.png,480,640,..\Data For Segmentation\Rat21\CSV\Thermal_108_CSV.csv,"(640, 480)",
Rat21,Rat21\Thermal Imaging\Thermal_109.jpg,..\Data For Segmentation\Rat21\Thermal Imaging\Thermal_109.jpg,Thermal_109.jpg,480,640,..\Data For Segmentation\Rat21\Mask\Thermal_109.png,480,640,..\Data For Segmentation\Rat21\CSV\Thermal_109_CSV.csv,"(640, 480)",
Rat21,Rat21\Thermal Imaging\Thermal_11.png,..\Data For Segmentation\Rat21\Thermal Imaging\Thermal_11.png,Thermal_11.png,480,640,..\Data For Segmentation\Rat21\Mask\Thermal_11.png,480,640,..\Data For Segmentation\Rat21\CSV\Thermal_11_CSV.csv,"(640, 480)",
Rat21,Rat21\Thermal Imaging\Thermal_110.jpg,..\Data For Segmentation\Rat21\Thermal Imaging\Thermal_110.jpg,Thermal_110.jpg,480,640,..\Data For Segmentation\Rat21\Mask\Thermal_110.png,480,640,..\Data For Segmentation\Rat21\CSV\Thermal_110_CSV.csv,"(640, 480)",
Rat21,Rat21\Thermal Imaging\Thermal_111.jpg,..\Data For Segmentation\Rat21\Thermal Imaging\Thermal_111.jpg,Thermal_111.jpg,480,640,..\Data For Segmentation\Rat21\Mask\Thermal_111.png,480,640,..\Data For Segmentation\Rat21\CSV\Thermal_111_CSV.csv,"(640, 480)",
Rat21,Rat21\Thermal Imaging\Thermal_112.jpg,..\Data For Segmentation\Rat21\Thermal Imaging\Thermal_112.jpg,Thermal_112.jpg,480,640,..\Data For Segmentation\Rat21\Mask\Thermal_112.png,480,640,..\Data For Segmentation\Rat21\CSV\Thermal_112_CSV.csv,"(640, 480)",
Rat21,Rat21\Thermal Imaging\Thermal_113.jpg,..\Data For Segmentation\Rat21\Thermal Imaging\Thermal_113.jpg,Thermal_113.jpg,480,640,..\Data For Segmentation\Rat21\Mask\Thermal_113.png,480,640,..\Data For Segmentation\Rat21\CSV\Thermal_113_CSV.csv,"(640, 480)",
Rat21,Rat21\Thermal Imaging\Thermal_114.jpg,..\Data For Segmentation\Rat21\Thermal Imaging\Thermal_114.jpg,Thermal_114.jpg,480,640,..\Data For Segmentation\Rat21\Mask\Thermal_114.png,480,640,..\Data For Segmentation\Rat21\CSV\Thermal_114_CSV.csv,"(640, 480)",
Rat21,Rat21\Thermal Imaging\Thermal_115.jpg,..\Data For Segmentation\Rat21\Thermal Imaging\Thermal_115.jpg,Thermal_115.jpg,480,640,..\Data For Segmentation\Rat21\Mask\Thermal_115.png,480,640,..\Data For Segmentation\Rat21\CSV\Thermal_115_CSV.csv,"(640, 480)",
Rat21,Rat21\Thermal Imaging\Thermal_116.jpg,..\Data For Segmentation\Rat21\Thermal Imaging\Thermal_116.jpg,Thermal_116.jpg,480,640,..\Data For Segmentation\Rat21\Mask\Thermal_116.png,480,640,..\Data For Segmentation\Rat21\CSV\Thermal_116_CSV.csv,"(640, 480)",
Rat21,Rat21\Thermal Imaging\Thermal_117.jpg,..\Data For Segmentation\Rat21\Thermal Imaging\Thermal_117.jpg,Thermal_117.jpg,480,640,..\Data For Segmentation\Rat21\Mask\Thermal_117.png,480,640,..\Data For Segmentation\Rat21\CSV\Thermal_117_CSV.csv,"(640, 480)",
Rat21,Rat21\Thermal Imaging\Thermal_118.jpg,..\Data For Segmentation\Rat21\Thermal Imaging\Thermal_118.jpg,Thermal_118.jpg,480,640,..\Data For Segmentation\Rat21\Mask\Thermal_118.png,480,640,..\Data For Segmentation\Rat21\CSV\Thermal_118_CSV.csv,"(640, 480)",
Rat21,Rat21\Thermal Imaging\Thermal_119.jpg,..\Data For Segmentation\Rat21\Thermal Imaging\Thermal_119.jpg,Thermal_119.jpg,480,640,..\Data For Segmentation\Rat21\Mask\Thermal_119.png,480,640,..\Data For Segmentation\Rat21\CSV\Thermal_119_CSV.csv,"(640, 480)",
Rat21,Rat21\Thermal Imaging\Thermal_12.png,..\Data For Segmentation\Rat21\Thermal Imaging\Thermal_12.png,Thermal_12.png,480,640,..\Data For Segmentation\Rat21\Mask\Thermal_12.png,480,640,..\Data For Segmentation\Rat21\CSV\Thermal_12_CSV.csv,"(640, 480)",
Rat21,Rat21\Thermal Imaging\Thermal_120.jpg,..\Data For Segmentation\Rat21\Thermal Imaging\Thermal_120.jpg,Thermal_120.jpg,480,640,..\Data For Segmentation\Rat21\Mask\Thermal_120.png,480,640,..\Data For Segmentation\Rat21\CSV\Thermal_120_CSV.csv,"(640, 480)",
Rat21,Rat21\Thermal Imaging\Thermal_121.jpg,..\Data For Segmentation\Rat21\Thermal Imaging\Thermal_121.jpg,Thermal_121.jpg,480,640,..\Data For Segmentation\Rat21\Mask\Thermal_121.png,480,640,..\Data For Segmentation\Rat21\CSV\Thermal_121_CSV.csv,"(640, 480)",
Rat21,Rat21\Thermal Imaging\Thermal_122.jpg,..\Data For Segmentation\Rat21\Thermal Imaging\Thermal_122.jpg,Thermal_122.jpg,480,640,..\Data For Segmentation\Rat21\Mask\Thermal_122.png,480,640,..\Data For Segmentation\Rat21\CSV\Thermal_122_CSV.csv,"(640, 480)",
Rat21,Rat21\Thermal Imaging\Thermal_123.jpg,..\Data For Segmentation\Rat21\Thermal Imaging\Thermal_123.jpg,Thermal_123.jpg,480,640,..\Data For Segmentation\Rat21\Mask\Thermal_123.png,480,640,..\Data For Segmentation\Rat21\CSV\Thermal_123_CSV.csv,"(640, 480)",
Rat21,Rat21\Thermal Imaging\Thermal_124.jpg,..\Data For Segmentation\Rat21\Thermal Imaging\Thermal_124.jpg,Thermal_124.jpg,480,640,..\Data For Segmentation\Rat21\Mask\Thermal_124.png,480,640,..\Data For Segmentation\Rat21\CSV\Thermal_124_CSV.csv,"(640, 480)",
Rat21,Rat21\Thermal Imaging\Thermal_125.jpg,..\Data For Segmentation\Rat21\Thermal Imaging\Thermal_125.jpg,Thermal_125.jpg,480,640,..\Data For Segmentation\Rat21\Mask\Thermal_125.png,480,640,..\Data For Segmentation\Rat21\CSV\Thermal_125_CSV.csv,"(640, 480)",
Rat21,Rat21\Thermal Imaging\Thermal_126.jpg,..\Data For Segmentation\Rat21\Thermal Imaging\Thermal_126.jpg,Thermal_126.jpg,480,640,..\Data For Segmentation\Rat21\Mask\Thermal_126.png,480,640,..\Data For Segmentation\Rat21\CSV\Thermal_126_CSV.csv,"(640, 480)",
Rat21,Rat21\Thermal Imaging\Thermal_127.jpg,..\Data For Segmentation\Rat21\Thermal Imaging\Thermal_127.jpg,Thermal_127.jpg,480,640,..\Data For Segmentation\Rat21\Mask\Thermal_127.png,480,640,..\Data For Segmentation\Rat21\CSV\Thermal_127_CSV.csv,"(640, 480)",
Rat21,Rat21\Thermal Imaging\Thermal_128.jpg,..\Data For Segmentation\Rat21\Thermal Imaging\Thermal_128.jpg,Thermal_128.jpg,480,640,..\Data For Segmentation\Rat21\Mask\Thermal_128.png,480,640,..\Data For Segmentation\Rat21\CSV\Thermal_128_CSV.csv,"(640, 480)",
Rat21,Rat21\Thermal Imaging\Thermal_129.jpg,..\Data For Segmentation\Rat21\Thermal Imaging\Thermal_129.jpg,Thermal_129.jpg,480,640,..\Data For Segmentation\Rat21\Mask\Thermal_129.png,480,640,..\Data For Segmentation\Rat21\CSV\Thermal_129_CSV.csv,"(640, 480)",
Rat21,Rat21\Thermal Imaging\Thermal_13.png,..\Data For Segmentation\Rat21\Thermal Imaging\Thermal_13.png,Thermal_13.png,480,640,..\Data For Segmentation\Rat21\Mask\Thermal_13.png,480,640,..\Data For Segmentation\Rat21\CSV\Thermal_13_CSV.csv,"(640, 480)",
Rat21,Rat21\Thermal Imaging\Thermal_130.jpg,..\Data For Segmentation\Rat21\Thermal Imaging\Thermal_130.jpg,Thermal_130.jpg,480,640,..\Data For Segmentation\Rat21\Mask\Thermal_130.png,480,640,..\Data For Segmentation\Rat21\CSV\Thermal_130_CSV.csv,"(640, 480)",
Rat21,Rat21\Thermal Imaging\Thermal_131.jpg,..\Data For Segmentation\Rat21\Thermal Imaging\Thermal_131.jpg,Thermal_131.jpg,480,640,..\Data For Segmentation\Rat21\Mask\Thermal_131.png,480,640,..\Data For Segmentation\Rat21\CSV\Thermal_131_CSV.csv,"(640, 480)",
Rat21,Rat21\Thermal Imaging\Thermal_132.jpg,..\Data For Segmentation\Rat21\Thermal Imaging\Thermal_132.jpg,Thermal_132.jpg,480,640,..\Data For Segmentation\Rat21\Mask\Thermal_132.png,480,640,..\Data For Segmentation\Rat21\CSV\Thermal_132_CSV.csv,"(640, 480)",
Rat21,Rat21\Thermal Imaging\Thermal_133.jpg,..\Data For Segmentation\Rat21\Thermal Imaging\Thermal_133.jpg,Thermal_133.jpg,480,640,..\Data For Segmentation\Rat21\Mask\Thermal_133.png,480,640,..\Data For Segmentation\Rat21\CSV\Thermal_133_CSV.csv,"(640, 480)",
Rat21,Rat21\Thermal Imaging\Thermal_134.jpg,..\Data For Segmentation\Rat21\Thermal Imaging\Thermal_134.jpg,Thermal_134.jpg,480,640,..\Data For Segmentation\Rat21\Mask\Thermal_134.png,480,640,..\Data For Segmentation\Rat21\CSV\Thermal_134_CSV.csv,"(640, 480)",
Rat21,Rat21\Thermal Imaging\Thermal_135.jpg,..\Data For Segmentation\Rat21\Thermal Imaging\Thermal_135.jpg,Thermal_135.jpg,480,640,..\Data For Segmentation\Rat21\Mask\Thermal_135.png,480,640,..\Data For Segmentation\Rat21\CSV\Thermal_135_CSV.csv,"(640, 480)",
Rat21,Rat21\Thermal Imaging\Thermal_136.jpg,..\Data For Segmentation\Rat21\Thermal Imaging\Thermal_136.jpg,Thermal_136.jpg,480,640,..\Data For Segmentation\Rat21\Mask\Thermal_136.png,480,640,..\Data For Segmentation\Rat21\CSV\Thermal_136_CSV.csv,"(640, 480)",
Rat21,Rat21\Thermal Imaging\Thermal_137.jpg,..\Data For Segmentation\Rat21\Thermal Imaging\Thermal_137.jpg,Thermal_137.jpg,480,640,..\Data For Segmentation\Rat21\Mask\Thermal_137.png,480,640,..\Data For Segmentation\Rat21\CSV\Thermal_137_CSV.csv,"(640, 480)",
Rat21,Rat21\Thermal Imaging\Thermal_138.jpg,..\Data For Segmentation\Rat21\Thermal Imaging\Thermal_138.jpg,Thermal_138.jpg,480,640,..\Data For Segmentation\Rat21\Mask\Thermal_138.png,480,640,..\Data For Segmentation\Rat21\CSV\Thermal_138_CSV.csv,"(640, 480)",
Rat21,Rat21\Thermal Imaging\Thermal_139.jpg,..\Data For Segmentation\Rat21\Thermal Imaging\Thermal_139.jpg,Thermal_139.jpg,480,640,..\Data For Segmentation\Rat21\Mask\Thermal_139.png,480,640,..\Data For Segmentation\Rat21\CSV\Thermal_139_CSV.csv,"(640, 480)",
Rat21,Rat21\Thermal Imaging\Thermal_14.jpg,..\Data For Segmentation\Rat21\Thermal Imaging\Thermal_14.jpg,Thermal_14.jpg,480,640,..\Data For Segmentation\Rat21\Mask\Thermal_14.png,480,640,..\Data For Segmentation\Rat21\CSV\Thermal_14_CSV.csv,"(640, 480)",
Rat21,Rat21\Thermal Imaging\Thermal_140.jpg,..\Data For Segmentation\Rat21\Thermal Imaging\Thermal_140.jpg,Thermal_140.jpg,480,640,..\Data For Segmentation\Rat21\Mask\Thermal_140.png,480,640,..\Data For Segmentation\Rat21\CSV\Thermal_140_CSV.csv,"(640, 480)",
Rat21,Rat21\Thermal Imaging\Thermal_141.jpg,..\Data For Segmentation\Rat21\Thermal Imaging\Thermal_141.jpg,Thermal_141.jpg,480,640,..\Data For Segmentation\Rat21\Mask\Thermal_141.png,480,640,..\Data For Segmentation\Rat21\CSV\Thermal_141_CSV.csv,"(640, 480)",
Rat21,Rat21\Thermal Imaging\Thermal_142.jpg,..\Data For Segmentation\Rat21\Thermal Imaging\Thermal_142.jpg,Thermal_142.jpg,480,640,..\Data For Segmentation\Rat21\Mask\Thermal_142.png,480,640,..\Data For Segmentation\Rat21\CSV\Thermal_142_CSV.csv,"(640, 480)",
Rat21,Rat21\Thermal Imaging\Thermal_15.jpg,..\Data For Segmentation\Rat21\Thermal Imaging\Thermal_15.jpg,Thermal_15.jpg,480,640,..\Data For Segmentation\Rat21\Mask\Thermal_15.png,480,640,..\Data For Segmentation\Rat21\CSV\Thermal_15_CSV.csv,"(640, 480)",
Rat21,Rat21\Thermal Imaging\Thermal_16.jpg,..\Data For Segmentation\Rat21\Thermal Imaging\Thermal_16.jpg,Thermal_16.jpg,480,640,..\Data For Segmentation\Rat21\Mask\Thermal_16.png,480,640,..\Data For Segmentation\Rat21\CSV\Thermal_16_CSV.csv,"(640, 480)",
Rat21,Rat21\Thermal Imaging\Thermal_17.jpg,..\Data For Segmentation\Rat21\Thermal Imaging\Thermal_17.jpg,Thermal_17.jpg,480,640,..\Data For Segmentation\Rat21\Mask\Thermal_17.png,480,640,..\Data For Segmentation\Rat21\CSV\Thermal_17_CSV.csv,"(640, 480)",
Rat21,Rat21\Thermal Imaging\Thermal_18.jpg,..\Data For Segmentation\Rat21\Thermal Imaging\Thermal_18.jpg,Thermal_18.jpg,480,640,..\Data For Segmentation\Rat21\Mask\Thermal_18.png,480,640,..\Data For Segmentation\Rat21\CSV\Thermal_18_CSV.csv,"(640, 480)",
Rat21,Rat21\Thermal Imaging\Thermal_19.jpg,..\Data For Segmentation\Rat21\Thermal Imaging\Thermal_19.jpg,Thermal_19.jpg,480,640,..\Data For Segmentation\Rat21\Mask\Thermal_19.png,480,640,..\Data For Segmentation\Rat21\CSV\Thermal_19_CSV.csv,"(640, 480)",
Rat21,Rat21\Thermal Imaging\Thermal_2.png,..\Data For Segmentation\Rat21\Thermal Imaging\Thermal_2.png,Thermal_2.png,480,640,..\Data For Segmentation\Rat21\Mask\Thermal_2.png,480,640,..\Data For Segmentation\Rat21\CSV\Thermal_2_CSV.csv,"(640, 480)",
Rat21,Rat21\Thermal Imaging\Thermal_20.jpg,..\Data For Segmentation\Rat21\Thermal Imaging\Thermal_20.jpg,Thermal_20.jpg,480,640,..\Data For Segmentation\Rat21\Mask\Thermal_20.png,480,640,..\Data For Segmentation\Rat21\CSV\Thermal_20_CSV.csv,"(640, 480)",
Rat21,Rat21\Thermal Imaging\Thermal_21.jpg,..\Data For Segmentation\Rat21\Thermal Imaging\Thermal_21.jpg,Thermal_21.jpg,480,640,..\Data For Segmentation\Rat21\Mask\Thermal_21.png,480,640,..\Data For Segmentation\Rat21\CSV\Thermal_21_CSV.csv,"(640, 480)",
Rat21,Rat21\Thermal Imaging\Thermal_22.jpg,..\Data For Segmentation\Rat21\Thermal Imaging\Thermal_22.jpg,Thermal_22.jpg,480,640,..\Data For Segmentation\Rat21\Mask\Thermal_22.png,480,640,..\Data For Segmentation\Rat21\CSV\Thermal_22_CSV.csv,"(640, 480)",
Rat21,Rat21\Thermal Imaging\Thermal_23.jpg,..\Data For Segmentation\Rat21\Thermal Imaging\Thermal_23.jpg,Thermal_23.jpg,480,640,..\Data For Segmentation\Rat21\Mask\Thermal_23.png,480,640,..\Data For Segmentation\Rat21\CSV\Thermal_23_CSV.csv,"(640, 480)",
Rat21,Rat21\Thermal Imaging\Thermal_24.jpg,..\Data For Segmentation\Rat21\Thermal Imaging\Thermal_24.jpg,Thermal_24.jpg,480,640,..\Data For Segmentation\Rat21\Mask\Thermal_24.png,480,640,..\Data For Segmentation\Rat21\CSV\Thermal_24_CSV.csv,"(640, 480)",
Rat21,Rat21\Thermal Imaging\Thermal_25.jpg,..\Data For Segmentation\Rat21\Thermal Imaging\Thermal_25.jpg,Thermal_25.jpg,480,640,..\Data For Segmentation\Rat21\Mask\Thermal_25.png,480,640,..\Data For Segmentation\Rat21\CSV\Thermal_25_CSV.csv,"(640, 480)",
Rat21,Rat21\Thermal Imaging\Thermal_26.jpg,..\Data For Segmentation\Rat21\Thermal Imaging\Thermal_26.jpg,Thermal_26.jpg,480,640,..\Data For Segmentation\Rat21\Mask\Thermal_26.png,480,640,..\Data For Segmentation\Rat21\CSV\Thermal_26_CSV.csv,"(640, 480)",
Rat21,Rat21\Thermal Imaging\Thermal_27.jpg,..\Data For Segmentation\Rat21\Thermal Imaging\Thermal_27.jpg,Thermal_27.jpg,480,640,..\Data For Segmentation\Rat21\Mask\Thermal_27.png,480,640,..\Data For Segmentation\Rat21\CSV\Thermal_27_CSV.csv,"(640, 480)",
Rat21,Rat21\Thermal Imaging\Thermal_28.jpg,..\Data For Segmentation\Rat21\Thermal Imaging\Thermal_28.jpg,Thermal_28.jpg,480,640,..\Data For Segmentation\Rat21\Mask\Thermal_28.png,480,640,..\Data For Segmentation\Rat21\CSV\Thermal_28_CSV.csv,"(640, 480)",
Rat21,Rat21\Thermal Imaging\Thermal_29.jpg,..\Data For Segmentation\Rat21\Thermal Imaging\Thermal_29.jpg,Thermal_29.jpg,480,640,..\Data For Segmentation\Rat21\Mask\Thermal_29.png,480,640,..\Data For Segmentation\Rat21\CSV\Thermal_29_CSV.csv,"(640, 480)",
Rat21,Rat21\Thermal Imaging\Thermal_3.png,..\Data For Segmentation\Rat21\Thermal Imaging\Thermal_3.png,Thermal_3.png,480,640,..\Data For Segmentation\Rat21\Mask\Thermal_3.png,480,640,..\Data For Segmentation\Rat21\CSV\Thermal_3_CSV.csv,"(640, 480)",
Rat21,Rat21\Thermal Imaging\Thermal_30.jpg,..\Data For Segmentation\Rat21\Thermal Imaging\Thermal_30.jpg,Thermal_30.jpg,480,640,..\Data For Segmentation\Rat21\Mask\Thermal_30.png,480,640,..\Data For Segmentation\Rat21\CSV\Thermal_30_CSV.csv,"(640, 480)",
Rat21,Rat21\Thermal Imaging\Thermal_31.jpg,..\Data For Segmentation\Rat21\Thermal Imaging\Thermal_31.jpg,Thermal_31.jpg,480,640,..\Data For Segmentation\Rat21\Mask\Thermal_31.png,480,640,..\Data For Segmentation\Rat21\CSV\Thermal_31_CSV.csv,"(640, 480)",
Rat21,Rat21\Thermal Imaging\Thermal_32.jpg,..\Data For Segmentation\Rat21\Thermal Imaging\Thermal_32.jpg,Thermal_32.jpg,480,640,..\Data For Segmentation\Rat21\Mask\Thermal_32.png,480,640,..\Data For Segmentation\Rat21\CSV\Thermal_32_CSV.csv,"(640, 480)",
Rat21,Rat21\Thermal Imaging\Thermal_33.jpg,..\Data For Segmentation\Rat21\Thermal Imaging\Thermal_33.jpg,Thermal_33.jpg,480,640,..\Data For Segmentation\Rat21\Mask\Thermal_33.png,480,640,..\Data For Segmentation\Rat21\CSV\Thermal_33_CSV.csv,"(640, 480)",
Rat21,Rat21\Thermal Imaging\Thermal_34.jpg,..\Data For Segmentation\Rat21\Thermal Imaging\Thermal_34.jpg,Thermal_34.jpg,480,640,..\Data For Segmentation\Rat21\Mask\Thermal_34.png,480,640,..\Data For Segmentation\Rat21\CSV\Thermal_34_CSV.csv,"(640, 480)",
Rat21,Rat21\Thermal Imaging\Thermal_35.jpg,..\Data For Segmentation\Rat21\Thermal Imaging\Thermal_35.jpg,Thermal_35.jpg,480,640,..\Data For Segmentation\Rat21\Mask\Thermal_35.png,480,640,..\Data For Segmentation\Rat21\CSV\Thermal_35_CSV.csv,"(640, 480)",
Rat21,Rat21\Thermal Imaging\Thermal_36.jpg,..\Data For Segmentation\Rat21\Thermal Imaging\Thermal_36.jpg,Thermal_36.jpg,480,640,..\Data For Segmentation\Rat21\Mask\Thermal_36.png,480,640,..\Data For Segmentation\Rat21\CSV\Thermal_36_CSV.csv,"(640, 480)",
Rat21,Rat21\Thermal Imaging\Thermal_37.jpg,..\Data For Segmentation\Rat21\Thermal Imaging\Thermal_37.jpg,Thermal_37.jpg,480,640,..\Data For Segmentation\Rat21\Mask\Thermal_37.png,480,640,..\Data For Segmentation\Rat21\CSV\Thermal_37_CSV.csv,"(640, 480)",
Rat21,Rat21\Thermal Imaging\Thermal_38.jpg,..\Data For Segmentation\Rat21\Thermal Imaging\Thermal_38.jpg,Thermal_38.jpg,480,640,..\Data For Segmentation\Rat21\Mask\Thermal_38.png,480,640,..\Data For Segmentation\Rat21\CSV\Thermal_38_CSV.csv,"(640, 480)",
Rat21,Rat21\Thermal Imaging\Thermal_39.jpg,..\Data For Segmentation\Rat21\Thermal Imaging\Thermal_39.jpg,Thermal_39.jpg,480,640,..\Data For Segmentation\Rat21\Mask\Thermal_39.png,480,640,..\Data For Segmentation\Rat21\CSV\Thermal_39_CSV.csv,"(640, 480)",
Rat21,Rat21\Thermal Imaging\Thermal_4.png,..\Data For Segmentation\Rat21\Thermal Imaging\Thermal_4.png,Thermal_4.png,480,640,..\Data For Segmentation\Rat21\Mask\Thermal_4.png,480,640,..\Data For Segmentation\Rat21\CSV\Thermal_4_CSV.csv,"(640, 480)",
Rat21,Rat21\Thermal Imaging\Thermal_40.jpg,..\Data For Segmentation\Rat21\Thermal Imaging\Thermal_40.jpg,Thermal_40.jpg,480,640,..\Data For Segmentation\Rat21\Mask\Thermal_40.png,480,640,..\Data For Segmentation\Rat21\CSV\Thermal_40_CSV.csv,"(640, 480)",
Rat21,Rat21\Thermal Imaging\Thermal_42.jpg,..\Data For Segmentation\Rat21\Thermal Imaging\Thermal_42.jpg,Thermal_42.jpg,480,640,..\Data For Segmentation\Rat21\Mask\Thermal_42.png,480,640,..\Data For Segmentation\Rat21\CSV\Thermal_42_CSV.csv,"(640, 480)",
Rat21,Rat21\Thermal Imaging\Thermal_43.jpg,..\Data For Segmentation\Rat21\Thermal Imaging\Thermal_43.jpg,Thermal_43.jpg,480,640,..\Data For Segmentation\Rat21\Mask\Thermal_43.png,480,640,..\Data For Segmentation\Rat21\CSV\Thermal_43_CSV.csv,"(640, 480)",
Rat21,Rat21\Thermal Imaging\Thermal_44.jpg,..\Data For Segmentation\Rat21\Thermal Imaging\Thermal_44.jpg,Thermal_44.jpg,480,640,..\Data For Segmentation\Rat21\Mask\Thermal_44.png,480,640,..\Data For Segmentation\Rat21\CSV\Thermal_44_CSV.csv,"(640, 480)",
Rat21,Rat21\Thermal Imaging\Thermal_45.jpg,..\Data For Segmentation\Rat21\Thermal Imaging\Thermal_45.jpg,Thermal_45.jpg,480,640,..\Data For Segmentation\Rat21\Mask\Thermal_45.png,480,640,..\Data For Segmentation\Rat21\CSV\Thermal_45_CSV.csv,"(640, 480)",
Rat21,Rat21\Thermal Imaging\Thermal_46.jpg,..\Data For Segmentation\Rat21\Thermal Imaging\Thermal_46.jpg,Thermal_46.jpg,480,640,..\Data For Segmentation\Rat21\Mask\Thermal_46.png,480,640,..\Data For Segmentation\Rat21\CSV\Thermal_46_CSV.csv,"(640, 480)",
Rat21,Rat21\Thermal Imaging\Thermal_47.jpg,..\Data For Segmentation\Rat21\Thermal Imaging\Thermal_47.jpg,Thermal_47.jpg,480,640,..\Data For Segmentation\Rat21\Mask\Thermal_47.png,480,640,..\Data For Segmentation\Rat21\CSV\Thermal_47_CSV.csv,"(640, 480)",
Rat21,Rat21\Thermal Imaging\Thermal_48.jpg,..\Data For Segmentation\Rat21\Thermal Imaging\Thermal_48.jpg,Thermal_48.jpg,480,640,..\Data For Segmentation\Rat21\Mask\Thermal_48.png,480,640,..\Data For Segmentation\Rat21\CSV\Thermal_48_CSV.csv,"(640, 480)",
Rat21,Rat21\Thermal Imaging\Thermal_49.jpg,..\Data For Segmentation\Rat21\Thermal Imaging\Thermal_49.jpg,Thermal_49.jpg,480,640,..\Data For Segmentation\Rat21\Mask\Thermal_49.png,480,640,..\Data For Segmentation\Rat21\CSV\Thermal_49_CSV.csv,"(640, 480)",
Rat21,Rat21\Thermal Imaging\Thermal_5.png,..\Data For Segmentation\Rat21\Thermal Imaging\Thermal_5.png,Thermal_5.png,480,640,..\Data For Segmentation\Rat21\Mask\Thermal_5.png,480,640,..\Data For Segmentation\Rat21\CSV\Thermal_5_CSV.csv,"(640, 480)",
Rat21,Rat21\Thermal Imaging\Thermal_50.jpg,..\Data For Segmentation\Rat21\Thermal Imaging\Thermal_50.jpg,Thermal_50.jpg,480,640,..\Data For Segmentation\Rat21\Mask\Thermal_50.png,480,640,..\Data For Segmentation\Rat21\CSV\Thermal_50_CSV.csv,"(640, 480)",
Rat21,Rat21\Thermal Imaging\Thermal_51.jpg,..\Data For Segmentation\Rat21\Thermal Imaging\Thermal_51.jpg,Thermal_51.jpg,480,640,..\Data For Segmentation\Rat21\Mask\Thermal_51.png,480,640,..\Data For Segmentation\Rat21\CSV\Thermal_51_CSV.csv,"(640, 480)",
Rat21,Rat21\Thermal Imaging\Thermal_52.jpg,..\Data For Segmentation\Rat21\Thermal Imaging\Thermal_52.jpg,Thermal_52.jpg,480,640,..\Data For Segmentation\Rat21\Mask\Thermal_52.png,480,640,..\Data For Segmentation\Rat21\CSV\Thermal_52_CSV.csv,"(640, 480)",
Rat21,Rat21\Thermal Imaging\Thermal_53.jpg,..\Data For Segmentation\Rat21\Thermal Imaging\Thermal_53.jpg,Thermal_53.jpg,480,640,..\Data For Segmentation\Rat21\Mask\Thermal_53.png,480,640,..\Data For Segmentation\Rat21\CSV\Thermal_53_CSV.csv,"(640, 480)",
Rat21,Rat21\Thermal Imaging\Thermal_54.jpg,..\Data For Segmentation\Rat21\Thermal Imaging\Thermal_54.jpg,Thermal_54.jpg,480,640,..\Data For Segmentation\Rat21\Mask\Thermal_54.png,480,640,..\Data For Segmentation\Rat21\CSV\Thermal_54_CSV.csv,"(640, 480)",
Rat21,Rat21\Thermal Imaging\Thermal_55.jpg,..\Data For Segmentation\Rat21\Thermal Imaging\Thermal_55.jpg,Thermal_55.jpg,480,640,..\Data For Segmentation\Rat21\Mask\Thermal_55.png,480,640,..\Data For Segmentation\Rat21\CSV\Thermal_55_CSV.csv,"(640, 480)",
Rat21,Rat21\Thermal Imaging\Thermal_56.jpg,..\Data For Segmentation\Rat21\Thermal Imaging\Thermal_56.jpg,Thermal_56.jpg,480,640,..\Data For Segmentation\Rat21\Mask\Thermal_56.png,480,640,..\Data For Segmentation\Rat21\CSV\Thermal_56_CSV.csv,"(640, 480)",
Rat21,Rat21\Thermal Imaging\Thermal_57.jpg,..\Data For Segmentation\Rat21\Thermal Imaging\Thermal_57.jpg,Thermal_57.jpg,480,640,..\Data For Segmentation\Rat21\Mask\Thermal_57.png,480,640,..\Data For Segmentation\Rat21\CSV\Thermal_57_CSV.csv,"(640, 480)",
Rat21,Rat21\Thermal Imaging\Thermal_58.jpg,..\Data For Segmentation\Rat21\Thermal Imaging\Thermal_58.jpg,Thermal_58.jpg,480,640,..\Data For Segmentation\Rat21\Mask\Thermal_58.png,480,640,..\Data For Segmentation\Rat21\CSV\Thermal_58_CSV.csv,"(640, 480)",
Rat21,Rat21\Thermal Imaging\Thermal_59.jpg,..\Data For Segmentation\Rat21\Thermal Imaging\Thermal_59.jpg,Thermal_59.jpg,480,640,..\Data For Segmentation\Rat21\Mask\Thermal_59.png,480,640,..\Data For Segmentation\Rat21\CSV\Thermal_59_CSV.csv,"(640, 480)",
Rat21,Rat21\Thermal Imaging\Thermal_6.png,..\Data For Segmentation\Rat21\Thermal Imaging\Thermal_6.png,Thermal_6.png,480,640,..\Data For Segmentation\Rat21\Mask\Thermal_6.png,480,640,..\Data For Segmentation\Rat21\CSV\Thermal_6_CSV.csv,"(640, 480)",
Rat21,Rat21\Thermal Imaging\Thermal_60.jpg,..\Data For Segmentation\Rat21\Thermal Imaging\Thermal_60.jpg,Thermal_60.jpg,480,640,..\Data For Segmentation\Rat21\Mask\Thermal_60.png,480,640,..\Data For Segmentation\Rat21\CSV\Thermal_60_CSV.csv,"(640, 480)",
Rat21,Rat21\Thermal Imaging\Thermal_61.jpg,..\Data For Segmentation\Rat21\Thermal Imaging\Thermal_61.jpg,Thermal_61.jpg,480,640,..\Data For Segmentation\Rat21\Mask\Thermal_61.png,480,640,..\Data For Segmentation\Rat21\CSV\Thermal_61_CSV.csv,"(640, 480)",
Rat21,Rat21\Thermal Imaging\Thermal_62.jpg,..\Data For Segmentation\Rat21\Thermal Imaging\Thermal_62.jpg,Thermal_62.jpg,480,640,..\Data For Segmentation\Rat21\Mask\Thermal_62.png,480,640,..\Data For Segmentation\Rat21\CSV\Thermal_62_CSV.csv,"(640, 480)",
Rat21,Rat21\Thermal Imaging\Thermal_63.jpg,..\Data For Segmentation\Rat21\Thermal Imaging\Thermal_63.jpg,Thermal_63.jpg,480,640,..\Data For Segmentation\Rat21\Mask\Thermal_63.png,480,640,..\Data For Segmentation\Rat21\CSV\Thermal_63_CSV.csv,"(640, 480)",
Rat21,Rat21\Thermal Imaging\Thermal_64.jpg,..\Data For Segmentation\Rat21\Thermal Imaging\Thermal_64.jpg,Thermal_64.jpg,480,640,..\Data For Segmentation\Rat21\Mask\Thermal_64.png,480,640,..\Data For Segmentation\Rat21\CSV\Thermal_64_CSV.csv,"(640, 480)",
Rat21,Rat21\Thermal Imaging\Thermal_65.jpg,..\Data For Segmentation\Rat21\Thermal Imaging\Thermal_65.jpg,Thermal_65.jpg,480,640,..\Data For Segmentation\Rat21\Mask\Thermal_65.png,480,640,..\Data For Segmentation\Rat21\CSV\Thermal_65_CSV.csv,"(640, 480)",
Rat21,Rat21\Thermal Imaging\Thermal_66.jpg,..\Data For Segmentation\Rat21\Thermal Imaging\Thermal_66.jpg,Thermal_66.jpg,480,640,..\Data For Segmentation\Rat21\Mask\Thermal_66.png,480,640,..\Data For Segmentation\Rat21\CSV\Thermal_66_CSV.csv,"(640, 480)",
Rat21,Rat21\Thermal Imaging\Thermal_67.jpg,..\Data For Segmentation\Rat21\Thermal Imaging\Thermal_67.jpg,Thermal_67.jpg,480,640,..\Data For Segmentation\Rat21\Mask\Thermal_67.png,480,640,..\Data For Segmentation\Rat21\CSV\Thermal_67_CSV.csv,"(640, 480)",
Rat21,Rat21\Thermal Imaging\Thermal_68.jpg,..\Data For Segmentation\Rat21\Thermal Imaging\Thermal_68.jpg,Thermal_68.jpg,480,640,..\Data For Segmentation\Rat21\Mask\Thermal_68.png,480,640,..\Data For Segmentation\Rat21\CSV\Thermal_68_CSV.csv,"(640, 480)",
Rat21,Rat21\Thermal Imaging\Thermal_69.jpg,..\Data For Segmentation\Rat21\Thermal Imaging\Thermal_69.jpg,Thermal_69.jpg,480,640,..\Data For Segmentation\Rat21\Mask\Thermal_69.png,480,640,..\Data For Segmentation\Rat21\CSV\Thermal_69_CSV.csv,"(640, 480)",
Rat21,Rat21\Thermal Imaging\Thermal_7.png,..\Data For Segmentation\Rat21\Thermal Imaging\Thermal_7.png,Thermal_7.png,480,640,..\Data For Segmentation\Rat21\Mask\Thermal_7.png,480,640,..\Data For Segmentation\Rat21\CSV\Thermal_7_CSV.csv,"(640, 480)",
Rat21,Rat21\Thermal Imaging\Thermal_70.jpg,..\Data For Segmentation\Rat21\Thermal Imaging\Thermal_70.jpg,Thermal_70.jpg,480,640,..\Data For Segmentation\Rat21\Mask\Thermal_70.png,480,640,..\Data For Segmentation\Rat21\CSV\Thermal_70_CSV.csv,"(640, 480)",
Rat21,Rat21\Thermal Imaging\Thermal_71.jpg,..\Data For Segmentation\Rat21\Thermal Imaging\Thermal_71.jpg,Thermal_71.jpg,480,640,..\Data For Segmentation\Rat21\Mask\Thermal_71.png,480,640,..\Data For Segmentation\Rat21\CSV\Thermal_71_CSV.csv,"(640, 480)",
Rat21,Rat21\Thermal Imaging\Thermal_72.jpg,..\Data For Segmentation\Rat21\Thermal Imaging\Thermal_72.jpg,Thermal_72.jpg,480,640,..\Data For Segmentation\Rat21\Mask\Thermal_72.png,480,640,..\Data For Segmentation\Rat21\CSV\Thermal_72_CSV.csv,"(640, 480)",
Rat21,Rat21\Thermal Imaging\Thermal_73.jpg,..\Data For Segmentation\Rat21\Thermal Imaging\Thermal_73.jpg,Thermal_73.jpg,480,640,..\Data For Segmentation\Rat21\Mask\Thermal_73.png,480,640,..\Data For Segmentation\Rat21\CSV\Thermal_73_CSV.csv,"(640, 480)",
Rat21,Rat21\Thermal Imaging\Thermal_74.jpg,..\Data For Segmentation\Rat21\Thermal Imaging\Thermal_74.jpg,Thermal_74.jpg,480,640,..\Data For Segmentation\Rat21\Mask\Thermal_74.png,480,640,..\Data For Segmentation\Rat21\CSV\Thermal_74_CSV.csv,"(640, 480)",
Rat21,Rat21\Thermal Imaging\Thermal_75.jpg,..\Data For Segmentation\Rat21\Thermal Imaging\Thermal_75.jpg,Thermal_75.jpg,480,640,..\Data For Segmentation\Rat21\Mask\Thermal_75.png,480,640,..\Data For Segmentation\Rat21\CSV\Thermal_75_CSV.csv,"(640, 480)",
Rat21,Rat21\Thermal Imaging\Thermal_76.jpg,..\Data For Segmentation\Rat21\Thermal Imaging\Thermal_76.jpg,Thermal_76.jpg,480,640,..\Data For Segmentation\Rat21\Mask\Thermal_76.png,480,640,..\Data For Segmentation\Rat21\CSV\Thermal_76_CSV.csv,"(640, 480)",
Rat21,Rat21\Thermal Imaging\Thermal_77.jpg,..\Data For Segmentation\Rat21\Thermal Imaging\Thermal_77.jpg,Thermal_77.jpg,480,640,..\Data For Segmentation\Rat21\Mask\Thermal_77.png,480,640,..\Data For Segmentation\Rat21\CSV\Thermal_77_CSV.csv,"(640, 480)",
Rat21,Rat21\Thermal Imaging\Thermal_78.jpg,..\Data For Segmentation\Rat21\Thermal Imaging\Thermal_78.jpg,Thermal_78.jpg,480,640,..\Data For Segmentation\Rat21\Mask\Thermal_78.png,480,640,..\Data For Segmentation\Rat21\CSV\Thermal_78_CSV.csv,"(640, 480)",
Rat21,Rat21\Thermal Imaging\Thermal_79.jpg,..\Data For Segmentation\Rat21\Thermal Imaging\Thermal_79.jpg,Thermal_79.jpg,480,640,..\Data For Segmentation\Rat21\Mask\Thermal_79.png,480,640,..\Data For Segmentation\Rat21\CSV\Thermal_79_CSV.csv,"(640, 480)",
Rat21,Rat21\Thermal Imaging\Thermal_8.png,..\Data For Segmentation\Rat21\Thermal Imaging\Thermal_8.png,Thermal_8.png,480,640,..\Data For Segmentation\Rat21\Mask\Thermal_8.png,480,640,..\Data For Segmentation\Rat21\CSV\Thermal_8_CSV.csv,"(640, 480)",
Rat21,Rat21\Thermal Imaging\Thermal_80.jpg,..\Data For Segmentation\Rat21\Thermal Imaging\Thermal_80.jpg,Thermal_80.jpg,480,640,..\Data For Segmentation\Rat21\Mask\Thermal_80.png,480,640,..\Data For Segmentation\Rat21\CSV\Thermal_80_CSV.csv,"(640, 480)",
Rat21,Rat21\Thermal Imaging\Thermal_81.jpg,..\Data For Segmentation\Rat21\Thermal Imaging\Thermal_81.jpg,Thermal_81.jpg,480,640,..\Data For Segmentation\Rat21\Mask\Thermal_81.png,480,640,..\Data For Segmentation\Rat21\CSV\Thermal_81_CSV.csv,"(640, 480)",
Rat21,Rat21\Thermal Imaging\Thermal_82.jpg,..\Data For Segmentation\Rat21\Thermal Imaging\Thermal_82.jpg,Thermal_82.jpg,480,640,..\Data For Segmentation\Rat21\Mask\Thermal_82.png,480,640,..\Data For Segmentation\Rat21\CSV\Thermal_82_CSV.csv,"(640, 480)",
Rat21,Rat21\Thermal Imaging\Thermal_83.jpg,..\Data For Segmentation\Rat21\Thermal Imaging\Thermal_83.jpg,Thermal_83.jpg,480,640,..\Data For Segmentation\Rat21\Mask\Thermal_83.png,480,640,..\Data For Segmentation\Rat21\CSV\Thermal_83_CSV.csv,"(640, 480)",
Rat21,Rat21\Thermal Imaging\Thermal_84.jpg,..\Data For Segmentation\Rat21\Thermal Imaging\Thermal_84.jpg,Thermal_84.jpg,480,640,..\Data For Segmentation\Rat21\Mask\Thermal_84.png,480,640,..\Data For Segmentation\Rat21\CSV\Thermal_84_CSV.csv,"(640, 480)",
Rat21,Rat21\Thermal Imaging\Thermal_85.jpg,..\Data For Segmentation\Rat21\Thermal Imaging\Thermal_85.jpg,Thermal_85.jpg,480,640,..\Data For Segmentation\Rat21\Mask\Thermal_85.png,480,640,..\Data For Segmentation\Rat21\CSV\Thermal_85_CSV.csv,"(640, 480)",
Rat21,Rat21\Thermal Imaging\Thermal_86.jpg,..\Data For Segmentation\Rat21\Thermal Imaging\Thermal_86.jpg,Thermal_86.jpg,480,640,..\Data For Segmentation\Rat21\Mask\Thermal_86.png,480,640,..\Data For Segmentation\Rat21\CSV\Thermal_86_CSV.csv,"(640, 480)",
Rat21,Rat21\Thermal Imaging\Thermal_87.jpg,..\Data For Segmentation\Rat21\Thermal Imaging\Thermal_87.jpg,Thermal_87.jpg,480,640,..\Data For Segmentation\Rat21\Mask\Thermal_87.png,480,640,..\Data For Segmentation\Rat21\CSV\Thermal_87_CSV.csv,"(640, 480)",
Rat21,Rat21\Thermal Imaging\Thermal_88.jpg,..\Data For Segmentation\Rat21\Thermal Imaging\Thermal_88.jpg,Thermal_88.jpg,480,640,..\Data For Segmentation\Rat21\Mask\Thermal_88.png,480,640,..\Data For Segmentation\Rat21\CSV\Thermal_88_CSV.csv,"(640, 480)",
Rat21,Rat21\Thermal Imaging\Thermal_89.jpg,..\Data For Segmentation\Rat21\Thermal Imaging\Thermal_89.jpg,Thermal_89.jpg,480,640,..\Data For Segmentation\Rat21\Mask\Thermal_89.png,480,640,..\Data For Segmentation\Rat21\CSV\Thermal_89_CSV.csv,"(640, 480)",
Rat21,Rat21\Thermal Imaging\Thermal_90.jpg,..\Data For Segmentation\Rat21\Thermal Imaging\Thermal_90.jpg,Thermal_90.jpg,480,640,..\Data For Segmentation\Rat21\Mask\Thermal_90.png,480,640,..\Data For Segmentation\Rat21\CSV\Thermal_90_CSV.csv,"(640, 480)",
Rat21,Rat21\Thermal Imaging\Thermal_91.jpg,..\Data For Segmentation\Rat21\Thermal Imaging\Thermal_91.jpg,Thermal_91.jpg,480,640,..\Data For Segmentation\Rat21\Mask\Thermal_91.png,480,640,..\Data For Segmentation\Rat21\CSV\Thermal_91_CSV.csv,"(640, 480)",
Rat21,Rat21\Thermal Imaging\Thermal_92.jpg,..\Data For Segmentation\Rat21\Thermal Imaging\Thermal_92.jpg,Thermal_92.jpg,480,640,..\Data For Segmentation\Rat21\Mask\Thermal_92.png,480,640,..\Data For Segmentation\Rat21\CSV\Thermal_92_CSV.csv,"(640, 480)",
Rat21,Rat21\Thermal Imaging\Thermal_93.jpg,..\Data For Segmentation\Rat21\Thermal Imaging\Thermal_93.jpg,Thermal_93.jpg,480,640,..\Data For Segmentation\Rat21\Mask\Thermal_93.png,480,640,..\Data For Segmentation\Rat21\CSV\Thermal_93_CSV.csv,"(640, 480)",
Rat21,Rat21\Thermal Imaging\Thermal_94.jpg,..\Data For Segmentation\Rat21\Thermal Imaging\Thermal_94.jpg,Thermal_94.jpg,480,640,..\Data For Segmentation\Rat21\Mask\Thermal_94.png,480,640,..\Data For Segmentation\Rat21\CSV\Thermal_94_CSV.csv,"(640, 480)",
Rat21,Rat21\Thermal Imaging\Thermal_95.jpg,..\Data For Segmentation\Rat21\Thermal Imaging\Thermal_95.jpg,Thermal_95.jpg,480,640,..\Data For Segmentation\Rat21\Mask\Thermal_95.png,480,640,..\Data For Segmentation\Rat21\CSV\Thermal_95_CSV.csv,"(640, 480)",
Rat21,Rat21\Thermal Imaging\Thermal_96.jpg,..\Data For Segmentation\Rat21\Thermal Imaging\Thermal_96.jpg,Thermal_96.jpg,480,640,..\Data For Segmentation\Rat21\Mask\Thermal_96.png,480,640,..\Data For Segmentation\Rat21\CSV\Thermal_96_CSV.csv,"(640, 480)",
Rat21,Rat21\Thermal Imaging\Thermal_97.jpg,..\Data For Segmentation\Rat21\Thermal Imaging\Thermal_97.jpg,Thermal_97.jpg,480,640,..\Data For Segmentation\Rat21\Mask\Thermal_97.png,480,640,..\Data For Segmentation\Rat21\CSV\Thermal_97_CSV.csv,"(640, 480)",
Rat21,Rat21\Thermal Imaging\Thermal_98.jpg,..\Data For Segmentation\Rat21\Thermal Imaging\Thermal_98.jpg,Thermal_98.jpg,480,640,..\Data For Segmentation\Rat21\Mask\Thermal_98.png,480,640,..\Data For Segmentation\Rat21\CSV\Thermal_98_CSV.csv,"(640, 480)",
Rat21,Rat21\Thermal Imaging\Thermal_99.jpg,..\Data For Segmentation\Rat21\Thermal Imaging\Thermal_99.jpg,Thermal_99.jpg,480,640,..\Data For Segmentation\Rat21\Mask\Thermal_99.png,480,640,..\Data For Segmentation\Rat21\CSV\Thermal_99_CSV.csv,"(640, 480)",
Rat22,Rat22\Thermal Imaging\Thermal_1.png,..\Data For Segmentation\Rat22\Thermal Imaging\Thermal_1.png,Thermal_1.png,480,640,..\Data For Segmentation\Rat22\Mask\Thermal_1.png,480,640,..\Data For Segmentation\Rat22\CSV\Thermal_1_CSV.csv,"(640, 480)",
Rat22,Rat22\Thermal Imaging\Thermal_10.png,..\Data For Segmentation\Rat22\Thermal Imaging\Thermal_10.png,Thermal_10.png,480,640,..\Data For Segmentation\Rat22\Mask\Thermal_10.png,480,640,..\Data For Segmentation\Rat22\CSV\Thermal_10_CSV.csv,"(640, 480)",
Rat22,Rat22\Thermal Imaging\Thermal_100.jpg,..\Data For Segmentation\Rat22\Thermal Imaging\Thermal_100.jpg,Thermal_100.jpg,480,640,..\Data For Segmentation\Rat22\Mask\Thermal_100.png,480,640,..\Data For Segmentation\Rat22\CSV\Thermal_100_CSV.csv,"(640, 480)",
Rat22,Rat22\Thermal Imaging\Thermal_101.jpg,..\Data For Segmentation\Rat22\Thermal Imaging\Thermal_101.jpg,Thermal_101.jpg,480,640,..\Data For Segmentation\Rat22\Mask\Thermal_101.png,480,640,..\Data For Segmentation\Rat22\CSV\Thermal_101_CSV.csv,"(640, 480)",
Rat22,Rat22\Thermal Imaging\Thermal_102.jpg,..\Data For Segmentation\Rat22\Thermal Imaging\Thermal_102.jpg,Thermal_102.jpg,480,640,..\Data For Segmentation\Rat22\Mask\Thermal_102.png,480,640,..\Data For Segmentation\Rat22\CSV\Thermal_102_CSV.csv,"(640, 480)",
Rat22,Rat22\Thermal Imaging\Thermal_103.jpg,..\Data For Segmentation\Rat22\Thermal Imaging\Thermal_103.jpg,Thermal_103.jpg,480,640,..\Data For Segmentation\Rat22\Mask\Thermal_103.png,480,640,..\Data For Segmentation\Rat22\CSV\Thermal_103_CSV.csv,"(640, 480)",
Rat22,Rat22\Thermal Imaging\Thermal_104.jpg,..\Data For Segmentation\Rat22\Thermal Imaging\Thermal_104.jpg,Thermal_104.jpg,480,640,..\Data For Segmentation\Rat22\Mask\Thermal_104.png,480,640,..\Data For Segmentation\Rat22\CSV\Thermal_104_CSV.csv,"(640, 480)",
Rat22,Rat22\Thermal Imaging\Thermal_105.jpg,..\Data For Segmentation\Rat22\Thermal Imaging\Thermal_105.jpg,Thermal_105.jpg,480,640,..\Data For Segmentation\Rat22\Mask\Thermal_105.png,480,640,..\Data For Segmentation\Rat22\CSV\Thermal_105_CSV.csv,"(640, 480)",
Rat22,Rat22\Thermal Imaging\Thermal_106.jpg,..\Data For Segmentation\Rat22\Thermal Imaging\Thermal_106.jpg,Thermal_106.jpg,480,640,..\Data For Segmentation\Rat22\Mask\Thermal_106.png,480,640,..\Data For Segmentation\Rat22\CSV\Thermal_106_CSV.csv,"(640, 480)",
Rat22,Rat22\Thermal Imaging\Thermal_107.jpg,..\Data For Segmentation\Rat22\Thermal Imaging\Thermal_107.jpg,Thermal_107.jpg,480,640,..\Data For Segmentation\Rat22\Mask\Thermal_107.png,480,640,..\Data For Segmentation\Rat22\CSV\Thermal_107_CSV.csv,"(640, 480)",
Rat22,Rat22\Thermal Imaging\Thermal_108.jpg,..\Data For Segmentation\Rat22\Thermal Imaging\Thermal_108.jpg,Thermal_108.jpg,480,640,..\Data For Segmentation\Rat22\Mask\Thermal_108.png,480,640,..\Data For Segmentation\Rat22\CSV\Thermal_108_CSV.csv,"(640, 480)",
Rat22,Rat22\Thermal Imaging\Thermal_109.jpg,..\Data For Segmentation\Rat22\Thermal Imaging\Thermal_109.jpg,Thermal_109.jpg,480,640,..\Data For Segmentation\Rat22\Mask\Thermal_109.png,480,640,..\Data For Segmentation\Rat22\CSV\Thermal_109_CSV.csv,"(640, 480)",
Rat22,Rat22\Thermal Imaging\Thermal_11.png,..\Data For Segmentation\Rat22\Thermal Imaging\Thermal_11.png,Thermal_11.png,480,640,..\Data For Segmentation\Rat22\Mask\Thermal_11.png,480,640,..\Data For Segmentation\Rat22\CSV\Thermal_11_CSV.csv,"(640, 480)",
Rat22,Rat22\Thermal Imaging\Thermal_114.jpg,..\Data For Segmentation\Rat22\Thermal Imaging\Thermal_114.jpg,Thermal_114.jpg,480,640,..\Data For Segmentation\Rat22\Mask\Thermal_114.png,480,640,..\Data For Segmentation\Rat22\CSV\Thermal_114_CSV.csv,"(640, 480)",
Rat22,Rat22\Thermal Imaging\Thermal_115.jpg,..\Data For Segmentation\Rat22\Thermal Imaging\Thermal_115.jpg,Thermal_115.jpg,480,640,..\Data For Segmentation\Rat22\Mask\Thermal_115.png,480,640,..\Data For Segmentation\Rat22\CSV\Thermal_115_CSV.csv,"(640, 480)",
Rat22,Rat22\Thermal Imaging\Thermal_116.jpg,..\Data For Segmentation\Rat22\Thermal Imaging\Thermal_116.jpg,Thermal_116.jpg,480,640,..\Data For Segmentation\Rat22\Mask\Thermal_116.png,480,640,..\Data For Segmentation\Rat22\CSV\Thermal_116_CSV.csv,"(640, 480)",
Rat22,Rat22\Thermal Imaging\Thermal_117.jpg,..\Data For Segmentation\Rat22\Thermal Imaging\Thermal_117.jpg,Thermal_117.jpg,480,640,..\Data For Segmentation\Rat22\Mask\Thermal_117.png,480,640,..\Data For Segmentation\Rat22\CSV\Thermal_117_CSV.csv,"(640, 480)",
Rat22,Rat22\Thermal Imaging\Thermal_119.jpg,..\Data For Segmentation\Rat22\Thermal Imaging\Thermal_119.jpg,Thermal_119.jpg,480,640,..\Data For Segmentation\Rat22\Mask\Thermal_119.png,480,640,..\Data For Segmentation\Rat22\CSV\Thermal_119_CSV.csv,"(640, 480)",
Rat22,Rat22\Thermal Imaging\Thermal_120.jpg,..\Data For Segmentation\Rat22\Thermal Imaging\Thermal_120.jpg,Thermal_120.jpg,480,640,..\Data For Segmentation\Rat22\Mask\Thermal_120.png,480,640,..\Data For Segmentation\Rat22\CSV\Thermal_120_CSV.csv,"(640, 480)",
Rat22,Rat22\Thermal Imaging\Thermal_121.jpg,..\Data For Segmentation\Rat22\Thermal Imaging\Thermal_121.jpg,Thermal_121.jpg,480,640,..\Data For Segmentation\Rat22\Mask\Thermal_121.png,480,640,..\Data For Segmentation\Rat22\CSV\Thermal_121_CSV.csv,"(640, 480)",
Rat22,Rat22\Thermal Imaging\Thermal_122.jpg,..\Data For Segmentation\Rat22\Thermal Imaging\Thermal_122.jpg,Thermal_122.jpg,480,640,..\Data For Segmentation\Rat22\Mask\Thermal_122.png,480,640,..\Data For Segmentation\Rat22\CSV\Thermal_122_CSV.csv,"(640, 480)",
Rat22,Rat22\Thermal Imaging\Thermal_123.jpg,..\Data For Segmentation\Rat22\Thermal Imaging\Thermal_123.jpg,Thermal_123.jpg,480,640,..\Data For Segmentation\Rat22\Mask\Thermal_123.png,480,640,..\Data For Segmentation\Rat22\CSV\Thermal_123_CSV.csv,"(640, 480)",
Rat22,Rat22\Thermal Imaging\Thermal_124.jpg,..\Data For Segmentation\Rat22\Thermal Imaging\Thermal_124.jpg,Thermal_124.jpg,480,640,..\Data For Segmentation\Rat22\Mask\Thermal_124.png,480,640,..\Data For Segmentation\Rat22\CSV\Thermal_124_CSV.csv,"(640, 480)",
Rat22,Rat22\Thermal Imaging\Thermal_125.jpg,..\Data For Segmentation\Rat22\Thermal Imaging\Thermal_125.jpg,Thermal_125.jpg,480,640,..\Data For Segmentation\Rat22\Mask\Thermal_125.png,480,640,..\Data For Segmentation\Rat22\CSV\Thermal_125_CSV.csv,"(640, 480)",
Rat22,Rat22\Thermal Imaging\Thermal_126.jpg,..\Data For Segmentation\Rat22\Thermal Imaging\Thermal_126.jpg,Thermal_126.jpg,480,640,..\Data For Segmentation\Rat22\Mask\Thermal_126.png,480,640,..\Data For Segmentation\Rat22\CSV\Thermal_126_CSV.csv,"(640, 480)",
Rat22,Rat22\Thermal Imaging\Thermal_127.jpg,..\Data For Segmentation\Rat22\Thermal Imaging\Thermal_127.jpg,Thermal_127.jpg,480,640,..\Data For Segmentation\Rat22\Mask\Thermal_127.png,480,640,..\Data For Segmentation\Rat22\CSV\Thermal_127_CSV.csv,"(640, 480)",
Rat22,Rat22\Thermal Imaging\Thermal_128.jpg,..\Data For Segmentation\Rat22\Thermal Imaging\Thermal_128.jpg,Thermal_128.jpg,480,640,..\Data For Segmentation\Rat22\Mask\Thermal_128.png,480,640,..\Data For Segmentation\Rat22\CSV\Thermal_128_CSV.csv,"(640, 480)",
Rat22,Rat22\Thermal Imaging\Thermal_129.jpg,..\Data For Segmentation\Rat22\Thermal Imaging\Thermal_129.jpg,Thermal_129.jpg,480,640,..\Data For Segmentation\Rat22\Mask\Thermal_129.png,480,640,..\Data For Segmentation\Rat22\CSV\Thermal_129_CSV.csv,"(640, 480)",
Rat22,Rat22\Thermal Imaging\Thermal_130.jpg,..\Data For Segmentation\Rat22\Thermal Imaging\Thermal_130.jpg,Thermal_130.jpg,480,640,..\Data For Segmentation\Rat22\Mask\Thermal_130.png,480,640,..\Data For Segmentation\Rat22\CSV\Thermal_130_CSV.csv,"(640, 480)",
Rat22,Rat22\Thermal Imaging\Thermal_131.jpg,..\Data For Segmentation\Rat22\Thermal Imaging\Thermal_131.jpg,Thermal_131.jpg,480,640,..\Data For Segmentation\Rat22\Mask\Thermal_131.png,480,640,..\Data For Segmentation\Rat22\CSV\Thermal_131_CSV.csv,"(640, 480)",
Rat22,Rat22\Thermal Imaging\Thermal_132.jpg,..\Data For Segmentation\Rat22\Thermal Imaging\Thermal_132.jpg,Thermal_132.jpg,480,640,..\Data For Segmentation\Rat22\Mask\Thermal_132.png,480,640,..\Data For Segmentation\Rat22\CSV\Thermal_132_CSV.csv,"(640, 480)",
Rat22,Rat22\Thermal Imaging\Thermal_133.jpg,..\Data For Segmentation\Rat22\Thermal Imaging\Thermal_133.jpg,Thermal_133.jpg,480,640,..\Data For Segmentation\Rat22\Mask\Thermal_133.png,480,640,..\Data For Segmentation\Rat22\CSV\Thermal_133_CSV.csv,"(640, 480)",
Rat22,Rat22\Thermal Imaging\Thermal_134.jpg,..\Data For Segmentation\Rat22\Thermal Imaging\Thermal_134.jpg,Thermal_134.jpg,480,640,..\Data For Segmentation\Rat22\Mask\Thermal_134.png,480,640,..\Data For Segmentation\Rat22\CSV\Thermal_134_CSV.csv,"(640, 480)",
Rat22,Rat22\Thermal Imaging\Thermal_135.jpg,..\Data For Segmentation\Rat22\Thermal Imaging\Thermal_135.jpg,Thermal_135.jpg,480,640,..\Data For Segmentation\Rat22\Mask\Thermal_135.png,480,640,..\Data For Segmentation\Rat22\CSV\Thermal_135_CSV.csv,"(640, 480)",
Rat22,Rat22\Thermal Imaging\Thermal_136.jpg,..\Data For Segmentation\Rat22\Thermal Imaging\Thermal_136.jpg,Thermal_136.jpg,480,640,..\Data For Segmentation\Rat22\Mask\Thermal_136.png,480,640,..\Data For Segmentation\Rat22\CSV\Thermal_136_CSV.csv,"(640, 480)",
Rat22,Rat22\Thermal Imaging\Thermal_137.jpg,..\Data For Segmentation\Rat22\Thermal Imaging\Thermal_137.jpg,Thermal_137.jpg,480,640,..\Data For Segmentation\Rat22\Mask\Thermal_137.png,480,640,..\Data For Segmentation\Rat22\CSV\Thermal_137_CSV.csv,"(640, 480)",
Rat22,Rat22\Thermal Imaging\Thermal_138.jpg,..\Data For Segmentation\Rat22\Thermal Imaging\Thermal_138.jpg,Thermal_138.jpg,480,640,..\Data For Segmentation\Rat22\Mask\Thermal_138.png,480,640,..\Data For Segmentation\Rat22\CSV\Thermal_138_CSV.csv,"(640, 480)",
Rat22,Rat22\Thermal Imaging\Thermal_139.jpg,..\Data For Segmentation\Rat22\Thermal Imaging\Thermal_139.jpg,Thermal_139.jpg,480,640,..\Data For Segmentation\Rat22\Mask\Thermal_139.png,480,640,..\Data For Segmentation\Rat22\CSV\Thermal_139_CSV.csv,"(640, 480)",
Rat22,Rat22\Thermal Imaging\Thermal_140.jpg,..\Data For Segmentation\Rat22\Thermal Imaging\Thermal_140.jpg,Thermal_140.jpg,480,640,..\Data For Segmentation\Rat22\Mask\Thermal_140.png,480,640,..\Data For Segmentation\Rat22\CSV\Thermal_140_CSV.csv,"(640, 480)",
Rat22,Rat22\Thermal Imaging\Thermal_141.jpg,..\Data For Segmentation\Rat22\Thermal Imaging\Thermal_141.jpg,Thermal_141.jpg,480,640,..\Data For Segmentation\Rat22\Mask\Thermal_141.png,480,640,..\Data For Segmentation\Rat22\CSV\Thermal_141_CSV.csv,"(640, 480)",
Rat22,Rat22\Thermal Imaging\Thermal_142.jpg,..\Data For Segmentation\Rat22\Thermal Imaging\Thermal_142.jpg,Thermal_142.jpg,480,640,..\Data For Segmentation\Rat22\Mask\Thermal_142.png,480,640,..\Data For Segmentation\Rat22\CSV\Thermal_142_CSV.csv,"(640, 480)",
Rat22,Rat22\Thermal Imaging\Thermal_143.jpg,..\Data For Segmentation\Rat22\Thermal Imaging\Thermal_143.jpg,Thermal_143.jpg,480,640,..\Data For Segmentation\Rat22\Mask\Thermal_143.png,480,640,..\Data For Segmentation\Rat22\CSV\Thermal_143_CSV.csv,"(640, 480)",
Rat22,Rat22\Thermal Imaging\Thermal_144.jpg,..\Data For Segmentation\Rat22\Thermal Imaging\Thermal_144.jpg,Thermal_144.jpg,480,640,..\Data For Segmentation\Rat22\Mask\Thermal_144.png,480,640,..\Data For Segmentation\Rat22\CSV\Thermal_144_CSV.csv,"(640, 480)",
Rat22,Rat22\Thermal Imaging\Thermal_145.jpg,..\Data For Segmentation\Rat22\Thermal Imaging\Thermal_145.jpg,Thermal_145.jpg,480,640,..\Data For Segmentation\Rat22\Mask\Thermal_145.png,480,640,..\Data For Segmentation\Rat22\CSV\Thermal_145_CSV.csv,"(640, 480)",
Rat22,Rat22\Thermal Imaging\Thermal_146.jpg,..\Data For Segmentation\Rat22\Thermal Imaging\Thermal_146.jpg,Thermal_146.jpg,480,640,..\Data For Segmentation\Rat22\Mask\Thermal_146.png,480,640,..\Data For Segmentation\Rat22\CSV\Thermal_146_CSV.csv,"(640, 480)",
Rat22,Rat22\Thermal Imaging\Thermal_147.jpg,..\Data For Segmentation\Rat22\Thermal Imaging\Thermal_147.jpg,Thermal_147.jpg,480,640,..\Data For Segmentation\Rat22\Mask\Thermal_147.png,480,640,..\Data For Segmentation\Rat22\CSV\Thermal_147_CSV.csv,"(640, 480)",
Rat22,Rat22\Thermal Imaging\Thermal_148.jpg,..\Data For Segmentation\Rat22\Thermal Imaging\Thermal_148.jpg,Thermal_148.jpg,480,640,..\Data For Segmentation\Rat22\Mask\Thermal_148.png,480,640,..\Data For Segmentation\Rat22\CSV\Thermal_148_CSV.csv,"(640, 480)",
Rat22,Rat22\Thermal Imaging\Thermal_149.jpg,..\Data For Segmentation\Rat22\Thermal Imaging\Thermal_149.jpg,Thermal_149.jpg,480,640,..\Data For Segmentation\Rat22\Mask\Thermal_149.png,480,640,..\Data For Segmentation\Rat22\CSV\Thermal_149_CSV.csv,"(640, 480)",
Rat22,Rat22\Thermal Imaging\Thermal_15.png,..\Data For Segmentation\Rat22\Thermal Imaging\Thermal_15.png,Thermal_15.png,480,640,..\Data For Segmentation\Rat22\Mask\Thermal_15.png,480,640,..\Data For Segmentation\Rat22\CSV\Thermal_15_CSV.csv,"(640, 480)",
Rat22,Rat22\Thermal Imaging\Thermal_16.png,..\Data For Segmentation\Rat22\Thermal Imaging\Thermal_16.png,Thermal_16.png,480,640,..\Data For Segmentation\Rat22\Mask\Thermal_16.png,480,640,..\Data For Segmentation\Rat22\CSV\Thermal_16_CSV.csv,"(640, 480)",
Rat22,Rat22\Thermal Imaging\Thermal_17.jpg,..\Data For Segmentation\Rat22\Thermal Imaging\Thermal_17.jpg,Thermal_17.jpg,480,640,..\Data For Segmentation\Rat22\Mask\Thermal_17.png,480,640,..\Data For Segmentation\Rat22\CSV\Thermal_17_CSV.csv,"(640, 480)",
Rat22,Rat22\Thermal Imaging\Thermal_18.jpg,..\Data For Segmentation\Rat22\Thermal Imaging\Thermal_18.jpg,Thermal_18.jpg,480,640,..\Data For Segmentation\Rat22\Mask\Thermal_18.png,480,640,..\Data For Segmentation\Rat22\CSV\Thermal_18_CSV.csv,"(640, 480)",
Rat22,Rat22\Thermal Imaging\Thermal_19.jpg,..\Data For Segmentation\Rat22\Thermal Imaging\Thermal_19.jpg,Thermal_19.jpg,480,640,..\Data For Segmentation\Rat22\Mask\Thermal_19.png,480,640,..\Data For Segmentation\Rat22\CSV\Thermal_19_CSV.csv,"(640, 480)",
Rat22,Rat22\Thermal Imaging\Thermal_2.png,..\Data For Segmentation\Rat22\Thermal Imaging\Thermal_2.png,Thermal_2.png,480,640,..\Data For Segmentation\Rat22\Mask\Thermal_2.png,480,640,..\Data For Segmentation\Rat22\CSV\Thermal_2_CSV.csv,"(640, 480)",
Rat22,Rat22\Thermal Imaging\Thermal_20.jpg,..\Data For Segmentation\Rat22\Thermal Imaging\Thermal_20.jpg,Thermal_20.jpg,480,640,..\Data For Segmentation\Rat22\Mask\Thermal_20.png,480,640,..\Data For Segmentation\Rat22\CSV\Thermal_20_CSV.csv,"(640, 480)",
Rat22,Rat22\Thermal Imaging\Thermal_21.jpg,..\Data For Segmentation\Rat22\Thermal Imaging\Thermal_21.jpg,Thermal_21.jpg,480,640,..\Data For Segmentation\Rat22\Mask\Thermal_21.png,480,640,..\Data For Segmentation\Rat22\CSV\Thermal_21_CSV.csv,"(640, 480)",
Rat22,Rat22\Thermal Imaging\Thermal_22.jpg,..\Data For Segmentation\Rat22\Thermal Imaging\Thermal_22.jpg,Thermal_22.jpg,480,640,..\Data For Segmentation\Rat22\Mask\Thermal_22.png,480,640,..\Data For Segmentation\Rat22\CSV\Thermal_22_CSV.csv,"(640, 480)",
Rat22,Rat22\Thermal Imaging\Thermal_23.jpg,..\Data For Segmentation\Rat22\Thermal Imaging\Thermal_23.jpg,Thermal_23.jpg,480,640,..\Data For Segmentation\Rat22\Mask\Thermal_23.png,480,640,..\Data For Segmentation\Rat22\CSV\Thermal_23_CSV.csv,"(640, 480)",
Rat22,Rat22\Thermal Imaging\Thermal_24.jpg,..\Data For Segmentation\Rat22\Thermal Imaging\Thermal_24.jpg,Thermal_24.jpg,480,640,..\Data For Segmentation\Rat22\Mask\Thermal_24.png,480,640,..\Data For Segmentation\Rat22\CSV\Thermal_24_CSV.csv,"(640, 480)",
Rat22,Rat22\Thermal Imaging\Thermal_25.jpg,..\Data For Segmentation\Rat22\Thermal Imaging\Thermal_25.jpg,Thermal_25.jpg,480,640,..\Data For Segmentation\Rat22\Mask\Thermal_25.png,480,640,..\Data For Segmentation\Rat22\CSV\Thermal_25_CSV.csv,"(640, 480)",
Rat22,Rat22\Thermal Imaging\Thermal_26.jpg,..\Data For Segmentation\Rat22\Thermal Imaging\Thermal_26.jpg,Thermal_26.jpg,480,640,..\Data For Segmentation\Rat22\Mask\Thermal_26.png,480,640,..\Data For Segmentation\Rat22\CSV\Thermal_26_CSV.csv,"(640, 480)",
Rat22,Rat22\Thermal Imaging\Thermal_27.jpg,..\Data For Segmentation\Rat22\Thermal Imaging\Thermal_27.jpg,Thermal_27.jpg,480,640,..\Data For Segmentation\Rat22\Mask\Thermal_27.png,480,640,..\Data For Segmentation\Rat22\CSV\Thermal_27_CSV.csv,"(640, 480)",
Rat22,Rat22\Thermal Imaging\Thermal_28.jpg,..\Data For Segmentation\Rat22\Thermal Imaging\Thermal_28.jpg,Thermal_28.jpg,480,640,..\Data For Segmentation\Rat22\Mask\Thermal_28.png,480,640,..\Data For Segmentation\Rat22\CSV\Thermal_28_CSV.csv,"(640, 480)",
Rat22,Rat22\Thermal Imaging\Thermal_29.jpg,..\Data For Segmentation\Rat22\Thermal Imaging\Thermal_29.jpg,Thermal_29.jpg,480,640,..\Data For Segmentation\Rat22\Mask\Thermal_29.png,480,640,..\Data For Segmentation\Rat22\CSV\Thermal_29_CSV.csv,"(640, 480)",
Rat22,Rat22\Thermal Imaging\Thermal_3.png,..\Data For Segmentation\Rat22\Thermal Imaging\Thermal_3.png,Thermal_3.png,480,640,..\Data For Segmentation\Rat22\Mask\Thermal_3.png,480,640,..\Data For Segmentation\Rat22\CSV\Thermal_3_CSV.csv,"(640, 480)",
Rat22,Rat22\Thermal Imaging\Thermal_30.jpg,..\Data For Segmentation\Rat22\Thermal Imaging\Thermal_30.jpg,Thermal_30.jpg,480,640,..\Data For Segmentation\Rat22\Mask\Thermal_30.png,480,640,..\Data For Segmentation\Rat22\CSV\Thermal_30_CSV.csv,"(640, 480)",
Rat22,Rat22\Thermal Imaging\Thermal_31.jpg,..\Data For Segmentation\Rat22\Thermal Imaging\Thermal_31.jpg,Thermal_31.jpg,480,640,..\Data For Segmentation\Rat22\Mask\Thermal_31.png,480,640,..\Data For Segmentation\Rat22\CSV\Thermal_31_CSV.csv,"(640, 480)",
Rat22,Rat22\Thermal Imaging\Thermal_32.jpg,..\Data For Segmentation\Rat22\Thermal Imaging\Thermal_32.jpg,Thermal_32.jpg,480,640,..\Data For Segmentation\Rat22\Mask\Thermal_32.png,480,640,..\Data For Segmentation\Rat22\CSV\Thermal_32_CSV.csv,"(640, 480)",
Rat22,Rat22\Thermal Imaging\Thermal_33.jpg,..\Data For Segmentation\Rat22\Thermal Imaging\Thermal_33.jpg,Thermal_33.jpg,480,640,..\Data For Segmentation\Rat22\Mask\Thermal_33.png,480,640,..\Data For Segmentation\Rat22\CSV\Thermal_33_CSV.csv,"(640, 480)",
Rat22,Rat22\Thermal Imaging\Thermal_34.jpg,..\Data For Segmentation\Rat22\Thermal Imaging\Thermal_34.jpg,Thermal_34.jpg,480,640,..\Data For Segmentation\Rat22\Mask\Thermal_34.png,480,640,..\Data For Segmentation\Rat22\CSV\Thermal_34_CSV.csv,"(640, 480)",
Rat22,Rat22\Thermal Imaging\Thermal_35.jpg,..\Data For Segmentation\Rat22\Thermal Imaging\Thermal_35.jpg,Thermal_35.jpg,480,640,..\Data For Segmentation\Rat22\Mask\Thermal_35.png,480,640,..\Data For Segmentation\Rat22\CSV\Thermal_35_CSV.csv,"(640, 480)",
Rat22,Rat22\Thermal Imaging\Thermal_36.jpg,..\Data For Segmentation\Rat22\Thermal Imaging\Thermal_36.jpg,Thermal_36.jpg,480,640,..\Data For Segmentation\Rat22\Mask\Thermal_36.png,480,640,..\Data For Segmentation\Rat22\CSV\Thermal_36_CSV.csv,"(640, 480)",
Rat22,Rat22\Thermal Imaging\Thermal_37.jpg,..\Data For Segmentation\Rat22\Thermal Imaging\Thermal_37.jpg,Thermal_37.jpg,480,640,..\Data For Segmentation\Rat22\Mask\Thermal_37.png,480,640,..\Data For Segmentation\Rat22\CSV\Thermal_37_CSV.csv,"(640, 480)",
Rat22,Rat22\Thermal Imaging\Thermal_38.jpg,..\Data For Segmentation\Rat22\Thermal Imaging\Thermal_38.jpg,Thermal_38.jpg,480,640,..\Data For Segmentation\Rat22\Mask\Thermal_38.png,480,640,..\Data For Segmentation\Rat22\CSV\Thermal_38_CSV.csv,"(640, 480)",
Rat22,Rat22\Thermal Imaging\Thermal_39.jpg,..\Data For Segmentation\Rat22\Thermal Imaging\Thermal_39.jpg,Thermal_39.jpg,480,640,..\Data For Segmentation\Rat22\Mask\Thermal_39.png,480,640,..\Data For Segmentation\Rat22\CSV\Thermal_39_CSV.csv,"(640, 480)",
Rat22,Rat22\Thermal Imaging\Thermal_4.png,..\Data For Segmentation\Rat22\Thermal Imaging\Thermal_4.png,Thermal_4.png,480,640,..\Data For Segmentation\Rat22\Mask\Thermal_4.png,480,640,..\Data For Segmentation\Rat22\CSV\Thermal_4_CSV.csv,"(640, 480)",
Rat22,Rat22\Thermal Imaging\Thermal_40.jpg,..\Data For Segmentation\Rat22\Thermal Imaging\Thermal_40.jpg,Thermal_40.jpg,480,640,..\Data For Segmentation\Rat22\Mask\Thermal_40.png,480,640,..\Data For Segmentation\Rat22\CSV\Thermal_40_CSV.csv,"(640, 480)",
Rat22,Rat22\Thermal Imaging\Thermal_41.jpg,..\Data For Segmentation\Rat22\Thermal Imaging\Thermal_41.jpg,Thermal_41.jpg,480,640,..\Data For Segmentation\Rat22\Mask\Thermal_41.png,480,640,..\Data For Segmentation\Rat22\CSV\Thermal_41_CSV.csv,"(640, 480)",
Rat22,Rat22\Thermal Imaging\Thermal_42.jpg,..\Data For Segmentation\Rat22\Thermal Imaging\Thermal_42.jpg,Thermal_42.jpg,480,640,..\Data For Segmentation\Rat22\Mask\Thermal_42.png,480,640,..\Data For Segmentation\Rat22\CSV\Thermal_42_CSV.csv,"(640, 480)",
Rat22,Rat22\Thermal Imaging\Thermal_43.jpg,..\Data For Segmentation\Rat22\Thermal Imaging\Thermal_43.jpg,Thermal_43.jpg,480,640,..\Data For Segmentation\Rat22\Mask\Thermal_43.png,480,640,..\Data For Segmentation\Rat22\CSV\Thermal_43_CSV.csv,"(640, 480)",
Rat22,Rat22\Thermal Imaging\Thermal_44.jpg,..\Data For Segmentation\Rat22\Thermal Imaging\Thermal_44.jpg,Thermal_44.jpg,480,640,..\Data For Segmentation\Rat22\Mask\Thermal_44.png,480,640,..\Data For Segmentation\Rat22\CSV\Thermal_44_CSV.csv,"(640, 480)",
Rat22,Rat22\Thermal Imaging\Thermal_45.jpg,..\Data For Segmentation\Rat22\Thermal Imaging\Thermal_45.jpg,Thermal_45.jpg,480,640,..\Data For Segmentation\Rat22\Mask\Thermal_45.png,480,640,..\Data For Segmentation\Rat22\CSV\Thermal_45_CSV.csv,"(640, 480)",
Rat22,Rat22\Thermal Imaging\Thermal_46.jpg,..\Data For Segmentation\Rat22\Thermal Imaging\Thermal_46.jpg,Thermal_46.jpg,480,640,..\Data For Segmentation\Rat22\Mask\Thermal_46.png,480,640,..\Data For Segmentation\Rat22\CSV\Thermal_46_CSV.csv,"(640, 480)",
Rat22,Rat22\Thermal Imaging\Thermal_47.jpg,..\Data For Segmentation\Rat22\Thermal Imaging\Thermal_47.jpg,Thermal_47.jpg,480,640,..\Data For Segmentation\Rat22\Mask\Thermal_47.png,480,640,..\Data For Segmentation\Rat22\CSV\Thermal_47_CSV.csv,"(640, 480)",
Rat22,Rat22\Thermal Imaging\Thermal_48.jpg,..\Data For Segmentation\Rat22\Thermal Imaging\Thermal_48.jpg,Thermal_48.jpg,480,640,..\Data For Segmentation\Rat22\Mask\Thermal_48.png,480,640,..\Data For Segmentation\Rat22\CSV\Thermal_48_CSV.csv,"(640, 480)",
Rat22,Rat22\Thermal Imaging\Thermal_49.jpg,..\Data For Segmentation\Rat22\Thermal Imaging\Thermal_49.jpg,Thermal_49.jpg,480,640,..\Data For Segmentation\Rat22\Mask\Thermal_49.png,480,640,..\Data For Segmentation\Rat22\CSV\Thermal_49_CSV.csv,"(640, 480)",
Rat22,Rat22\Thermal Imaging\Thermal_5.png,..\Data For Segmentation\Rat22\Thermal Imaging\Thermal_5.png,Thermal_5.png,480,640,..\Data For Segmentation\Rat22\Mask\Thermal_5.png,480,640,..\Data For Segmentation\Rat22\CSV\Thermal_5_CSV.csv,"(640, 480)",
Rat22,Rat22\Thermal Imaging\Thermal_50.jpg,..\Data For Segmentation\Rat22\Thermal Imaging\Thermal_50.jpg,Thermal_50.jpg,480,640,..\Data For Segmentation\Rat22\Mask\Thermal_50.png,480,640,..\Data For Segmentation\Rat22\CSV\Thermal_50_CSV.csv,"(640, 480)",
Rat22,Rat22\Thermal Imaging\Thermal_51.jpg,..\Data For Segmentation\Rat22\Thermal Imaging\Thermal_51.jpg,Thermal_51.jpg,480,640,..\Data For Segmentation\Rat22\Mask\Thermal_51.png,480,640,..\Data For Segmentation\Rat22\CSV\Thermal_51_CSV.csv,"(640, 480)",
Rat22,Rat22\Thermal Imaging\Thermal_52.jpg,..\Data For Segmentation\Rat22\Thermal Imaging\Thermal_52.jpg,Thermal_52.jpg,480,640,..\Data For Segmentation\Rat22\Mask\Thermal_52.png,480,640,..\Data For Segmentation\Rat22\CSV\Thermal_52_CSV.csv,"(640, 480)",
Rat22,Rat22\Thermal Imaging\Thermal_53.jpg,..\Data For Segmentation\Rat22\Thermal Imaging\Thermal_53.jpg,Thermal_53.jpg,480,640,..\Data For Segmentation\Rat22\Mask\Thermal_53.png,480,640,..\Data For Segmentation\Rat22\CSV\Thermal_53_CSV.csv,"(640, 480)",
Rat22,Rat22\Thermal Imaging\Thermal_54.jpg,..\Data For Segmentation\Rat22\Thermal Imaging\Thermal_54.jpg,Thermal_54.jpg,480,640,..\Data For Segmentation\Rat22\Mask\Thermal_54.png,480,640,..\Data For Segmentation\Rat22\CSV\Thermal_54_CSV.csv,"(640, 480)",
Rat22,Rat22\Thermal Imaging\Thermal_55.jpg,..\Data For Segmentation\Rat22\Thermal Imaging\Thermal_55.jpg,Thermal_55.jpg,480,640,..\Data For Segmentation\Rat22\Mask\Thermal_55.png,480,640,..\Data For Segmentation\Rat22\CSV\Thermal_55_CSV.csv,"(640, 480)",
Rat22,Rat22\Thermal Imaging\Thermal_56.jpg,..\Data For Segmentation\Rat22\Thermal Imaging\Thermal_56.jpg,Thermal_56.jpg,480,640,..\Data For Segmentation\Rat22\Mask\Thermal_56.png,480,640,..\Data For Segmentation\Rat22\CSV\Thermal_56_CSV.csv,"(640, 480)",
Rat22,Rat22\Thermal Imaging\Thermal_57.jpg,..\Data For Segmentation\Rat22\Thermal Imaging\Thermal_57.jpg,Thermal_57.jpg,480,640,..\Data For Segmentation\Rat22\Mask\Thermal_57.png,480,640,..\Data For Segmentation\Rat22\CSV\Thermal_57_CSV.csv,"(640, 480)",
Rat22,Rat22\Thermal Imaging\Thermal_58.jpg,..\Data For Segmentation\Rat22\Thermal Imaging\Thermal_58.jpg,Thermal_58.jpg,480,640,..\Data For Segmentation\Rat22\Mask\Thermal_58.png,480,640,..\Data For Segmentation\Rat22\CSV\Thermal_58_CSV.csv,"(640, 480)",
Rat22,Rat22\Thermal Imaging\Thermal_59.jpg,..\Data For Segmentation\Rat22\Thermal Imaging\Thermal_59.jpg,Thermal_59.jpg,480,640,..\Data For Segmentation\Rat22\Mask\Thermal_59.png,480,640,..\Data For Segmentation\Rat22\CSV\Thermal_59_CSV.csv,"(640, 480)",
Rat22,Rat22\Thermal Imaging\Thermal_6.png,..\Data For Segmentation\Rat22\Thermal Imaging\Thermal_6.png,Thermal_6.png,480,640,..\Data For Segmentation\Rat22\Mask\Thermal_6.png,480,640,..\Data For Segmentation\Rat22\CSV\Thermal_6_CSV.csv,"(640, 480)",
Rat22,Rat22\Thermal Imaging\Thermal_60.jpg,..\Data For Segmentation\Rat22\Thermal Imaging\Thermal_60.jpg,Thermal_60.jpg,480,640,..\Data For Segmentation\Rat22\Mask\Thermal_60.png,480,640,..\Data For Segmentation\Rat22\CSV\Thermal_60_CSV.csv,"(640, 480)",
Rat22,Rat22\Thermal Imaging\Thermal_61.jpg,..\Data For Segmentation\Rat22\Thermal Imaging\Thermal_61.jpg,Thermal_61.jpg,480,640,..\Data For Segmentation\Rat22\Mask\Thermal_61.png,480,640,..\Data For Segmentation\Rat22\CSV\Thermal_61_CSV.csv,"(640, 480)",
Rat22,Rat22\Thermal Imaging\Thermal_62.jpg,..\Data For Segmentation\Rat22\Thermal Imaging\Thermal_62.jpg,Thermal_62.jpg,480,640,..\Data For Segmentation\Rat22\Mask\Thermal_62.png,480,640,..\Data For Segmentation\Rat22\CSV\Thermal_62_CSV.csv,"(640, 480)",
Rat22,Rat22\Thermal Imaging\Thermal_63.jpg,..\Data For Segmentation\Rat22\Thermal Imaging\Thermal_63.jpg,Thermal_63.jpg,480,640,..\Data For Segmentation\Rat22\Mask\Thermal_63.png,480,640,..\Data For Segmentation\Rat22\CSV\Thermal_63_CSV.csv,"(640, 480)",
Rat22,Rat22\Thermal Imaging\Thermal_64.jpg,..\Data For Segmentation\Rat22\Thermal Imaging\Thermal_64.jpg,Thermal_64.jpg,480,640,..\Data For Segmentation\Rat22\Mask\Thermal_64.png,480,640,..\Data For Segmentation\Rat22\CSV\Thermal_64_CSV.csv,"(640, 480)",
Rat22,Rat22\Thermal Imaging\Thermal_65.jpg,..\Data For Segmentation\Rat22\Thermal Imaging\Thermal_65.jpg,Thermal_65.jpg,480,640,..\Data For Segmentation\Rat22\Mask\Thermal_65.png,480,640,..\Data For Segmentation\Rat22\CSV\Thermal_65_CSV.csv,"(640, 480)",
Rat22,Rat22\Thermal Imaging\Thermal_66.jpg,..\Data For Segmentation\Rat22\Thermal Imaging\Thermal_66.jpg,Thermal_66.jpg,480,640,..\Data For Segmentation\Rat22\Mask\Thermal_66.png,480,640,..\Data For Segmentation\Rat22\CSV\Thermal_66_CSV.csv,"(640, 480)",
Rat22,Rat22\Thermal Imaging\Thermal_67.jpg,..\Data For Segmentation\Rat22\Thermal Imaging\Thermal_67.jpg,Thermal_67.jpg,480,640,..\Data For Segmentation\Rat22\Mask\Thermal_67.png,480,640,..\Data For Segmentation\Rat22\CSV\Thermal_67_CSV.csv,"(640, 480)",
Rat22,Rat22\Thermal Imaging\Thermal_68.jpg,..\Data For Segmentation\Rat22\Thermal Imaging\Thermal_68.jpg,Thermal_68.jpg,480,640,..\Data For Segmentation\Rat22\Mask\Thermal_68.png,480,640,..\Data For Segmentation\Rat22\CSV\Thermal_68_CSV.csv,"(640, 480)",
Rat22,Rat22\Thermal Imaging\Thermal_69.jpg,..\Data For Segmentation\Rat22\Thermal Imaging\Thermal_69.jpg,Thermal_69.jpg,480,640,..\Data For Segmentation\Rat22\Mask\Thermal_69.png,480,640,..\Data For Segmentation\Rat22\CSV\Thermal_69_CSV.csv,"(640, 480)",
Rat22,Rat22\Thermal Imaging\Thermal_7.png,..\Data For Segmentation\Rat22\Thermal Imaging\Thermal_7.png,Thermal_7.png,480,640,..\Data For Segmentation\Rat22\Mask\Thermal_7.png,480,640,..\Data For Segmentation\Rat22\CSV\Thermal_7_CSV.csv,"(640, 480)",
Rat22,Rat22\Thermal Imaging\Thermal_70.jpg,..\Data For Segmentation\Rat22\Thermal Imaging\Thermal_70.jpg,Thermal_70.jpg,480,640,..\Data For Segmentation\Rat22\Mask\Thermal_70.png,480,640,..\Data For Segmentation\Rat22\CSV\Thermal_70_CSV.csv,"(640, 480)",
Rat22,Rat22\Thermal Imaging\Thermal_71.jpg,..\Data For Segmentation\Rat22\Thermal Imaging\Thermal_71.jpg,Thermal_71.jpg,480,640,..\Data For Segmentation\Rat22\Mask\Thermal_71.png,480,640,..\Data For Segmentation\Rat22\CSV\Thermal_71_CSV.csv,"(640, 480)",
Rat22,Rat22\Thermal Imaging\Thermal_72.jpg,..\Data For Segmentation\Rat22\Thermal Imaging\Thermal_72.jpg,Thermal_72.jpg,480,640,..\Data For Segmentation\Rat22\Mask\Thermal_72.png,480,640,..\Data For Segmentation\Rat22\CSV\Thermal_72_CSV.csv,"(640, 480)",
Rat22,Rat22\Thermal Imaging\Thermal_73.jpg,..\Data For Segmentation\Rat22\Thermal Imaging\Thermal_73.jpg,Thermal_73.jpg,480,640,..\Data For Segmentation\Rat22\Mask\Thermal_73.png,480,640,..\Data For Segmentation\Rat22\CSV\Thermal_73_CSV.csv,"(640, 480)",
Rat22,Rat22\Thermal Imaging\Thermal_74.jpg,..\Data For Segmentation\Rat22\Thermal Imaging\Thermal_74.jpg,Thermal_74.jpg,480,640,..\Data For Segmentation\Rat22\Mask\Thermal_74.png,480,640,..\Data For Segmentation\Rat22\CSV\Thermal_74_CSV.csv,"(640, 480)",
Rat22,Rat22\Thermal Imaging\Thermal_75.jpg,..\Data For Segmentation\Rat22\Thermal Imaging\Thermal_75.jpg,Thermal_75.jpg,480,640,..\Data For Segmentation\Rat22\Mask\Thermal_75.png,480,640,..\Data For Segmentation\Rat22\CSV\Thermal_75_CSV.csv,"(640, 480)",
Rat22,Rat22\Thermal Imaging\Thermal_76.jpg,..\Data For Segmentation\Rat22\Thermal Imaging\Thermal_76.jpg,Thermal_76.jpg,480,640,..\Data For Segmentation\Rat22\Mask\Thermal_76.png,480,640,..\Data For Segmentation\Rat22\CSV\Thermal_76_CSV.csv,"(640, 480)",
Rat22,Rat22\Thermal Imaging\Thermal_77.jpg,..\Data For Segmentation\Rat22\Thermal Imaging\Thermal_77.jpg,Thermal_77.jpg,480,640,..\Data For Segmentation\Rat22\Mask\Thermal_77.png,480,640,..\Data For Segmentation\Rat22\CSV\Thermal_77_CSV.csv,"(640, 480)",
Rat22,Rat22\Thermal Imaging\Thermal_78.jpg,..\Data For Segmentation\Rat22\Thermal Imaging\Thermal_78.jpg,Thermal_78.jpg,480,640,..\Data For Segmentation\Rat22\Mask\Thermal_78.png,480,640,..\Data For Segmentation\Rat22\CSV\Thermal_78_CSV.csv,"(640, 480)",
Rat22,Rat22\Thermal Imaging\Thermal_79.jpg,..\Data For Segmentation\Rat22\Thermal Imaging\Thermal_79.jpg,Thermal_79.jpg,480,640,..\Data For Segmentation\Rat22\Mask\Thermal_79.png,480,640,..\Data For Segmentation\Rat22\CSV\Thermal_79_CSV.csv,"(640, 480)",
Rat22,Rat22\Thermal Imaging\Thermal_8.png,..\Data For Segmentation\Rat22\Thermal Imaging\Thermal_8.png,Thermal_8.png,480,640,..\Data For Segmentation\Rat22\Mask\Thermal_8.png,480,640,..\Data For Segmentation\Rat22\CSV\Thermal_8_CSV.csv,"(640, 480)",
Rat22,Rat22\Thermal Imaging\Thermal_80.jpg,..\Data For Segmentation\Rat22\Thermal Imaging\Thermal_80.jpg,Thermal_80.jpg,480,640,..\Data For Segmentation\Rat22\Mask\Thermal_80.png,480,640,..\Data For Segmentation\Rat22\CSV\Thermal_80_CSV.csv,"(640, 480)",
Rat22,Rat22\Thermal Imaging\Thermal_81.jpg,..\Data For Segmentation\Rat22\Thermal Imaging\Thermal_81.jpg,Thermal_81.jpg,480,640,..\Data For Segmentation\Rat22\Mask\Thermal_81.png,480,640,..\Data For Segmentation\Rat22\CSV\Thermal_81_CSV.csv,"(640, 480)",
Rat22,Rat22\Thermal Imaging\Thermal_82.jpg,..\Data For Segmentation\Rat22\Thermal Imaging\Thermal_82.jpg,Thermal_82.jpg,480,640,..\Data For Segmentation\Rat22\Mask\Thermal_82.png,480,640,..\Data For Segmentation\Rat22\CSV\Thermal_82_CSV.csv,"(640, 480)",
Rat22,Rat22\Thermal Imaging\Thermal_83.jpg,..\Data For Segmentation\Rat22\Thermal Imaging\Thermal_83.jpg,Thermal_83.jpg,480,640,..\Data For Segmentation\Rat22\Mask\Thermal_83.png,480,640,..\Data For Segmentation\Rat22\CSV\Thermal_83_CSV.csv,"(640, 480)",
Rat22,Rat22\Thermal Imaging\Thermal_84.jpg,..\Data For Segmentation\Rat22\Thermal Imaging\Thermal_84.jpg,Thermal_84.jpg,480,640,..\Data For Segmentation\Rat22\Mask\Thermal_84.png,480,640,..\Data For Segmentation\Rat22\CSV\Thermal_84_CSV.csv,"(640, 480)",
Rat22,Rat22\Thermal Imaging\Thermal_85.jpg,..\Data For Segmentation\Rat22\Thermal Imaging\Thermal_85.jpg,Thermal_85.jpg,480,640,..\Data For Segmentation\Rat22\Mask\Thermal_85.png,480,640,..\Data For Segmentation\Rat22\CSV\Thermal_85_CSV.csv,"(640, 480)",
Rat22,Rat22\Thermal Imaging\Thermal_86.jpg,..\Data For Segmentation\Rat22\Thermal Imaging\Thermal_86.jpg,Thermal_86.jpg,480,640,..\Data For Segmentation\Rat22\Mask\Thermal_86.png,480,640,..\Data For Segmentation\Rat22\CSV\Thermal_86_CSV.csv,"(640, 480)",
Rat22,Rat22\Thermal Imaging\Thermal_87.jpg,..\Data For Segmentation\Rat22\Thermal Imaging\Thermal_87.jpg,Thermal_87.jpg,480,640,..\Data For Segmentation\Rat22\Mask\Thermal_87.png,480,640,..\Data For Segmentation\Rat22\CSV\Thermal_87_CSV.csv,"(640, 480)",
Rat22,Rat22\Thermal Imaging\Thermal_88.jpg,..\Data For Segmentation\Rat22\Thermal Imaging\Thermal_88.jpg,Thermal_88.jpg,480,640,..\Data For Segmentation\Rat22\Mask\Thermal_88.png,480,640,..\Data For Segmentation\Rat22\CSV\Thermal_88_CSV.csv,"(640, 480)",
Rat22,Rat22\Thermal Imaging\Thermal_89.jpg,..\Data For Segmentation\Rat22\Thermal Imaging\Thermal_89.jpg,Thermal_89.jpg,480,640,..\Data For Segmentation\Rat22\Mask\Thermal_89.png,480,640,..\Data For Segmentation\Rat22\CSV\Thermal_89_CSV.csv,"(640, 480)",
Rat22,Rat22\Thermal Imaging\Thermal_9.png,..\Data For Segmentation\Rat22\Thermal Imaging\Thermal_9.png,Thermal_9.png,480,640,..\Data For Segmentation\Rat22\Mask\Thermal_9.png,480,640,..\Data For Segmentation\Rat22\CSV\Thermal_9_CSV.csv,"(640, 480)",
Rat22,Rat22\Thermal Imaging\Thermal_90.jpg,..\Data For Segmentation\Rat22\Thermal Imaging\Thermal_90.jpg,Thermal_90.jpg,480,640,..\Data For Segmentation\Rat22\Mask\Thermal_90.png,480,640,..\Data For Segmentation\Rat22\CSV\Thermal_90_CSV.csv,"(640, 480)",
Rat22,Rat22\Thermal Imaging\Thermal_91.jpg,..\Data For Segmentation\Rat22\Thermal Imaging\Thermal_91.jpg,Thermal_91.jpg,480,640,..\Data For Segmentation\Rat22\Mask\Thermal_91.png,480,640,..\Data For Segmentation\Rat22\CSV\Thermal_91_CSV.csv,"(640, 480)",
Rat22,Rat22\Thermal Imaging\Thermal_92.jpg,..\Data For Segmentation\Rat22\Thermal Imaging\Thermal_92.jpg,Thermal_92.jpg,480,640,..\Data For Segmentation\Rat22\Mask\Thermal_92.png,480,640,..\Data For Segmentation\Rat22\CSV\Thermal_92_CSV.csv,"(640, 480)",
Rat22,Rat22\Thermal Imaging\Thermal_93.jpg,..\Data For Segmentation\Rat22\Thermal Imaging\Thermal_93.jpg,Thermal_93.jpg,480,640,..\Data For Segmentation\Rat22\Mask\Thermal_93.png,480,640,..\Data For Segmentation\Rat22\CSV\Thermal_93_CSV.csv,"(640, 480)",
Rat22,Rat22\Thermal Imaging\Thermal_94.jpg,..\Data For Segmentation\Rat22\Thermal Imaging\Thermal_94.jpg,Thermal_94.jpg,480,640,..\Data For Segmentation\Rat22\Mask\Thermal_94.png,480,640,..\Data For Segmentation\Rat22\CSV\Thermal_94_CSV.csv,"(640, 480)",
Rat22,Rat22\Thermal Imaging\Thermal_95.jpg,..\Data For Segmentation\Rat22\Thermal Imaging\Thermal_95.jpg,Thermal_95.jpg,480,640,..\Data For Segmentation\Rat22\Mask\Thermal_95.png,480,640,..\Data For Segmentation\Rat22\CSV\Thermal_95_CSV.csv,"(640, 480)",
Rat22,Rat22\Thermal Imaging\Thermal_96.jpg,..\Data For Segmentation\Rat22\Thermal Imaging\Thermal_96.jpg,Thermal_96.jpg,480,640,..\Data For Segmentation\Rat22\Mask\Thermal_96.png,480,640,..\Data For Segmentation\Rat22\CSV\Thermal_96_CSV.csv,"(640, 480)",
Rat22,Rat22\Thermal Imaging\Thermal_97.jpg,..\Data For Segmentation\Rat22\Thermal Imaging\Thermal_97.jpg,Thermal_97.jpg,480,640,..\Data For Segmentation\Rat22\Mask\Thermal_97.png,480,640,..\Data For Segmentation\Rat22\CSV\Thermal_97_CSV.csv,"(640, 480)",
Rat22,Rat22\Thermal Imaging\Thermal_98.jpg,..\Data For Segmentation\Rat22\Thermal Imaging\Thermal_98.jpg,Thermal_98.jpg,480,640,..\Data For Segmentation\Rat22\Mask\Thermal_98.png,480,640,..\Data For Segmentation\Rat22\CSV\Thermal_98_CSV.csv,"(640, 480)",
Rat22,Rat22\Thermal Imaging\Thermal_99.jpg,..\Data For Segmentation\Rat22\Thermal Imaging\Thermal_99.jpg,Thermal_99.jpg,480,640,..\Data For Segmentation\Rat22\Mask\Thermal_99.png,480,640,..\Data For Segmentation\Rat22\CSV\Thermal_99_CSV.csv,"(640, 480)",
Rat23,Rat23\Thermal Imaging\Thermal_1.png,..\Data For Segmentation\Rat23\Thermal Imaging\Thermal_1.png,Thermal_1.png,480,640,..\Data For Segmentation\Rat23\Mask\Thermal_1.png,480,640,..\Data For Segmentation\Rat23\CSV\Thermal_1_CSV.csv,"(640, 480)",
Rat23,Rat23\Thermal Imaging\Thermal_10.png,..\Data For Segmentation\Rat23\Thermal Imaging\Thermal_10.png,Thermal_10.png,480,640,..\Data For Segmentation\Rat23\Mask\Thermal_10.png,480,640,..\Data For Segmentation\Rat23\CSV\Thermal_10_CSV.csv,"(640, 480)",
Rat23,Rat23\Thermal Imaging\Thermal_100.jpg,..\Data For Segmentation\Rat23\Thermal Imaging\Thermal_100.jpg,Thermal_100.jpg,480,640,..\Data For Segmentation\Rat23\Mask\Thermal_100.png,480,640,..\Data For Segmentation\Rat23\CSV\Thermal_100_CSV.csv,"(640, 480)",
Rat23,Rat23\Thermal Imaging\Thermal_101.jpg,..\Data For Segmentation\Rat23\Thermal Imaging\Thermal_101.jpg,Thermal_101.jpg,480,640,..\Data For Segmentation\Rat23\Mask\Thermal_101.png,480,640,..\Data For Segmentation\Rat23\CSV\Thermal_101_CSV.csv,"(640, 480)",
Rat23,Rat23\Thermal Imaging\Thermal_102.jpg,..\Data For Segmentation\Rat23\Thermal Imaging\Thermal_102.jpg,Thermal_102.jpg,480,640,..\Data For Segmentation\Rat23\Mask\Thermal_102.png,480,640,..\Data For Segmentation\Rat23\CSV\Thermal_102_CSV.csv,"(640, 480)",
Rat23,Rat23\Thermal Imaging\Thermal_103.jpg,..\Data For Segmentation\Rat23\Thermal Imaging\Thermal_103.jpg,Thermal_103.jpg,480,640,..\Data For Segmentation\Rat23\Mask\Thermal_103.png,480,640,..\Data For Segmentation\Rat23\CSV\Thermal_103_CSV.csv,"(640, 480)",
Rat23,Rat23\Thermal Imaging\Thermal_104.jpg,..\Data For Segmentation\Rat23\Thermal Imaging\Thermal_104.jpg,Thermal_104.jpg,480,640,..\Data For Segmentation\Rat23\Mask\Thermal_104.png,480,640,..\Data For Segmentation\Rat23\CSV\Thermal_104_CSV.csv,"(640, 480)",
Rat23,Rat23\Thermal Imaging\Thermal_11.png,..\Data For Segmentation\Rat23\Thermal Imaging\Thermal_11.png,Thermal_11.png,480,640,..\Data For Segmentation\Rat23\Mask\Thermal_11.png,480,640,..\Data For Segmentation\Rat23\CSV\Thermal_11_CSV.csv,"(640, 480)",
Rat23,Rat23\Thermal Imaging\Thermal_110.jpg,..\Data For Segmentation\Rat23\Thermal Imaging\Thermal_110.jpg,Thermal_110.jpg,480,640,..\Data For Segmentation\Rat23\Mask\Thermal_110.png,480,640,..\Data For Segmentation\Rat23\CSV\Thermal_110_CSV.csv,"(640, 480)",
Rat23,Rat23\Thermal Imaging\Thermal_111.jpg,..\Data For Segmentation\Rat23\Thermal Imaging\Thermal_111.jpg,Thermal_111.jpg,480,640,..\Data For Segmentation\Rat23\Mask\Thermal_111.png,480,640,..\Data For Segmentation\Rat23\CSV\Thermal_111_CSV.csv,"(640, 480)",
Rat23,Rat23\Thermal Imaging\Thermal_112.jpg,..\Data For Segmentation\Rat23\Thermal Imaging\Thermal_112.jpg,Thermal_112.jpg,480,640,..\Data For Segmentation\Rat23\Mask\Thermal_112.png,480,640,..\Data For Segmentation\Rat23\CSV\Thermal_112_CSV.csv,"(640, 480)",
Rat23,Rat23\Thermal Imaging\Thermal_113.jpg,..\Data For Segmentation\Rat23\Thermal Imaging\Thermal_113.jpg,Thermal_113.jpg,480,640,..\Data For Segmentation\Rat23\Mask\Thermal_113.png,480,640,..\Data For Segmentation\Rat23\CSV\Thermal_113_CSV.csv,"(640, 480)",
Rat23,Rat23\Thermal Imaging\Thermal_114.jpg,..\Data For Segmentation\Rat23\Thermal Imaging\Thermal_114.jpg,Thermal_114.jpg,480,640,..\Data For Segmentation\Rat23\Mask\Thermal_114.png,480,640,..\Data For Segmentation\Rat23\CSV\Thermal_114_CSV.csv,"(640, 480)",
Rat23,Rat23\Thermal Imaging\Thermal_115.jpg,..\Data For Segmentation\Rat23\Thermal Imaging\Thermal_115.jpg,Thermal_115.jpg,480,640,..\Data For Segmentation\Rat23\Mask\Thermal_115.png,480,640,..\Data For Segmentation\Rat23\CSV\Thermal_115_CSV.csv,"(640, 480)",
Rat23,Rat23\Thermal Imaging\Thermal_116.jpg,..\Data For Segmentation\Rat23\Thermal Imaging\Thermal_116.jpg,Thermal_116.jpg,480,640,..\Data For Segmentation\Rat23\Mask\Thermal_116.png,480,640,..\Data For Segmentation\Rat23\CSV\Thermal_116_CSV.csv,"(640, 480)",
Rat23,Rat23\Thermal Imaging\Thermal_117.jpg,..\Data For Segmentation\Rat23\Thermal Imaging\Thermal_117.jpg,Thermal_117.jpg,480,640,..\Data For Segmentation\Rat23\Mask\Thermal_117.png,480,640,..\Data For Segmentation\Rat23\CSV\Thermal_117_CSV.csv,"(640, 480)",
Rat23,Rat23\Thermal Imaging\Thermal_118.jpg,..\Data For Segmentation\Rat23\Thermal Imaging\Thermal_118.jpg,Thermal_118.jpg,480,640,..\Data For Segmentation\Rat23\Mask\Thermal_118.png,480,640,..\Data For Segmentation\Rat23\CSV\Thermal_118_CSV.csv,"(640, 480)",
Rat23,Rat23\Thermal Imaging\Thermal_119.jpg,..\Data For Segmentation\Rat23\Thermal Imaging\Thermal_119.jpg,Thermal_119.jpg,480,640,..\Data For Segmentation\Rat23\Mask\Thermal_119.png,480,640,..\Data For Segmentation\Rat23\CSV\Thermal_119_CSV.csv,"(640, 480)",
Rat23,Rat23\Thermal Imaging\Thermal_12.png,..\Data For Segmentation\Rat23\Thermal Imaging\Thermal_12.png,Thermal_12.png,480,640,..\Data For Segmentation\Rat23\Mask\Thermal_12.png,480,640,..\Data For Segmentation\Rat23\CSV\Thermal_12_CSV.csv,"(640, 480)",
Rat23,Rat23\Thermal Imaging\Thermal_120.jpg,..\Data For Segmentation\Rat23\Thermal Imaging\Thermal_120.jpg,Thermal_120.jpg,480,640,..\Data For Segmentation\Rat23\Mask\Thermal_120.png,480,640,..\Data For Segmentation\Rat23\CSV\Thermal_120_CSV.csv,"(640, 480)",
Rat23,Rat23\Thermal Imaging\Thermal_121.jpg,..\Data For Segmentation\Rat23\Thermal Imaging\Thermal_121.jpg,Thermal_121.jpg,480,640,..\Data For Segmentation\Rat23\Mask\Thermal_121.png,480,640,..\Data For Segmentation\Rat23\CSV\Thermal_121_CSV.csv,"(640, 480)",
Rat23,Rat23\Thermal Imaging\Thermal_122.jpg,..\Data For Segmentation\Rat23\Thermal Imaging\Thermal_122.jpg,Thermal_122.jpg,480,640,..\Data For Segmentation\Rat23\Mask\Thermal_122.png,480,640,..\Data For Segmentation\Rat23\CSV\Thermal_122_CSV.csv,"(640, 480)",
Rat23,Rat23\Thermal Imaging\Thermal_123.jpg,..\Data For Segmentation\Rat23\Thermal Imaging\Thermal_123.jpg,Thermal_123.jpg,480,640,..\Data For Segmentation\Rat23\Mask\Thermal_123.png,480,640,..\Data For Segmentation\Rat23\CSV\Thermal_123_CSV.csv,"(640, 480)",
Rat23,Rat23\Thermal Imaging\Thermal_124.jpg,..\Data For Segmentation\Rat23\Thermal Imaging\Thermal_124.jpg,Thermal_124.jpg,480,640,..\Data For Segmentation\Rat23\Mask\Thermal_124.png,480,640,..\Data For Segmentation\Rat23\CSV\Thermal_124_CSV.csv,"(640, 480)",
Rat23,Rat23\Thermal Imaging\Thermal_125.jpg,..\Data For Segmentation\Rat23\Thermal Imaging\Thermal_125.jpg,Thermal_125.jpg,480,640,..\Data For Segmentation\Rat23\Mask\Thermal_125.png,480,640,..\Data For Segmentation\Rat23\CSV\Thermal_125_CSV.csv,"(640, 480)",
Rat23,Rat23\Thermal Imaging\Thermal_126.jpg,..\Data For Segmentation\Rat23\Thermal Imaging\Thermal_126.jpg,Thermal_126.jpg,480,640,..\Data For Segmentation\Rat23\Mask\Thermal_126.png,480,640,..\Data For Segmentation\Rat23\CSV\Thermal_126_CSV.csv,"(640, 480)",
Rat23,Rat23\Thermal Imaging\Thermal_127.jpg,..\Data For Segmentation\Rat23\Thermal Imaging\Thermal_127.jpg,Thermal_127.jpg,480,640,..\Data For Segmentation\Rat23\Mask\Thermal_127.png,480,640,..\Data For Segmentation\Rat23\CSV\Thermal_127_CSV.csv,"(640, 480)",
Rat23,Rat23\Thermal Imaging\Thermal_128.jpg,..\Data For Segmentation\Rat23\Thermal Imaging\Thermal_128.jpg,Thermal_128.jpg,480,640,..\Data For Segmentation\Rat23\Mask\Thermal_128.png,480,640,..\Data For Segmentation\Rat23\CSV\Thermal_128_CSV.csv,"(640, 480)",
Rat23,Rat23\Thermal Imaging\Thermal_129.jpg,..\Data For Segmentation\Rat23\Thermal Imaging\Thermal_129.jpg,Thermal_129.jpg,480,640,..\Data For Segmentation\Rat23\Mask\Thermal_129.png,480,640,..\Data For Segmentation\Rat23\CSV\Thermal_129_CSV.csv,"(640, 480)",
Rat23,Rat23\Thermal Imaging\Thermal_13.jpg,..\Data For Segmentation\Rat23\Thermal Imaging\Thermal_13.jpg,Thermal_13.jpg,480,640,..\Data For Segmentation\Rat23\Mask\Thermal_13.png,480,640,..\Data For Segmentation\Rat23\CSV\Thermal_13_CSV.csv,"(640, 480)",
Rat23,Rat23\Thermal Imaging\Thermal_130.jpg,..\Data For Segmentation\Rat23\Thermal Imaging\Thermal_130.jpg,Thermal_130.jpg,480,640,..\Data For Segmentation\Rat23\Mask\Thermal_130.png,480,640,..\Data For Segmentation\Rat23\CSV\Thermal_130_CSV.csv,"(640, 480)",
Rat23,Rat23\Thermal Imaging\Thermal_131.jpg,..\Data For Segmentation\Rat23\Thermal Imaging\Thermal_131.jpg,Thermal_131.jpg,480,640,..\Data For Segmentation\Rat23\Mask\Thermal_131.png,480,640,..\Data For Segmentation\Rat23\CSV\Thermal_131_CSV.csv,"(640, 480)",
Rat23,Rat23\Thermal Imaging\Thermal_132.jpg,..\Data For Segmentation\Rat23\Thermal Imaging\Thermal_132.jpg,Thermal_132.jpg,480,640,..\Data For Segmentation\Rat23\Mask\Thermal_132.png,480,640,..\Data For Segmentation\Rat23\CSV\Thermal_132_CSV.csv,"(640, 480)",
Rat23,Rat23\Thermal Imaging\Thermal_133.jpg,..\Data For Segmentation\Rat23\Thermal Imaging\Thermal_133.jpg,Thermal_133.jpg,480,640,..\Data For Segmentation\Rat23\Mask\Thermal_133.png,480,640,..\Data For Segmentation\Rat23\CSV\Thermal_133_CSV.csv,"(640, 480)",
Rat23,Rat23\Thermal Imaging\Thermal_134.jpg,..\Data For Segmentation\Rat23\Thermal Imaging\Thermal_134.jpg,Thermal_134.jpg,480,640,..\Data For Segmentation\Rat23\Mask\Thermal_134.png,480,640,..\Data For Segmentation\Rat23\CSV\Thermal_134_CSV.csv,"(640, 480)",
Rat23,Rat23\Thermal Imaging\Thermal_135.jpg,..\Data For Segmentation\Rat23\Thermal Imaging\Thermal_135.jpg,Thermal_135.jpg,480,640,..\Data For Segmentation\Rat23\Mask\Thermal_135.png,480,640,..\Data For Segmentation\Rat23\CSV\Thermal_135_CSV.csv,"(640, 480)",
Rat23,Rat23\Thermal Imaging\Thermal_136.jpg,..\Data For Segmentation\Rat23\Thermal Imaging\Thermal_136.jpg,Thermal_136.jpg,480,640,..\Data For Segmentation\Rat23\Mask\Thermal_136.png,480,640,..\Data For Segmentation\Rat23\CSV\Thermal_136_CSV.csv,"(640, 480)",
Rat23,Rat23\Thermal Imaging\Thermal_137.jpg,..\Data For Segmentation\Rat23\Thermal Imaging\Thermal_137.jpg,Thermal_137.jpg,480,640,..\Data For Segmentation\Rat23\Mask\Thermal_137.png,480,640,..\Data For Segmentation\Rat23\CSV\Thermal_137_CSV.csv,"(640, 480)",
Rat23,Rat23\Thermal Imaging\Thermal_138.jpg,..\Data For Segmentation\Rat23\Thermal Imaging\Thermal_138.jpg,Thermal_138.jpg,480,640,..\Data For Segmentation\Rat23\Mask\Thermal_138.png,480,640,..\Data For Segmentation\Rat23\CSV\Thermal_138_CSV.csv,"(640, 480)",
Rat23,Rat23\Thermal Imaging\Thermal_139.jpg,..\Data For Segmentation\Rat23\Thermal Imaging\Thermal_139.jpg,Thermal_139.jpg,480,640,..\Data For Segmentation\Rat23\Mask\Thermal_139.png,480,640,..\Data For Segmentation\Rat23\CSV\Thermal_139_CSV.csv,"(640, 480)",
Rat23,Rat23\Thermal Imaging\Thermal_14.jpg,..\Data For Segmentation\Rat23\Thermal Imaging\Thermal_14.jpg,Thermal_14.jpg,480,640,..\Data For Segmentation\Rat23\Mask\Thermal_14.png,480,640,..\Data For Segmentation\Rat23\CSV\Thermal_14_CSV.csv,"(640, 480)",
Rat23,Rat23\Thermal Imaging\Thermal_140.jpg,..\Data For Segmentation\Rat23\Thermal Imaging\Thermal_140.jpg,Thermal_140.jpg,480,640,..\Data For Segmentation\Rat23\Mask\Thermal_140.png,480,640,..\Data For Segmentation\Rat23\CSV\Thermal_140_CSV.csv,"(640, 480)",
Rat23,Rat23\Thermal Imaging\Thermal_141.jpg,..\Data For Segmentation\Rat23\Thermal Imaging\Thermal_141.jpg,Thermal_141.jpg,480,640,..\Data For Segmentation\Rat23\Mask\Thermal_141.png,480,640,..\Data For Segmentation\Rat23\CSV\Thermal_141_CSV.csv,"(640, 480)",
Rat23,Rat23\Thermal Imaging\Thermal_142.jpg,..\Data For Segmentation\Rat23\Thermal Imaging\Thermal_142.jpg,Thermal_142.jpg,480,640,..\Data For Segmentation\Rat23\Mask\Thermal_142.png,480,640,..\Data For Segmentation\Rat23\CSV\Thermal_142_CSV.csv,"(640, 480)",
Rat23,Rat23\Thermal Imaging\Thermal_143.jpg,..\Data For Segmentation\Rat23\Thermal Imaging\Thermal_143.jpg,Thermal_143.jpg,480,640,..\Data For Segmentation\Rat23\Mask\Thermal_143.png,480,640,..\Data For Segmentation\Rat23\CSV\Thermal_143_CSV.csv,"(640, 480)",
Rat23,Rat23\Thermal Imaging\Thermal_144.jpg,..\Data For Segmentation\Rat23\Thermal Imaging\Thermal_144.jpg,Thermal_144.jpg,480,640,..\Data For Segmentation\Rat23\Mask\Thermal_144.png,480,640,..\Data For Segmentation\Rat23\CSV\Thermal_144_CSV.csv,"(640, 480)",
Rat23,Rat23\Thermal Imaging\Thermal_145.jpg,..\Data For Segmentation\Rat23\Thermal Imaging\Thermal_145.jpg,Thermal_145.jpg,480,640,..\Data For Segmentation\Rat23\Mask\Thermal_145.png,480,640,..\Data For Segmentation\Rat23\CSV\Thermal_145_CSV.csv,"(640, 480)",
Rat23,Rat23\Thermal Imaging\Thermal_146.jpg,..\Data For Segmentation\Rat23\Thermal Imaging\Thermal_146.jpg,Thermal_146.jpg,480,640,..\Data For Segmentation\Rat23\Mask\Thermal_146.png,480,640,..\Data For Segmentation\Rat23\CSV\Thermal_146_CSV.csv,"(640, 480)",
Rat23,Rat23\Thermal Imaging\Thermal_15.jpg,..\Data For Segmentation\Rat23\Thermal Imaging\Thermal_15.jpg,Thermal_15.jpg,480,640,..\Data For Segmentation\Rat23\Mask\Thermal_15.png,480,640,..\Data For Segmentation\Rat23\CSV\Thermal_15_CSV.csv,"(640, 480)",
Rat23,Rat23\Thermal Imaging\Thermal_16.jpg,..\Data For Segmentation\Rat23\Thermal Imaging\Thermal_16.jpg,Thermal_16.jpg,480,640,..\Data For Segmentation\Rat23\Mask\Thermal_16.png,480,640,..\Data For Segmentation\Rat23\CSV\Thermal_16_CSV.csv,"(640, 480)",
Rat23,Rat23\Thermal Imaging\Thermal_17.jpg,..\Data For Segmentation\Rat23\Thermal Imaging\Thermal_17.jpg,Thermal_17.jpg,480,640,..\Data For Segmentation\Rat23\Mask\Thermal_17.png,480,640,..\Data For Segmentation\Rat23\CSV\Thermal_17_CSV.csv,"(640, 480)",
Rat23,Rat23\Thermal Imaging\Thermal_18.jpg,..\Data For Segmentation\Rat23\Thermal Imaging\Thermal_18.jpg,Thermal_18.jpg,480,640,..\Data For Segmentation\Rat23\Mask\Thermal_18.png,480,640,..\Data For Segmentation\Rat23\CSV\Thermal_18_CSV.csv,"(640, 480)",
Rat23,Rat23\Thermal Imaging\Thermal_19.jpg,..\Data For Segmentation\Rat23\Thermal Imaging\Thermal_19.jpg,Thermal_19.jpg,480,640,..\Data For Segmentation\Rat23\Mask\Thermal_19.png,480,640,..\Data For Segmentation\Rat23\CSV\Thermal_19_CSV.csv,"(640, 480)",
Rat23,Rat23\Thermal Imaging\Thermal_2.png,..\Data For Segmentation\Rat23\Thermal Imaging\Thermal_2.png,Thermal_2.png,480,640,..\Data For Segmentation\Rat23\Mask\Thermal_2.png,480,640,..\Data For Segmentation\Rat23\CSV\Thermal_2_CSV.csv,"(640, 480)",
Rat23,Rat23\Thermal Imaging\Thermal_20.jpg,..\Data For Segmentation\Rat23\Thermal Imaging\Thermal_20.jpg,Thermal_20.jpg,480,640,..\Data For Segmentation\Rat23\Mask\Thermal_20.png,480,640,..\Data For Segmentation\Rat23\CSV\Thermal_20_CSV.csv,"(640, 480)",
Rat23,Rat23\Thermal Imaging\Thermal_21.jpg,..\Data For Segmentation\Rat23\Thermal Imaging\Thermal_21.jpg,Thermal_21.jpg,480,640,..\Data For Segmentation\Rat23\Mask\Thermal_21.png,480,640,..\Data For Segmentation\Rat23\CSV\Thermal_21_CSV.csv,"(640, 480)",
Rat23,Rat23\Thermal Imaging\Thermal_22.jpg,..\Data For Segmentation\Rat23\Thermal Imaging\Thermal_22.jpg,Thermal_22.jpg,480,640,..\Data For Segmentation\Rat23\Mask\Thermal_22.png,480,640,..\Data For Segmentation\Rat23\CSV\Thermal_22_CSV.csv,"(640, 480)",
Rat23,Rat23\Thermal Imaging\Thermal_23.jpg,..\Data For Segmentation\Rat23\Thermal Imaging\Thermal_23.jpg,Thermal_23.jpg,480,640,..\Data For Segmentation\Rat23\Mask\Thermal_23.png,480,640,..\Data For Segmentation\Rat23\CSV\Thermal_23_CSV.csv,"(640, 480)",
Rat23,Rat23\Thermal Imaging\Thermal_24.jpg,..\Data For Segmentation\Rat23\Thermal Imaging\Thermal_24.jpg,Thermal_24.jpg,480,640,..\Data For Segmentation\Rat23\Mask\Thermal_24.png,480,640,..\Data For Segmentation\Rat23\CSV\Thermal_24_CSV.csv,"(640, 480)",
Rat23,Rat23\Thermal Imaging\Thermal_25.jpg,..\Data For Segmentation\Rat23\Thermal Imaging\Thermal_25.jpg,Thermal_25.jpg,480,640,..\Data For Segmentation\Rat23\Mask\Thermal_25.png,480,640,..\Data For Segmentation\Rat23\CSV\Thermal_25_CSV.csv,"(640, 480)",
Rat23,Rat23\Thermal Imaging\Thermal_26.jpg,..\Data For Segmentation\Rat23\Thermal Imaging\Thermal_26.jpg,Thermal_26.jpg,480,640,..\Data For Segmentation\Rat23\Mask\Thermal_26.png,480,640,..\Data For Segmentation\Rat23\CSV\Thermal_26_CSV.csv,"(640, 480)",
Rat23,Rat23\Thermal Imaging\Thermal_27.jpg,..\Data For Segmentation\Rat23\Thermal Imaging\Thermal_27.jpg,Thermal_27.jpg,480,640,..\Data For Segmentation\Rat23\Mask\Thermal_27.png,480,640,..\Data For Segmentation\Rat23\CSV\Thermal_27_CSV.csv,"(640, 480)",
Rat23,Rat23\Thermal Imaging\Thermal_28.jpg,..\Data For Segmentation\Rat23\Thermal Imaging\Thermal_28.jpg,Thermal_28.jpg,480,640,..\Data For Segmentation\Rat23\Mask\Thermal_28.png,480,640,..\Data For Segmentation\Rat23\CSV\Thermal_28_CSV.csv,"(640, 480)",
Rat23,Rat23\Thermal Imaging\Thermal_29.jpg,..\Data For Segmentation\Rat23\Thermal Imaging\Thermal_29.jpg,Thermal_29.jpg,480,640,..\Data For Segmentation\Rat23\Mask\Thermal_29.png,480,640,..\Data For Segmentation\Rat23\CSV\Thermal_29_CSV.csv,"(640, 480)",
Rat23,Rat23\Thermal Imaging\Thermal_3.png,..\Data For Segmentation\Rat23\Thermal Imaging\Thermal_3.png,Thermal_3.png,480,640,..\Data For Segmentation\Rat23\Mask\Thermal_3.png,480,640,..\Data For Segmentation\Rat23\CSV\Thermal_3_CSV.csv,"(640, 480)",
Rat23,Rat23\Thermal Imaging\Thermal_30.jpg,..\Data For Segmentation\Rat23\Thermal Imaging\Thermal_30.jpg,Thermal_30.jpg,480,640,..\Data For Segmentation\Rat23\Mask\Thermal_30.png,480,640,..\Data For Segmentation\Rat23\CSV\Thermal_30_CSV.csv,"(640, 480)",
Rat23,Rat23\Thermal Imaging\Thermal_31.jpg,..\Data For Segmentation\Rat23\Thermal Imaging\Thermal_31.jpg,Thermal_31.jpg,480,640,..\Data For Segmentation\Rat23\Mask\Thermal_31.png,480,640,..\Data For Segmentation\Rat23\CSV\Thermal_31_CSV.csv,"(640, 480)",
Rat23,Rat23\Thermal Imaging\Thermal_32.jpg,..\Data For Segmentation\Rat23\Thermal Imaging\Thermal_32.jpg,Thermal_32.jpg,480,640,..\Data For Segmentation\Rat23\Mask\Thermal_32.png,480,640,..\Data For Segmentation\Rat23\CSV\Thermal_32_CSV.csv,"(640, 480)",
Rat23,Rat23\Thermal Imaging\Thermal_33.jpg,..\Data For Segmentation\Rat23\Thermal Imaging\Thermal_33.jpg,Thermal_33.jpg,480,640,..\Data For Segmentation\Rat23\Mask\Thermal_33.png,480,640,..\Data For Segmentation\Rat23\CSV\Thermal_33_CSV.csv,"(640, 480)",
Rat23,Rat23\Thermal Imaging\Thermal_34.jpg,..\Data For Segmentation\Rat23\Thermal Imaging\Thermal_34.jpg,Thermal_34.jpg,480,640,..\Data For Segmentation\Rat23\Mask\Thermal_34.png,480,640,..\Data For Segmentation\Rat23\CSV\Thermal_34_CSV.csv,"(640, 480)",
Rat23,Rat23\Thermal Imaging\Thermal_35.jpg,..\Data For Segmentation\Rat23\Thermal Imaging\Thermal_35.jpg,Thermal_35.jpg,480,640,..\Data For Segmentation\Rat23\Mask\Thermal_35.png,480,640,..\Data For Segmentation\Rat23\CSV\Thermal_35_CSV.csv,"(640, 480)",
Rat23,Rat23\Thermal Imaging\Thermal_36.jpg,..\Data For Segmentation\Rat23\Thermal Imaging\Thermal_36.jpg,Thermal_36.jpg,480,640,..\Data For Segmentation\Rat23\Mask\Thermal_36.png,480,640,..\Data For Segmentation\Rat23\CSV\Thermal_36_CSV.csv,"(640, 480)",
Rat23,Rat23\Thermal Imaging\Thermal_37.jpg,..\Data For Segmentation\Rat23\Thermal Imaging\Thermal_37.jpg,Thermal_37.jpg,480,640,..\Data For Segmentation\Rat23\Mask\Thermal_37.png,480,640,..\Data For Segmentation\Rat23\CSV\Thermal_37_CSV.csv,"(640, 480)",
Rat23,Rat23\Thermal Imaging\Thermal_38.jpg,..\Data For Segmentation\Rat23\Thermal Imaging\Thermal_38.jpg,Thermal_38.jpg,480,640,..\Data For Segmentation\Rat23\Mask\Thermal_38.png,480,640,..\Data For Segmentation\Rat23\CSV\Thermal_38_CSV.csv,"(640, 480)",
Rat23,Rat23\Thermal Imaging\Thermal_39.jpg,..\Data For Segmentation\Rat23\Thermal Imaging\Thermal_39.jpg,Thermal_39.jpg,480,640,..\Data For Segmentation\Rat23\Mask\Thermal_39.png,480,640,..\Data For Segmentation\Rat23\CSV\Thermal_39_CSV.csv,"(640, 480)",
Rat23,Rat23\Thermal Imaging\Thermal_4.png,..\Data For Segmentation\Rat23\Thermal Imaging\Thermal_4.png,Thermal_4.png,480,640,..\Data For Segmentation\Rat23\Mask\Thermal_4.png,480,640,..\Data For Segmentation\Rat23\CSV\Thermal_4_CSV.csv,"(640, 480)",
Rat23,Rat23\Thermal Imaging\Thermal_40.jpg,..\Data For Segmentation\Rat23\Thermal Imaging\Thermal_40.jpg,Thermal_40.jpg,480,640,..\Data For Segmentation\Rat23\Mask\Thermal_40.png,480,640,..\Data For Segmentation\Rat23\CSV\Thermal_40_CSV.csv,"(640, 480)",
Rat23,Rat23\Thermal Imaging\Thermal_41.jpg,..\Data For Segmentation\Rat23\Thermal Imaging\Thermal_41.jpg,Thermal_41.jpg,480,640,..\Data For Segmentation\Rat23\Mask\Thermal_41.png,480,640,..\Data For Segmentation\Rat23\CSV\Thermal_41_CSV.csv,"(640, 480)",
Rat23,Rat23\Thermal Imaging\Thermal_42.jpg,..\Data For Segmentation\Rat23\Thermal Imaging\Thermal_42.jpg,Thermal_42.jpg,480,640,..\Data For Segmentation\Rat23\Mask\Thermal_42.png,480,640,..\Data For Segmentation\Rat23\CSV\Thermal_42_CSV.csv,"(640, 480)",
Rat23,Rat23\Thermal Imaging\Thermal_43.jpg,..\Data For Segmentation\Rat23\Thermal Imaging\Thermal_43.jpg,Thermal_43.jpg,480,640,..\Data For Segmentation\Rat23\Mask\Thermal_43.png,480,640,..\Data For Segmentation\Rat23\CSV\Thermal_43_CSV.csv,"(640, 480)",
Rat23,Rat23\Thermal Imaging\Thermal_44.jpg,..\Data For Segmentation\Rat23\Thermal Imaging\Thermal_44.jpg,Thermal_44.jpg,480,640,..\Data For Segmentation\Rat23\Mask\Thermal_44.png,480,640,..\Data For Segmentation\Rat23\CSV\Thermal_44_CSV.csv,"(640, 480)",
Rat23,Rat23\Thermal Imaging\Thermal_45.jpg,..\Data For Segmentation\Rat23\Thermal Imaging\Thermal_45.jpg,Thermal_45.jpg,480,640,..\Data For Segmentation\Rat23\Mask\Thermal_45.png,480,640,..\Data For Segmentation\Rat23\CSV\Thermal_45_CSV.csv,"(640, 480)",
Rat23,Rat23\Thermal Imaging\Thermal_46.jpg,..\Data For Segmentation\Rat23\Thermal Imaging\Thermal_46.jpg,Thermal_46.jpg,480,640,..\Data For Segmentation\Rat23\Mask\Thermal_46.png,480,640,..\Data For Segmentation\Rat23\CSV\Thermal_46_CSV.csv,"(640, 480)",
Rat23,Rat23\Thermal Imaging\Thermal_47.jpg,..\Data For Segmentation\Rat23\Thermal Imaging\Thermal_47.jpg,Thermal_47.jpg,480,640,..\Data For Segmentation\Rat23\Mask\Thermal_47.png,480,640,..\Data For Segmentation\Rat23\CSV\Thermal_47_CSV.csv,"(640, 480)",
Rat23,Rat23\Thermal Imaging\Thermal_48.jpg,..\Data For Segmentation\Rat23\Thermal Imaging\Thermal_48.jpg,Thermal_48.jpg,480,640,..\Data For Segmentation\Rat23\Mask\Thermal_48.png,480,640,..\Data For Segmentation\Rat23\CSV\Thermal_48_CSV.csv,"(640, 480)",
Rat23,Rat23\Thermal Imaging\Thermal_49.jpg,..\Data For Segmentation\Rat23\Thermal Imaging\Thermal_49.jpg,Thermal_49.jpg,480,640,..\Data For Segmentation\Rat23\Mask\Thermal_49.png,480,640,..\Data For Segmentation\Rat23\CSV\Thermal_49_CSV.csv,"(640, 480)",
Rat23,Rat23\Thermal Imaging\Thermal_5.png,..\Data For Segmentation\Rat23\Thermal Imaging\Thermal_5.png,Thermal_5.png,480,640,..\Data For Segmentation\Rat23\Mask\Thermal_5.png,480,640,..\Data For Segmentation\Rat23\CSV\Thermal_5_CSV.csv,"(640, 480)",
Rat23,Rat23\Thermal Imaging\Thermal_50.jpg,..\Data For Segmentation\Rat23\Thermal Imaging\Thermal_50.jpg,Thermal_50.jpg,480,640,..\Data For Segmentation\Rat23\Mask\Thermal_50.png,480,640,..\Data For Segmentation\Rat23\CSV\Thermal_50_CSV.csv,"(640, 480)",
Rat23,Rat23\Thermal Imaging\Thermal_51.jpg,..\Data For Segmentation\Rat23\Thermal Imaging\Thermal_51.jpg,Thermal_51.jpg,480,640,..\Data For Segmentation\Rat23\Mask\Thermal_51.png,480,640,..\Data For Segmentation\Rat23\CSV\Thermal_51_CSV.csv,"(640, 480)",
Rat23,Rat23\Thermal Imaging\Thermal_52.jpg,..\Data For Segmentation\Rat23\Thermal Imaging\Thermal_52.jpg,Thermal_52.jpg,480,640,..\Data For Segmentation\Rat23\Mask\Thermal_52.png,480,640,..\Data For Segmentation\Rat23\CSV\Thermal_52_CSV.csv,"(640, 480)",
Rat23,Rat23\Thermal Imaging\Thermal_53.jpg,..\Data For Segmentation\Rat23\Thermal Imaging\Thermal_53.jpg,Thermal_53.jpg,480,640,..\Data For Segmentation\Rat23\Mask\Thermal_53.png,480,640,..\Data For Segmentation\Rat23\CSV\Thermal_53_CSV.csv,"(640, 480)",
Rat23,Rat23\Thermal Imaging\Thermal_54.jpg,..\Data For Segmentation\Rat23\Thermal Imaging\Thermal_54.jpg,Thermal_54.jpg,480,640,..\Data For Segmentation\Rat23\Mask\Thermal_54.png,480,640,..\Data For Segmentation\Rat23\CSV\Thermal_54_CSV.csv,"(640, 480)",
Rat23,Rat23\Thermal Imaging\Thermal_55.jpg,..\Data For Segmentation\Rat23\Thermal Imaging\Thermal_55.jpg,Thermal_55.jpg,480,640,..\Data For Segmentation\Rat23\Mask\Thermal_55.png,480,640,..\Data For Segmentation\Rat23\CSV\Thermal_55_CSV.csv,"(640, 480)",
Rat23,Rat23\Thermal Imaging\Thermal_56.jpg,..\Data For Segmentation\Rat23\Thermal Imaging\Thermal_56.jpg,Thermal_56.jpg,480,640,..\Data For Segmentation\Rat23\Mask\Thermal_56.png,480,640,..\Data For Segmentation\Rat23\CSV\Thermal_56_CSV.csv,"(640, 480)",
Rat23,Rat23\Thermal Imaging\Thermal_57.jpg,..\Data For Segmentation\Rat23\Thermal Imaging\Thermal_57.jpg,Thermal_57.jpg,480,640,..\Data For Segmentation\Rat23\Mask\Thermal_57.png,480,640,..\Data For Segmentation\Rat23\CSV\Thermal_57_CSV.csv,"(640, 480)",
Rat23,Rat23\Thermal Imaging\Thermal_58.jpg,..\Data For Segmentation\Rat23\Thermal Imaging\Thermal_58.jpg,Thermal_58.jpg,480,640,..\Data For Segmentation\Rat23\Mask\Thermal_58.png,480,640,..\Data For Segmentation\Rat23\CSV\Thermal_58_CSV.csv,"(640, 480)",
Rat23,Rat23\Thermal Imaging\Thermal_59.jpg,..\Data For Segmentation\Rat23\Thermal Imaging\Thermal_59.jpg,Thermal_59.jpg,480,640,..\Data For Segmentation\Rat23\Mask\Thermal_59.png,480,640,..\Data For Segmentation\Rat23\CSV\Thermal_59_CSV.csv,"(640, 480)",
Rat23,Rat23\Thermal Imaging\Thermal_6.png,..\Data For Segmentation\Rat23\Thermal Imaging\Thermal_6.png,Thermal_6.png,480,640,..\Data For Segmentation\Rat23\Mask\Thermal_6.png,480,640,..\Data For Segmentation\Rat23\CSV\Thermal_6_CSV.csv,"(640, 480)",
Rat23,Rat23\Thermal Imaging\Thermal_61.jpg,..\Data For Segmentation\Rat23\Thermal Imaging\Thermal_61.jpg,Thermal_61.jpg,480,640,..\Data For Segmentation\Rat23\Mask\Thermal_61.png,480,640,..\Data For Segmentation\Rat23\CSV\Thermal_61_CSV.csv,"(640, 480)",
Rat23,Rat23\Thermal Imaging\Thermal_62.jpg,..\Data For Segmentation\Rat23\Thermal Imaging\Thermal_62.jpg,Thermal_62.jpg,480,640,..\Data For Segmentation\Rat23\Mask\Thermal_62.png,480,640,..\Data For Segmentation\Rat23\CSV\Thermal_62_CSV.csv,"(640, 480)",
Rat23,Rat23\Thermal Imaging\Thermal_63.jpg,..\Data For Segmentation\Rat23\Thermal Imaging\Thermal_63.jpg,Thermal_63.jpg,480,640,..\Data For Segmentation\Rat23\Mask\Thermal_63.png,480,640,..\Data For Segmentation\Rat23\CSV\Thermal_63_CSV.csv,"(640, 480)",
Rat23,Rat23\Thermal Imaging\Thermal_64.jpg,..\Data For Segmentation\Rat23\Thermal Imaging\Thermal_64.jpg,Thermal_64.jpg,480,640,..\Data For Segmentation\Rat23\Mask\Thermal_64.png,480,640,..\Data For Segmentation\Rat23\CSV\Thermal_64_CSV.csv,"(640, 480)",
Rat23,Rat23\Thermal Imaging\Thermal_65.jpg,..\Data For Segmentation\Rat23\Thermal Imaging\Thermal_65.jpg,Thermal_65.jpg,480,640,..\Data For Segmentation\Rat23\Mask\Thermal_65.png,480,640,..\Data For Segmentation\Rat23\CSV\Thermal_65_CSV.csv,"(640, 480)",
Rat23,Rat23\Thermal Imaging\Thermal_66.jpg,..\Data For Segmentation\Rat23\Thermal Imaging\Thermal_66.jpg,Thermal_66.jpg,480,640,..\Data For Segmentation\Rat23\Mask\Thermal_66.png,480,640,..\Data For Segmentation\Rat23\CSV\Thermal_66_CSV.csv,"(640, 480)",
Rat23,Rat23\Thermal Imaging\Thermal_67.jpg,..\Data For Segmentation\Rat23\Thermal Imaging\Thermal_67.jpg,Thermal_67.jpg,480,640,..\Data For Segmentation\Rat23\Mask\Thermal_67.png,480,640,..\Data For Segmentation\Rat23\CSV\Thermal_67_CSV.csv,"(640, 480)",
Rat23,Rat23\Thermal Imaging\Thermal_68.jpg,..\Data For Segmentation\Rat23\Thermal Imaging\Thermal_68.jpg,Thermal_68.jpg,480,640,..\Data For Segmentation\Rat23\Mask\Thermal_68.png,480,640,..\Data For Segmentation\Rat23\CSV\Thermal_68_CSV.csv,"(640, 480)",
Rat23,Rat23\Thermal Imaging\Thermal_69.jpg,..\Data For Segmentation\Rat23\Thermal Imaging\Thermal_69.jpg,Thermal_69.jpg,480,640,..\Data For Segmentation\Rat23\Mask\Thermal_69.png,480,640,..\Data For Segmentation\Rat23\CSV\Thermal_69_CSV.csv,"(640, 480)",
Rat23,Rat23\Thermal Imaging\Thermal_7.png,..\Data For Segmentation\Rat23\Thermal Imaging\Thermal_7.png,Thermal_7.png,480,640,..\Data For Segmentation\Rat23\Mask\Thermal_7.png,480,640,..\Data For Segmentation\Rat23\CSV\Thermal_7_CSV.csv,"(640, 480)",
Rat23,Rat23\Thermal Imaging\Thermal_70.jpg,..\Data For Segmentation\Rat23\Thermal Imaging\Thermal_70.jpg,Thermal_70.jpg,480,640,..\Data For Segmentation\Rat23\Mask\Thermal_70.png,480,640,..\Data For Segmentation\Rat23\CSV\Thermal_70_CSV.csv,"(640, 480)",
Rat23,Rat23\Thermal Imaging\Thermal_71.jpg,..\Data For Segmentation\Rat23\Thermal Imaging\Thermal_71.jpg,Thermal_71.jpg,480,640,..\Data For Segmentation\Rat23\Mask\Thermal_71.png,480,640,..\Data For Segmentation\Rat23\CSV\Thermal_71_CSV.csv,"(640, 480)",
Rat23,Rat23\Thermal Imaging\Thermal_72.jpg,..\Data For Segmentation\Rat23\Thermal Imaging\Thermal_72.jpg,Thermal_72.jpg,480,640,..\Data For Segmentation\Rat23\Mask\Thermal_72.png,480,640,..\Data For Segmentation\Rat23\CSV\Thermal_72_CSV.csv,"(640, 480)",
Rat23,Rat23\Thermal Imaging\Thermal_73.jpg,..\Data For Segmentation\Rat23\Thermal Imaging\Thermal_73.jpg,Thermal_73.jpg,480,640,..\Data For Segmentation\Rat23\Mask\Thermal_73.png,480,640,..\Data For Segmentation\Rat23\CSV\Thermal_73_CSV.csv,"(640, 480)",
Rat23,Rat23\Thermal Imaging\Thermal_74.jpg,..\Data For Segmentation\Rat23\Thermal Imaging\Thermal_74.jpg,Thermal_74.jpg,480,640,..\Data For Segmentation\Rat23\Mask\Thermal_74.png,480,640,..\Data For Segmentation\Rat23\CSV\Thermal_74_CSV.csv,"(640, 480)",
Rat23,Rat23\Thermal Imaging\Thermal_75.jpg,..\Data For Segmentation\Rat23\Thermal Imaging\Thermal_75.jpg,Thermal_75.jpg,480,640,..\Data For Segmentation\Rat23\Mask\Thermal_75.png,480,640,..\Data For Segmentation\Rat23\CSV\Thermal_75_CSV.csv,"(640, 480)",
Rat23,Rat23\Thermal Imaging\Thermal_76.jpg,..\Data For Segmentation\Rat23\Thermal Imaging\Thermal_76.jpg,Thermal_76.jpg,480,640,..\Data For Segmentation\Rat23\Mask\Thermal_76.png,480,640,..\Data For Segmentation\Rat23\CSV\Thermal_76_CSV.csv,"(640, 480)",
Rat23,Rat23\Thermal Imaging\Thermal_77.jpg,..\Data For Segmentation\Rat23\Thermal Imaging\Thermal_77.jpg,Thermal_77.jpg,480,640,..\Data For Segmentation\Rat23\Mask\Thermal_77.png,480,640,..\Data For Segmentation\Rat23\CSV\Thermal_77_CSV.csv,"(640, 480)",
Rat23,Rat23\Thermal Imaging\Thermal_78.jpg,..\Data For Segmentation\Rat23\Thermal Imaging\Thermal_78.jpg,Thermal_78.jpg,480,640,..\Data For Segmentation\Rat23\Mask\Thermal_78.png,480,640,..\Data For Segmentation\Rat23\CSV\Thermal_78_CSV.csv,"(640, 480)",
Rat23,Rat23\Thermal Imaging\Thermal_79.jpg,..\Data For Segmentation\Rat23\Thermal Imaging\Thermal_79.jpg,Thermal_79.jpg,480,640,..\Data For Segmentation\Rat23\Mask\Thermal_79.png,480,640,..\Data For Segmentation\Rat23\CSV\Thermal_79_CSV.csv,"(640, 480)",
Rat23,Rat23\Thermal Imaging\Thermal_8.png,..\Data For Segmentation\Rat23\Thermal Imaging\Thermal_8.png,Thermal_8.png,480,640,..\Data For Segmentation\Rat23\Mask\Thermal_8.png,480,640,..\Data For Segmentation\Rat23\CSV\Thermal_8_CSV.csv,"(640, 480)",
Rat23,Rat23\Thermal Imaging\Thermal_80.jpg,..\Data For Segmentation\Rat23\Thermal Imaging\Thermal_80.jpg,Thermal_80.jpg,480,640,..\Data For Segmentation\Rat23\Mask\Thermal_80.png,480,640,..\Data For Segmentation\Rat23\CSV\Thermal_80_CSV.csv,"(640, 480)",
Rat23,Rat23\Thermal Imaging\Thermal_81.jpg,..\Data For Segmentation\Rat23\Thermal Imaging\Thermal_81.jpg,Thermal_81.jpg,480,640,..\Data For Segmentation\Rat23\Mask\Thermal_81.png,480,640,..\Data For Segmentation\Rat23\CSV\Thermal_81_CSV.csv,"(640, 480)",
Rat23,Rat23\Thermal Imaging\Thermal_82.jpg,..\Data For Segmentation\Rat23\Thermal Imaging\Thermal_82.jpg,Thermal_82.jpg,480,640,..\Data For Segmentation\Rat23\Mask\Thermal_82.png,480,640,..\Data For Segmentation\Rat23\CSV\Thermal_82_CSV.csv,"(640, 480)",
Rat23,Rat23\Thermal Imaging\Thermal_83.jpg,..\Data For Segmentation\Rat23\Thermal Imaging\Thermal_83.jpg,Thermal_83.jpg,480,640,..\Data For Segmentation\Rat23\Mask\Thermal_83.png,480,640,..\Data For Segmentation\Rat23\CSV\Thermal_83_CSV.csv,"(640, 480)",
Rat23,Rat23\Thermal Imaging\Thermal_84.jpg,..\Data For Segmentation\Rat23\Thermal Imaging\Thermal_84.jpg,Thermal_84.jpg,480,640,..\Data For Segmentation\Rat23\Mask\Thermal_84.png,480,640,..\Data For Segmentation\Rat23\CSV\Thermal_84_CSV.csv,"(640, 480)",
Rat23,Rat23\Thermal Imaging\Thermal_85.jpg,..\Data For Segmentation\Rat23\Thermal Imaging\Thermal_85.jpg,Thermal_85.jpg,480,640,..\Data For Segmentation\Rat23\Mask\Thermal_85.png,480,640,..\Data For Segmentation\Rat23\CSV\Thermal_85_CSV.csv,"(640, 480)",
Rat23,Rat23\Thermal Imaging\Thermal_86.jpg,..\Data For Segmentation\Rat23\Thermal Imaging\Thermal_86.jpg,Thermal_86.jpg,480,640,..\Data For Segmentation\Rat23\Mask\Thermal_86.png,480,640,..\Data For Segmentation\Rat23\CSV\Thermal_86_CSV.csv,"(640, 480)",
Rat23,Rat23\Thermal Imaging\Thermal_87.jpg,..\Data For Segmentation\Rat23\Thermal Imaging\Thermal_87.jpg,Thermal_87.jpg,480,640,..\Data For Segmentation\Rat23\Mask\Thermal_87.png,480,640,..\Data For Segmentation\Rat23\CSV\Thermal_87_CSV.csv,"(640, 480)",
Rat23,Rat23\Thermal Imaging\Thermal_88.jpg,..\Data For Segmentation\Rat23\Thermal Imaging\Thermal_88.jpg,Thermal_88.jpg,480,640,..\Data For Segmentation\Rat23\Mask\Thermal_88.png,480,640,..\Data For Segmentation\Rat23\CSV\Thermal_88_CSV.csv,"(640, 480)",
Rat23,Rat23\Thermal Imaging\Thermal_89.jpg,..\Data For Segmentation\Rat23\Thermal Imaging\Thermal_89.jpg,Thermal_89.jpg,480,640,..\Data For Segmentation\Rat23\Mask\Thermal_89.png,480,640,..\Data For Segmentation\Rat23\CSV\Thermal_89_CSV.csv,"(640, 480)",
Rat23,Rat23\Thermal Imaging\Thermal_90.jpg,..\Data For Segmentation\Rat23\Thermal Imaging\Thermal_90.jpg,Thermal_90.jpg,480,640,..\Data For Segmentation\Rat23\Mask\Thermal_90.png,480,640,..\Data For Segmentation\Rat23\CSV\Thermal_90_CSV.csv,"(640, 480)",
Rat23,Rat23\Thermal Imaging\Thermal_91.jpg,..\Data For Segmentation\Rat23\Thermal Imaging\Thermal_91.jpg,Thermal_91.jpg,480,640,..\Data For Segmentation\Rat23\Mask\Thermal_91.png,480,640,..\Data For Segmentation\Rat23\CSV\Thermal_91_CSV.csv,"(640, 480)",
Rat23,Rat23\Thermal Imaging\Thermal_92.jpg,..\Data For Segmentation\Rat23\Thermal Imaging\Thermal_92.jpg,Thermal_92.jpg,480,640,..\Data For Segmentation\Rat23\Mask\Thermal_92.png,480,640,..\Data For Segmentation\Rat23\CSV\Thermal_92_CSV.csv,"(640, 480)",
Rat23,Rat23\Thermal Imaging\Thermal_93.jpg,..\Data For Segmentation\Rat23\Thermal Imaging\Thermal_93.jpg,Thermal_93.jpg,480,640,..\Data For Segmentation\Rat23\Mask\Thermal_93.png,480,640,..\Data For Segmentation\Rat23\CSV\Thermal_93_CSV.csv,"(640, 480)",
Rat23,Rat23\Thermal Imaging\Thermal_94.jpg,..\Data For Segmentation\Rat23\Thermal Imaging\Thermal_94.jpg,Thermal_94.jpg,480,640,..\Data For Segmentation\Rat23\Mask\Thermal_94.png,480,640,..\Data For Segmentation\Rat23\CSV\Thermal_94_CSV.csv,"(640, 480)",
Rat23,Rat23\Thermal Imaging\Thermal_95.jpg,..\Data For Segmentation\Rat23\Thermal Imaging\Thermal_95.jpg,Thermal_95.jpg,480,640,..\Data For Segmentation\Rat23\Mask\Thermal_95.png,480,640,..\Data For Segmentation\Rat23\CSV\Thermal_95_CSV.csv,"(640, 480)",
Rat23,Rat23\Thermal Imaging\Thermal_96.jpg,..\Data For Segmentation\Rat23\Thermal Imaging\Thermal_96.jpg,Thermal_96.jpg,480,640,..\Data For Segmentation\Rat23\Mask\Thermal_96.png,480,640,..\Data For Segmentation\Rat23\CSV\Thermal_96_CSV.csv,"(640, 480)",
Rat23,Rat23\Thermal Imaging\Thermal_97.jpg,..\Data For Segmentation\Rat23\Thermal Imaging\Thermal_97.jpg,Thermal_97.jpg,480,640,..\Data For Segmentation\Rat23\Mask\Thermal_97.png,480,640,..\Data For Segmentation\Rat23\CSV\Thermal_97_CSV.csv,"(640, 480)",
Rat23,Rat23\Thermal Imaging\Thermal_98.jpg,..\Data For Segmentation\Rat23\Thermal Imaging\Thermal_98.jpg,Thermal_98.jpg,480,640,..\Data For Segmentation\Rat23\Mask\Thermal_98.png,480,640,..\Data For Segmentation\Rat23\CSV\Thermal_98_CSV.csv,"(640, 480)",
Rat23,Rat23\Thermal Imaging\Thermal_99.jpg,..\Data For Segmentation\Rat23\Thermal Imaging\Thermal_99.jpg,Thermal_99.jpg,480,640,..\Data For Segmentation\Rat23\Mask\Thermal_99.png,480,640,..\Data For Segmentation\Rat23\CSV\Thermal_99_CSV.csv,"(640, 480)",
Rat24,Rat24\Thermal Imaging\Thermal_1.png,..\Data For Segmentation\Rat24\Thermal Imaging\Thermal_1.png,Thermal_1.png,480,640,..\Data For Segmentation\Rat24\Mask\Thermal_1.png,480,640,..\Data For Segmentation\Rat24\CSV\Thermal_1_CSV.csv,"(640, 480)",
Rat24,Rat24\Thermal Imaging\Thermal_10.png,..\Data For Segmentation\Rat24\Thermal Imaging\Thermal_10.png,Thermal_10.png,480,640,..\Data For Segmentation\Rat24\Mask\Thermal_10.png,480,640,..\Data For Segmentation\Rat24\CSV\Thermal_10_CSV.csv,"(640, 480)",
Rat24,Rat24\Thermal Imaging\Thermal_100.jpg,..\Data For Segmentation\Rat24\Thermal Imaging\Thermal_100.jpg,Thermal_100.jpg,480,640,..\Data For Segmentation\Rat24\Mask\Thermal_100.png,480,640,..\Data For Segmentation\Rat24\CSV\Thermal_100_CSV.csv,"(640, 480)",
Rat24,Rat24\Thermal Imaging\Thermal_101.jpg,..\Data For Segmentation\Rat24\Thermal Imaging\Thermal_101.jpg,Thermal_101.jpg,480,640,..\Data For Segmentation\Rat24\Mask\Thermal_101.png,480,640,..\Data For Segmentation\Rat24\CSV\Thermal_101_CSV.csv,"(640, 480)",
Rat24,Rat24\Thermal Imaging\Thermal_102.jpg,..\Data For Segmentation\Rat24\Thermal Imaging\Thermal_102.jpg,Thermal_102.jpg,480,640,..\Data For Segmentation\Rat24\Mask\Thermal_102.png,480,640,..\Data For Segmentation\Rat24\CSV\Thermal_102_CSV.csv,"(640, 480)",
Rat24,Rat24\Thermal Imaging\Thermal_103.jpg,..\Data For Segmentation\Rat24\Thermal Imaging\Thermal_103.jpg,Thermal_103.jpg,480,640,..\Data For Segmentation\Rat24\Mask\Thermal_103.png,480,640,..\Data For Segmentation\Rat24\CSV\Thermal_103_CSV.csv,"(640, 480)",
Rat24,Rat24\Thermal Imaging\Thermal_104.jpg,..\Data For Segmentation\Rat24\Thermal Imaging\Thermal_104.jpg,Thermal_104.jpg,480,640,..\Data For Segmentation\Rat24\Mask\Thermal_104.png,480,640,..\Data For Segmentation\Rat24\CSV\Thermal_104_CSV.csv,"(640, 480)",
Rat24,Rat24\Thermal Imaging\Thermal_105.jpg,..\Data For Segmentation\Rat24\Thermal Imaging\Thermal_105.jpg,Thermal_105.jpg,480,640,..\Data For Segmentation\Rat24\Mask\Thermal_105.png,480,640,..\Data For Segmentation\Rat24\CSV\Thermal_105_CSV.csv,"(640, 480)",
Rat24,Rat24\Thermal Imaging\Thermal_106.jpg,..\Data For Segmentation\Rat24\Thermal Imaging\Thermal_106.jpg,Thermal_106.jpg,480,640,..\Data For Segmentation\Rat24\Mask\Thermal_106.png,480,640,..\Data For Segmentation\Rat24\CSV\Thermal_106_CSV.csv,"(640, 480)",
Rat24,Rat24\Thermal Imaging\Thermal_107.jpg,..\Data For Segmentation\Rat24\Thermal Imaging\Thermal_107.jpg,Thermal_107.jpg,480,640,..\Data For Segmentation\Rat24\Mask\Thermal_107.png,480,640,..\Data For Segmentation\Rat24\CSV\Thermal_107_CSV.csv,"(640, 480)",
Rat24,Rat24\Thermal Imaging\Thermal_108.jpg,..\Data For Segmentation\Rat24\Thermal Imaging\Thermal_108.jpg,Thermal_108.jpg,480,640,..\Data For Segmentation\Rat24\Mask\Thermal_108.png,480,640,..\Data For Segmentation\Rat24\CSV\Thermal_108_CSV.csv,"(640, 480)",
Rat24,Rat24\Thermal Imaging\Thermal_109.jpg,..\Data For Segmentation\Rat24\Thermal Imaging\Thermal_109.jpg,Thermal_109.jpg,480,640,..\Data For Segmentation\Rat24\Mask\Thermal_109.png,480,640,..\Data For Segmentation\Rat24\CSV\Thermal_109_CSV.csv,"(640, 480)",
Rat24,Rat24\Thermal Imaging\Thermal_110.jpg,..\Data For Segmentation\Rat24\Thermal Imaging\Thermal_110.jpg,Thermal_110.jpg,480,640,..\Data For Segmentation\Rat24\Mask\Thermal_110.png,480,640,..\Data For Segmentation\Rat24\CSV\Thermal_110_CSV.csv,"(640, 480)",
Rat24,Rat24\Thermal Imaging\Thermal_112.jpg,..\Data For Segmentation\Rat24\Thermal Imaging\Thermal_112.jpg,Thermal_112.jpg,480,640,..\Data For Segmentation\Rat24\Mask\Thermal_112.png,480,640,..\Data For Segmentation\Rat24\CSV\Thermal_112_CSV.csv,"(640, 480)",
Rat24,Rat24\Thermal Imaging\Thermal_113.jpg,..\Data For Segmentation\Rat24\Thermal Imaging\Thermal_113.jpg,Thermal_113.jpg,480,640,..\Data For Segmentation\Rat24\Mask\Thermal_113.png,480,640,..\Data For Segmentation\Rat24\CSV\Thermal_113_CSV.csv,"(640, 480)",
Rat24,Rat24\Thermal Imaging\Thermal_119.jpg,..\Data For Segmentation\Rat24\Thermal Imaging\Thermal_119.jpg,Thermal_119.jpg,480,640,..\Data For Segmentation\Rat24\Mask\Thermal_119.png,480,640,..\Data For Segmentation\Rat24\CSV\Thermal_119_CSV.csv,"(640, 480)",
Rat24,Rat24\Thermal Imaging\Thermal_12.png,..\Data For Segmentation\Rat24\Thermal Imaging\Thermal_12.png,Thermal_12.png,480,640,..\Data For Segmentation\Rat24\Mask\Thermal_12.png,480,640,..\Data For Segmentation\Rat24\CSV\Thermal_12_CSV.csv,"(640, 480)",
Rat24,Rat24\Thermal Imaging\Thermal_120.jpg,..\Data For Segmentation\Rat24\Thermal Imaging\Thermal_120.jpg,Thermal_120.jpg,480,640,..\Data For Segmentation\Rat24\Mask\Thermal_120.png,480,640,..\Data For Segmentation\Rat24\CSV\Thermal_120_CSV.csv,"(640, 480)",
Rat24,Rat24\Thermal Imaging\Thermal_121.jpg,..\Data For Segmentation\Rat24\Thermal Imaging\Thermal_121.jpg,Thermal_121.jpg,480,640,..\Data For Segmentation\Rat24\Mask\Thermal_121.png,480,640,..\Data For Segmentation\Rat24\CSV\Thermal_121_CSV.csv,"(640, 480)",
Rat24,Rat24\Thermal Imaging\Thermal_122.jpg,..\Data For Segmentation\Rat24\Thermal Imaging\Thermal_122.jpg,Thermal_122.jpg,480,640,..\Data For Segmentation\Rat24\Mask\Thermal_122.png,480,640,..\Data For Segmentation\Rat24\CSV\Thermal_122_CSV.csv,"(640, 480)",
Rat24,Rat24\Thermal Imaging\Thermal_123.jpg,..\Data For Segmentation\Rat24\Thermal Imaging\Thermal_123.jpg,Thermal_123.jpg,480,640,..\Data For Segmentation\Rat24\Mask\Thermal_123.png,480,640,..\Data For Segmentation\Rat24\CSV\Thermal_123_CSV.csv,"(640, 480)",
Rat24,Rat24\Thermal Imaging\Thermal_124.jpg,..\Data For Segmentation\Rat24\Thermal Imaging\Thermal_124.jpg,Thermal_124.jpg,480,640,..\Data For Segmentation\Rat24\Mask\Thermal_124.png,480,640,..\Data For Segmentation\Rat24\CSV\Thermal_124_CSV.csv,"(640, 480)",
Rat24,Rat24\Thermal Imaging\Thermal_125.jpg,..\Data For Segmentation\Rat24\Thermal Imaging\Thermal_125.jpg,Thermal_125.jpg,480,640,..\Data For Segmentation\Rat24\Mask\Thermal_125.png,480,640,..\Data For Segmentation\Rat24\CSV\Thermal_125_CSV.csv,"(640, 480)",
Rat24,Rat24\Thermal Imaging\Thermal_127.jpg,..\Data For Segmentation\Rat24\Thermal Imaging\Thermal_127.jpg,Thermal_127.jpg,480,640,..\Data For Segmentation\Rat24\Mask\Thermal_127.png,480,640,..\Data For Segmentation\Rat24\CSV\Thermal_127_CSV.csv,"(640, 480)",
Rat24,Rat24\Thermal Imaging\Thermal_128.jpg,..\Data For Segmentation\Rat24\Thermal Imaging\Thermal_128.jpg,Thermal_128.jpg,480,640,..\Data For Segmentation\Rat24\Mask\Thermal_128.png,480,640,..\Data For Segmentation\Rat24\CSV\Thermal_128_CSV.csv,"(640, 480)",
Rat24,Rat24\Thermal Imaging\Thermal_129.jpg,..\Data For Segmentation\Rat24\Thermal Imaging\Thermal_129.jpg,Thermal_129.jpg,480,640,..\Data For Segmentation\Rat24\Mask\Thermal_129.png,480,640,..\Data For Segmentation\Rat24\CSV\Thermal_129_CSV.csv,"(640, 480)",
Rat24,Rat24\Thermal Imaging\Thermal_13.png,..\Data For Segmentation\Rat24\Thermal Imaging\Thermal_13.png,Thermal_13.png,480,640,..\Data For Segmentation\Rat24\Mask\Thermal_13.png,480,640,..\Data For Segmentation\Rat24\CSV\Thermal_13_CSV.csv,"(640, 480)",
Rat24,Rat24\Thermal Imaging\Thermal_130.jpg,..\Data For Segmentation\Rat24\Thermal Imaging\Thermal_130.jpg,Thermal_130.jpg,480,640,..\Data For Segmentation\Rat24\Mask\Thermal_130.png,480,640,..\Data For Segmentation\Rat24\CSV\Thermal_130_CSV.csv,"(640, 480)",
Rat24,Rat24\Thermal Imaging\Thermal_131.jpg,..\Data For Segmentation\Rat24\Thermal Imaging\Thermal_131.jpg,Thermal_131.jpg,480,640,..\Data For Segmentation\Rat24\Mask\Thermal_131.png,480,640,..\Data For Segmentation\Rat24\CSV\Thermal_131_CSV.csv,"(640, 480)",
Rat24,Rat24\Thermal Imaging\Thermal_132.jpg,..\Data For Segmentation\Rat24\Thermal Imaging\Thermal_132.jpg,Thermal_132.jpg,480,640,..\Data For Segmentation\Rat24\Mask\Thermal_132.png,480,640,..\Data For Segmentation\Rat24\CSV\Thermal_132_CSV.csv,"(640, 480)",
Rat24,Rat24\Thermal Imaging\Thermal_133.jpg,..\Data For Segmentation\Rat24\Thermal Imaging\Thermal_133.jpg,Thermal_133.jpg,480,640,..\Data For Segmentation\Rat24\Mask\Thermal_133.png,480,640,..\Data For Segmentation\Rat24\CSV\Thermal_133_CSV.csv,"(640, 480)",
Rat24,Rat24\Thermal Imaging\Thermal_134.jpg,..\Data For Segmentation\Rat24\Thermal Imaging\Thermal_134.jpg,Thermal_134.jpg,480,640,..\Data For Segmentation\Rat24\Mask\Thermal_134.png,480,640,..\Data For Segmentation\Rat24\CSV\Thermal_134_CSV.csv,"(640, 480)",
Rat24,Rat24\Thermal Imaging\Thermal_135.jpg,..\Data For Segmentation\Rat24\Thermal Imaging\Thermal_135.jpg,Thermal_135.jpg,480,640,..\Data For Segmentation\Rat24\Mask\Thermal_135.png,480,640,..\Data For Segmentation\Rat24\CSV\Thermal_135_CSV.csv,"(640, 480)",
Rat24,Rat24\Thermal Imaging\Thermal_136.jpg,..\Data For Segmentation\Rat24\Thermal Imaging\Thermal_136.jpg,Thermal_136.jpg,480,640,..\Data For Segmentation\Rat24\Mask\Thermal_136.png,480,640,..\Data For Segmentation\Rat24\CSV\Thermal_136_CSV.csv,"(640, 480)",
Rat24,Rat24\Thermal Imaging\Thermal_137.jpg,..\Data For Segmentation\Rat24\Thermal Imaging\Thermal_137.jpg,Thermal_137.jpg,480,640,..\Data For Segmentation\Rat24\Mask\Thermal_137.png,480,640,..\Data For Segmentation\Rat24\CSV\Thermal_137_CSV.csv,"(640, 480)",
Rat24,Rat24\Thermal Imaging\Thermal_138.jpg,..\Data For Segmentation\Rat24\Thermal Imaging\Thermal_138.jpg,Thermal_138.jpg,480,640,..\Data For Segmentation\Rat24\Mask\Thermal_138.png,480,640,..\Data For Segmentation\Rat24\CSV\Thermal_138_CSV.csv,"(640, 480)",
Rat24,Rat24\Thermal Imaging\Thermal_139.jpg,..\Data For Segmentation\Rat24\Thermal Imaging\Thermal_139.jpg,Thermal_139.jpg,480,640,..\Data For Segmentation\Rat24\Mask\Thermal_139.png,480,640,..\Data For Segmentation\Rat24\CSV\Thermal_139_CSV.csv,"(640, 480)",
Rat24,Rat24\Thermal Imaging\Thermal_140.jpg,..\Data For Segmentation\Rat24\Thermal Imaging\Thermal_140.jpg,Thermal_140.jpg,480,640,..\Data For Segmentation\Rat24\Mask\Thermal_140.png,480,640,..\Data For Segmentation\Rat24\CSV\Thermal_140_CSV.csv,"(640, 480)",
Rat24,Rat24\Thermal Imaging\Thermal_141.jpg,..\Data For Segmentation\Rat24\Thermal Imaging\Thermal_141.jpg,Thermal_141.jpg,480,640,..\Data For Segmentation\Rat24\Mask\Thermal_141.png,480,640,..\Data For Segmentation\Rat24\CSV\Thermal_141_CSV.csv,"(640, 480)",
Rat24,Rat24\Thermal Imaging\Thermal_142.jpg,..\Data For Segmentation\Rat24\Thermal Imaging\Thermal_142.jpg,Thermal_142.jpg,480,640,..\Data For Segmentation\Rat24\Mask\Thermal_142.png,480,640,..\Data For Segmentation\Rat24\CSV\Thermal_142_CSV.csv,"(640, 480)",
Rat24,Rat24\Thermal Imaging\Thermal_143.jpg,..\Data For Segmentation\Rat24\Thermal Imaging\Thermal_143.jpg,Thermal_143.jpg,480,640,..\Data For Segmentation\Rat24\Mask\Thermal_143.png,480,640,..\Data For Segmentation\Rat24\CSV\Thermal_143_CSV.csv,"(640, 480)",
Rat24,Rat24\Thermal Imaging\Thermal_144.jpg,..\Data For Segmentation\Rat24\Thermal Imaging\Thermal_144.jpg,Thermal_144.jpg,480,640,..\Data For Segmentation\Rat24\Mask\Thermal_144.png,480,640,..\Data For Segmentation\Rat24\CSV\Thermal_144_CSV.csv,"(640, 480)",
Rat24,Rat24\Thermal Imaging\Thermal_145.jpg,..\Data For Segmentation\Rat24\Thermal Imaging\Thermal_145.jpg,Thermal_145.jpg,480,640,..\Data For Segmentation\Rat24\Mask\Thermal_145.png,480,640,..\Data For Segmentation\Rat24\CSV\Thermal_145_CSV.csv,"(640, 480)",
Rat24,Rat24\Thermal Imaging\Thermal_146.jpg,..\Data For Segmentation\Rat24\Thermal Imaging\Thermal_146.jpg,Thermal_146.jpg,480,640,..\Data For Segmentation\Rat24\Mask\Thermal_146.png,480,640,..\Data For Segmentation\Rat24\CSV\Thermal_146_CSV.csv,"(640, 480)",
Rat24,Rat24\Thermal Imaging\Thermal_147.jpg,..\Data For Segmentation\Rat24\Thermal Imaging\Thermal_147.jpg,Thermal_147.jpg,480,640,..\Data For Segmentation\Rat24\Mask\Thermal_147.png,480,640,..\Data For Segmentation\Rat24\CSV\Thermal_147_CSV.csv,"(640, 480)",
Rat24,Rat24\Thermal Imaging\Thermal_148.jpg,..\Data For Segmentation\Rat24\Thermal Imaging\Thermal_148.jpg,Thermal_148.jpg,480,640,..\Data For Segmentation\Rat24\Mask\Thermal_148.png,480,640,..\Data For Segmentation\Rat24\CSV\Thermal_148_CSV.csv,"(640, 480)",
Rat24,Rat24\Thermal Imaging\Thermal_149.jpg,..\Data For Segmentation\Rat24\Thermal Imaging\Thermal_149.jpg,Thermal_149.jpg,480,640,..\Data For Segmentation\Rat24\Mask\Thermal_149.png,480,640,..\Data For Segmentation\Rat24\CSV\Thermal_149_CSV.csv,"(640, 480)",
Rat24,Rat24\Thermal Imaging\Thermal_15.png,..\Data For Segmentation\Rat24\Thermal Imaging\Thermal_15.png,Thermal_15.png,480,640,..\Data For Segmentation\Rat24\Mask\Thermal_15.png,480,640,..\Data For Segmentation\Rat24\CSV\Thermal_15_CSV.csv,"(640, 480)",
Rat24,Rat24\Thermal Imaging\Thermal_150.jpg,..\Data For Segmentation\Rat24\Thermal Imaging\Thermal_150.jpg,Thermal_150.jpg,480,640,..\Data For Segmentation\Rat24\Mask\Thermal_150.png,480,640,..\Data For Segmentation\Rat24\CSV\Thermal_150_CSV.csv,"(640, 480)",
Rat24,Rat24\Thermal Imaging\Thermal_151.jpg,..\Data For Segmentation\Rat24\Thermal Imaging\Thermal_151.jpg,Thermal_151.jpg,480,640,..\Data For Segmentation\Rat24\Mask\Thermal_151.png,480,640,..\Data For Segmentation\Rat24\CSV\Thermal_151_CSV.csv,"(640, 480)",
Rat24,Rat24\Thermal Imaging\Thermal_152.jpg,..\Data For Segmentation\Rat24\Thermal Imaging\Thermal_152.jpg,Thermal_152.jpg,480,640,..\Data For Segmentation\Rat24\Mask\Thermal_152.png,480,640,..\Data For Segmentation\Rat24\CSV\Thermal_152_CSV.csv,"(640, 480)",
Rat24,Rat24\Thermal Imaging\Thermal_153.jpg,..\Data For Segmentation\Rat24\Thermal Imaging\Thermal_153.jpg,Thermal_153.jpg,480,640,..\Data For Segmentation\Rat24\Mask\Thermal_153.png,480,640,..\Data For Segmentation\Rat24\CSV\Thermal_153_CSV.csv,"(640, 480)",
Rat24,Rat24\Thermal Imaging\Thermal_154.jpg,..\Data For Segmentation\Rat24\Thermal Imaging\Thermal_154.jpg,Thermal_154.jpg,480,640,..\Data For Segmentation\Rat24\Mask\Thermal_154.png,480,640,..\Data For Segmentation\Rat24\CSV\Thermal_154_CSV.csv,"(640, 480)",
Rat24,Rat24\Thermal Imaging\Thermal_155.jpg,..\Data For Segmentation\Rat24\Thermal Imaging\Thermal_155.jpg,Thermal_155.jpg,480,640,..\Data For Segmentation\Rat24\Mask\Thermal_155.png,480,640,..\Data For Segmentation\Rat24\CSV\Thermal_155_CSV.csv,"(640, 480)",
Rat24,Rat24\Thermal Imaging\Thermal_156.jpg,..\Data For Segmentation\Rat24\Thermal Imaging\Thermal_156.jpg,Thermal_156.jpg,480,640,..\Data For Segmentation\Rat24\Mask\Thermal_156.png,480,640,..\Data For Segmentation\Rat24\CSV\Thermal_156_CSV.csv,"(640, 480)",
Rat24,Rat24\Thermal Imaging\Thermal_157.jpg,..\Data For Segmentation\Rat24\Thermal Imaging\Thermal_157.jpg,Thermal_157.jpg,480,640,..\Data For Segmentation\Rat24\Mask\Thermal_157.png,480,640,..\Data For Segmentation\Rat24\CSV\Thermal_157_CSV.csv,"(640, 480)",
Rat24,Rat24\Thermal Imaging\Thermal_158.jpg,..\Data For Segmentation\Rat24\Thermal Imaging\Thermal_158.jpg,Thermal_158.jpg,480,640,..\Data For Segmentation\Rat24\Mask\Thermal_158.png,480,640,..\Data For Segmentation\Rat24\CSV\Thermal_158_CSV.csv,"(640, 480)",
Rat24,Rat24\Thermal Imaging\Thermal_159.jpg,..\Data For Segmentation\Rat24\Thermal Imaging\Thermal_159.jpg,Thermal_159.jpg,480,640,..\Data For Segmentation\Rat24\Mask\Thermal_159.png,480,640,..\Data For Segmentation\Rat24\CSV\Thermal_159_CSV.csv,"(640, 480)",
Rat24,Rat24\Thermal Imaging\Thermal_16.png,..\Data For Segmentation\Rat24\Thermal Imaging\Thermal_16.png,Thermal_16.png,480,640,..\Data For Segmentation\Rat24\Mask\Thermal_16.png,480,640,..\Data For Segmentation\Rat24\CSV\Thermal_16_CSV.csv,"(640, 480)",
Rat24,Rat24\Thermal Imaging\Thermal_160.jpg,..\Data For Segmentation\Rat24\Thermal Imaging\Thermal_160.jpg,Thermal_160.jpg,480,640,..\Data For Segmentation\Rat24\Mask\Thermal_160.png,480,640,..\Data For Segmentation\Rat24\CSV\Thermal_160_CSV.csv,"(640, 480)",
Rat24,Rat24\Thermal Imaging\Thermal_17.png,..\Data For Segmentation\Rat24\Thermal Imaging\Thermal_17.png,Thermal_17.png,480,640,..\Data For Segmentation\Rat24\Mask\Thermal_17.png,480,640,..\Data For Segmentation\Rat24\CSV\Thermal_17_CSV.csv,"(640, 480)",
Rat24,Rat24\Thermal Imaging\Thermal_19.png,..\Data For Segmentation\Rat24\Thermal Imaging\Thermal_19.png,Thermal_19.png,480,640,..\Data For Segmentation\Rat24\Mask\Thermal_19.png,480,640,..\Data For Segmentation\Rat24\CSV\Thermal_19_CSV.csv,"(640, 480)",
Rat24,Rat24\Thermal Imaging\Thermal_2.png,..\Data For Segmentation\Rat24\Thermal Imaging\Thermal_2.png,Thermal_2.png,480,640,..\Data For Segmentation\Rat24\Mask\Thermal_2.png,480,640,..\Data For Segmentation\Rat24\CSV\Thermal_2_CSV.csv,"(640, 480)",
Rat24,Rat24\Thermal Imaging\Thermal_20.jpg,..\Data For Segmentation\Rat24\Thermal Imaging\Thermal_20.jpg,Thermal_20.jpg,480,640,..\Data For Segmentation\Rat24\Mask\Thermal_20.png,480,640,..\Data For Segmentation\Rat24\CSV\Thermal_20_CSV.csv,"(640, 480)",
Rat24,Rat24\Thermal Imaging\Thermal_21.jpg,..\Data For Segmentation\Rat24\Thermal Imaging\Thermal_21.jpg,Thermal_21.jpg,480,640,..\Data For Segmentation\Rat24\Mask\Thermal_21.png,480,640,..\Data For Segmentation\Rat24\CSV\Thermal_21_CSV.csv,"(640, 480)",
Rat24,Rat24\Thermal Imaging\Thermal_22.jpg,..\Data For Segmentation\Rat24\Thermal Imaging\Thermal_22.jpg,Thermal_22.jpg,480,640,..\Data For Segmentation\Rat24\Mask\Thermal_22.png,480,640,..\Data For Segmentation\Rat24\CSV\Thermal_22_CSV.csv,"(640, 480)",
Rat24,Rat24\Thermal Imaging\Thermal_23.jpg,..\Data For Segmentation\Rat24\Thermal Imaging\Thermal_23.jpg,Thermal_23.jpg,480,640,..\Data For Segmentation\Rat24\Mask\Thermal_23.png,480,640,..\Data For Segmentation\Rat24\CSV\Thermal_23_CSV.csv,"(640, 480)",
Rat24,Rat24\Thermal Imaging\Thermal_24.jpg,..\Data For Segmentation\Rat24\Thermal Imaging\Thermal_24.jpg,Thermal_24.jpg,480,640,..\Data For Segmentation\Rat24\Mask\Thermal_24.png,480,640,..\Data For Segmentation\Rat24\CSV\Thermal_24_CSV.csv,"(640, 480)",
Rat24,Rat24\Thermal Imaging\Thermal_25.jpg,..\Data For Segmentation\Rat24\Thermal Imaging\Thermal_25.jpg,Thermal_25.jpg,480,640,..\Data For Segmentation\Rat24\Mask\Thermal_25.png,480,640,..\Data For Segmentation\Rat24\CSV\Thermal_25_CSV.csv,"(640, 480)",
Rat24,Rat24\Thermal Imaging\Thermal_26.jpg,..\Data For Segmentation\Rat24\Thermal Imaging\Thermal_26.jpg,Thermal_26.jpg,480,640,..\Data For Segmentation\Rat24\Mask\Thermal_26.png,480,640,..\Data For Segmentation\Rat24\CSV\Thermal_26_CSV.csv,"(640, 480)",
Rat24,Rat24\Thermal Imaging\Thermal_27.jpg,..\Data For Segmentation\Rat24\Thermal Imaging\Thermal_27.jpg,Thermal_27.jpg,480,640,..\Data For Segmentation\Rat24\Mask\Thermal_27.png,480,640,..\Data For Segmentation\Rat24\CSV\Thermal_27_CSV.csv,"(640, 480)",
Rat24,Rat24\Thermal Imaging\Thermal_28.jpg,..\Data For Segmentation\Rat24\Thermal Imaging\Thermal_28.jpg,Thermal_28.jpg,480,640,..\Data For Segmentation\Rat24\Mask\Thermal_28.png,480,640,..\Data For Segmentation\Rat24\CSV\Thermal_28_CSV.csv,"(640, 480)",
Rat24,Rat24\Thermal Imaging\Thermal_29.jpg,..\Data For Segmentation\Rat24\Thermal Imaging\Thermal_29.jpg,Thermal_29.jpg,480,640,..\Data For Segmentation\Rat24\Mask\Thermal_29.png,480,640,..\Data For Segmentation\Rat24\CSV\Thermal_29_CSV.csv,"(640, 480)",
Rat24,Rat24\Thermal Imaging\Thermal_3.png,..\Data For Segmentation\Rat24\Thermal Imaging\Thermal_3.png,Thermal_3.png,480,640,..\Data For Segmentation\Rat24\Mask\Thermal_3.png,480,640,..\Data For Segmentation\Rat24\CSV\Thermal_3_CSV.csv,"(640, 480)",
Rat24,Rat24\Thermal Imaging\Thermal_30.jpg,..\Data For Segmentation\Rat24\Thermal Imaging\Thermal_30.jpg,Thermal_30.jpg,480,640,..\Data For Segmentation\Rat24\Mask\Thermal_30.png,480,640,..\Data For Segmentation\Rat24\CSV\Thermal_30_CSV.csv,"(640, 480)",
Rat24,Rat24\Thermal Imaging\Thermal_31.jpg,..\Data For Segmentation\Rat24\Thermal Imaging\Thermal_31.jpg,Thermal_31.jpg,480,640,..\Data For Segmentation\Rat24\Mask\Thermal_31.png,480,640,..\Data For Segmentation\Rat24\CSV\Thermal_31_CSV.csv,"(640, 480)",
Rat24,Rat24\Thermal Imaging\Thermal_32.jpg,..\Data For Segmentation\Rat24\Thermal Imaging\Thermal_32.jpg,Thermal_32.jpg,480,640,..\Data For Segmentation\Rat24\Mask\Thermal_32.png,480,640,..\Data For Segmentation\Rat24\CSV\Thermal_32_CSV.csv,"(640, 480)",
Rat24,Rat24\Thermal Imaging\Thermal_33.jpg,..\Data For Segmentation\Rat24\Thermal Imaging\Thermal_33.jpg,Thermal_33.jpg,480,640,..\Data For Segmentation\Rat24\Mask\Thermal_33.png,480,640,..\Data For Segmentation\Rat24\CSV\Thermal_33_CSV.csv,"(640, 480)",
Rat24,Rat24\Thermal Imaging\Thermal_34.jpg,..\Data For Segmentation\Rat24\Thermal Imaging\Thermal_34.jpg,Thermal_34.jpg,480,640,..\Data For Segmentation\Rat24\Mask\Thermal_34.png,480,640,..\Data For Segmentation\Rat24\CSV\Thermal_34_CSV.csv,"(640, 480)",
Rat24,Rat24\Thermal Imaging\Thermal_35.jpg,..\Data For Segmentation\Rat24\Thermal Imaging\Thermal_35.jpg,Thermal_35.jpg,480,640,..\Data For Segmentation\Rat24\Mask\Thermal_35.png,480,640,..\Data For Segmentation\Rat24\CSV\Thermal_35_CSV.csv,"(640, 480)",
Rat24,Rat24\Thermal Imaging\Thermal_36.jpg,..\Data For Segmentation\Rat24\Thermal Imaging\Thermal_36.jpg,Thermal_36.jpg,480,640,..\Data For Segmentation\Rat24\Mask\Thermal_36.png,480,640,..\Data For Segmentation\Rat24\CSV\Thermal_36_CSV.csv,"(640, 480)",
Rat24,Rat24\Thermal Imaging\Thermal_37.jpg,..\Data For Segmentation\Rat24\Thermal Imaging\Thermal_37.jpg,Thermal_37.jpg,480,640,..\Data For Segmentation\Rat24\Mask\Thermal_37.png,480,640,..\Data For Segmentation\Rat24\CSV\Thermal_37_CSV.csv,"(640, 480)",
Rat24,Rat24\Thermal Imaging\Thermal_38.jpg,..\Data For Segmentation\Rat24\Thermal Imaging\Thermal_38.jpg,Thermal_38.jpg,480,640,..\Data For Segmentation\Rat24\Mask\Thermal_38.png,480,640,..\Data For Segmentation\Rat24\CSV\Thermal_38_CSV.csv,"(640, 480)",
Rat24,Rat24\Thermal Imaging\Thermal_39.jpg,..\Data For Segmentation\Rat24\Thermal Imaging\Thermal_39.jpg,Thermal_39.jpg,480,640,..\Data For Segmentation\Rat24\Mask\Thermal_39.png,480,640,..\Data For Segmentation\Rat24\CSV\Thermal_39_CSV.csv,"(640, 480)",
Rat24,Rat24\Thermal Imaging\Thermal_4.png,..\Data For Segmentation\Rat24\Thermal Imaging\Thermal_4.png,Thermal_4.png,480,640,..\Data For Segmentation\Rat24\Mask\Thermal_4.png,480,640,..\Data For Segmentation\Rat24\CSV\Thermal_4_CSV.csv,"(640, 480)",
Rat24,Rat24\Thermal Imaging\Thermal_40.jpg,..\Data For Segmentation\Rat24\Thermal Imaging\Thermal_40.jpg,Thermal_40.jpg,480,640,..\Data For Segmentation\Rat24\Mask\Thermal_40.png,480,640,..\Data For Segmentation\Rat24\CSV\Thermal_40_CSV.csv,"(640, 480)",
Rat24,Rat24\Thermal Imaging\Thermal_41.jpg,..\Data For Segmentation\Rat24\Thermal Imaging\Thermal_41.jpg,Thermal_41.jpg,480,640,..\Data For Segmentation\Rat24\Mask\Thermal_41.png,480,640,..\Data For Segmentation\Rat24\CSV\Thermal_41_CSV.csv,"(640, 480)",
Rat24,Rat24\Thermal Imaging\Thermal_42.jpg,..\Data For Segmentation\Rat24\Thermal Imaging\Thermal_42.jpg,Thermal_42.jpg,480,640,..\Data For Segmentation\Rat24\Mask\Thermal_42.png,480,640,..\Data For Segmentation\Rat24\CSV\Thermal_42_CSV.csv,"(640, 480)",
Rat24,Rat24\Thermal Imaging\Thermal_43.jpg,..\Data For Segmentation\Rat24\Thermal Imaging\Thermal_43.jpg,Thermal_43.jpg,480,640,..\Data For Segmentation\Rat24\Mask\Thermal_43.png,480,640,..\Data For Segmentation\Rat24\CSV\Thermal_43_CSV.csv,"(640, 480)",
Rat24,Rat24\Thermal Imaging\Thermal_44.jpg,..\Data For Segmentation\Rat24\Thermal Imaging\Thermal_44.jpg,Thermal_44.jpg,480,640,..\Data For Segmentation\Rat24\Mask\Thermal_44.png,480,640,..\Data For Segmentation\Rat24\CSV\Thermal_44_CSV.csv,"(640, 480)",
Rat24,Rat24\Thermal Imaging\Thermal_45.jpg,..\Data For Segmentation\Rat24\Thermal Imaging\Thermal_45.jpg,Thermal_45.jpg,480,640,..\Data For Segmentation\Rat24\Mask\Thermal_45.png,480,640,..\Data For Segmentation\Rat24\CSV\Thermal_45_CSV.csv,"(640, 480)",
Rat24,Rat24\Thermal Imaging\Thermal_46.jpg,..\Data For Segmentation\Rat24\Thermal Imaging\Thermal_46.jpg,Thermal_46.jpg,480,640,..\Data For Segmentation\Rat24\Mask\Thermal_46.png,480,640,..\Data For Segmentation\Rat24\CSV\Thermal_46_CSV.csv,"(640, 480)",
Rat24,Rat24\Thermal Imaging\Thermal_47.jpg,..\Data For Segmentation\Rat24\Thermal Imaging\Thermal_47.jpg,Thermal_47.jpg,480,640,..\Data For Segmentation\Rat24\Mask\Thermal_47.png,480,640,..\Data For Segmentation\Rat24\CSV\Thermal_47_CSV.csv,"(640, 480)",
Rat24,Rat24\Thermal Imaging\Thermal_48.jpg,..\Data For Segmentation\Rat24\Thermal Imaging\Thermal_48.jpg,Thermal_48.jpg,480,640,..\Data For Segmentation\Rat24\Mask\Thermal_48.png,480,640,..\Data For Segmentation\Rat24\CSV\Thermal_48_CSV.csv,"(640, 480)",
Rat24,Rat24\Thermal Imaging\Thermal_49.jpg,..\Data For Segmentation\Rat24\Thermal Imaging\Thermal_49.jpg,Thermal_49.jpg,480,640,..\Data For Segmentation\Rat24\Mask\Thermal_49.png,480,640,..\Data For Segmentation\Rat24\CSV\Thermal_49_CSV.csv,"(640, 480)",
Rat24,Rat24\Thermal Imaging\Thermal_5.png,..\Data For Segmentation\Rat24\Thermal Imaging\Thermal_5.png,Thermal_5.png,480,640,..\Data For Segmentation\Rat24\Mask\Thermal_5.png,480,640,..\Data For Segmentation\Rat24\CSV\Thermal_5_CSV.csv,"(640, 480)",
Rat24,Rat24\Thermal Imaging\Thermal_50.jpg,..\Data For Segmentation\Rat24\Thermal Imaging\Thermal_50.jpg,Thermal_50.jpg,480,640,..\Data For Segmentation\Rat24\Mask\Thermal_50.png,480,640,..\Data For Segmentation\Rat24\CSV\Thermal_50_CSV.csv,"(640, 480)",
Rat24,Rat24\Thermal Imaging\Thermal_51.jpg,..\Data For Segmentation\Rat24\Thermal Imaging\Thermal_51.jpg,Thermal_51.jpg,480,640,..\Data For Segmentation\Rat24\Mask\Thermal_51.png,480,640,..\Data For Segmentation\Rat24\CSV\Thermal_51_CSV.csv,"(640, 480)",
Rat24,Rat24\Thermal Imaging\Thermal_52.jpg,..\Data For Segmentation\Rat24\Thermal Imaging\Thermal_52.jpg,Thermal_52.jpg,480,640,..\Data For Segmentation\Rat24\Mask\Thermal_52.png,480,640,..\Data For Segmentation\Rat24\CSV\Thermal_52_CSV.csv,"(640, 480)",
Rat24,Rat24\Thermal Imaging\Thermal_53.jpg,..\Data For Segmentation\Rat24\Thermal Imaging\Thermal_53.jpg,Thermal_53.jpg,480,640,..\Data For Segmentation\Rat24\Mask\Thermal_53.png,480,640,..\Data For Segmentation\Rat24\CSV\Thermal_53_CSV.csv,"(640, 480)",
Rat24,Rat24\Thermal Imaging\Thermal_54.jpg,..\Data For Segmentation\Rat24\Thermal Imaging\Thermal_54.jpg,Thermal_54.jpg,480,640,..\Data For Segmentation\Rat24\Mask\Thermal_54.png,480,640,..\Data For Segmentation\Rat24\CSV\Thermal_54_CSV.csv,"(640, 480)",
Rat24,Rat24\Thermal Imaging\Thermal_55.jpg,..\Data For Segmentation\Rat24\Thermal Imaging\Thermal_55.jpg,Thermal_55.jpg,480,640,..\Data For Segmentation\Rat24\Mask\Thermal_55.png,480,640,..\Data For Segmentation\Rat24\CSV\Thermal_55_CSV.csv,"(640, 480)",
Rat24,Rat24\Thermal Imaging\Thermal_56.jpg,..\Data For Segmentation\Rat24\Thermal Imaging\Thermal_56.jpg,Thermal_56.jpg,480,640,..\Data For Segmentation\Rat24\Mask\Thermal_56.png,480,640,..\Data For Segmentation\Rat24\CSV\Thermal_56_CSV.csv,"(640, 480)",
Rat24,Rat24\Thermal Imaging\Thermal_57.jpg,..\Data For Segmentation\Rat24\Thermal Imaging\Thermal_57.jpg,Thermal_57.jpg,480,640,..\Data For Segmentation\Rat24\Mask\Thermal_57.png,480,640,..\Data For Segmentation\Rat24\CSV\Thermal_57_CSV.csv,"(640, 480)",
Rat24,Rat24\Thermal Imaging\Thermal_58.jpg,..\Data For Segmentation\Rat24\Thermal Imaging\Thermal_58.jpg,Thermal_58.jpg,480,640,..\Data For Segmentation\Rat24\Mask\Thermal_58.png,480,640,..\Data For Segmentation\Rat24\CSV\Thermal_58_CSV.csv,"(640, 480)",
Rat24,Rat24\Thermal Imaging\Thermal_59.jpg,..\Data For Segmentation\Rat24\Thermal Imaging\Thermal_59.jpg,Thermal_59.jpg,480,640,..\Data For Segmentation\Rat24\Mask\Thermal_59.png,480,640,..\Data For Segmentation\Rat24\CSV\Thermal_59_CSV.csv,"(640, 480)",
Rat24,Rat24\Thermal Imaging\Thermal_6.png,..\Data For Segmentation\Rat24\Thermal Imaging\Thermal_6.png,Thermal_6.png,480,640,..\Data For Segmentation\Rat24\Mask\Thermal_6.png,480,640,..\Data For Segmentation\Rat24\CSV\Thermal_6_CSV.csv,"(640, 480)",
Rat24,Rat24\Thermal Imaging\Thermal_60.jpg,..\Data For Segmentation\Rat24\Thermal Imaging\Thermal_60.jpg,Thermal_60.jpg,480,640,..\Data For Segmentation\Rat24\Mask\Thermal_60.png,480,640,..\Data For Segmentation\Rat24\CSV\Thermal_60_CSV.csv,"(640, 480)",
Rat24,Rat24\Thermal Imaging\Thermal_61.jpg,..\Data For Segmentation\Rat24\Thermal Imaging\Thermal_61.jpg,Thermal_61.jpg,480,640,..\Data For Segmentation\Rat24\Mask\Thermal_61.png,480,640,..\Data For Segmentation\Rat24\CSV\Thermal_61_CSV.csv,"(640, 480)",
Rat24,Rat24\Thermal Imaging\Thermal_62.jpg,..\Data For Segmentation\Rat24\Thermal Imaging\Thermal_62.jpg,Thermal_62.jpg,480,640,..\Data For Segmentation\Rat24\Mask\Thermal_62.png,480,640,..\Data For Segmentation\Rat24\CSV\Thermal_62_CSV.csv,"(640, 480)",
Rat24,Rat24\Thermal Imaging\Thermal_63.jpg,..\Data For Segmentation\Rat24\Thermal Imaging\Thermal_63.jpg,Thermal_63.jpg,480,640,..\Data For Segmentation\Rat24\Mask\Thermal_63.png,480,640,..\Data For Segmentation\Rat24\CSV\Thermal_63_CSV.csv,"(640, 480)",
Rat24,Rat24\Thermal Imaging\Thermal_64.jpg,..\Data For Segmentation\Rat24\Thermal Imaging\Thermal_64.jpg,Thermal_64.jpg,480,640,..\Data For Segmentation\Rat24\Mask\Thermal_64.png,480,640,..\Data For Segmentation\Rat24\CSV\Thermal_64_CSV.csv,"(640, 480)",
Rat24,Rat24\Thermal Imaging\Thermal_65.jpg,..\Data For Segmentation\Rat24\Thermal Imaging\Thermal_65.jpg,Thermal_65.jpg,480,640,..\Data For Segmentation\Rat24\Mask\Thermal_65.png,480,640,..\Data For Segmentation\Rat24\CSV\Thermal_65_CSV.csv,"(640, 480)",
Rat24,Rat24\Thermal Imaging\Thermal_66.jpg,..\Data For Segmentation\Rat24\Thermal Imaging\Thermal_66.jpg,Thermal_66.jpg,480,640,..\Data For Segmentation\Rat24\Mask\Thermal_66.png,480,640,..\Data For Segmentation\Rat24\CSV\Thermal_66_CSV.csv,"(640, 480)",
Rat24,Rat24\Thermal Imaging\Thermal_67.jpg,..\Data For Segmentation\Rat24\Thermal Imaging\Thermal_67.jpg,Thermal_67.jpg,480,640,..\Data For Segmentation\Rat24\Mask\Thermal_67.png,480,640,..\Data For Segmentation\Rat24\CSV\Thermal_67_CSV.csv,"(640, 480)",
Rat24,Rat24\Thermal Imaging\Thermal_68.jpg,..\Data For Segmentation\Rat24\Thermal Imaging\Thermal_68.jpg,Thermal_68.jpg,480,640,..\Data For Segmentation\Rat24\Mask\Thermal_68.png,480,640,..\Data For Segmentation\Rat24\CSV\Thermal_68_CSV.csv,"(640, 480)",
Rat24,Rat24\Thermal Imaging\Thermal_69.jpg,..\Data For Segmentation\Rat24\Thermal Imaging\Thermal_69.jpg,Thermal_69.jpg,480,640,..\Data For Segmentation\Rat24\Mask\Thermal_69.png,480,640,..\Data For Segmentation\Rat24\CSV\Thermal_69_CSV.csv,"(640, 480)",
Rat24,Rat24\Thermal Imaging\Thermal_7.png,..\Data For Segmentation\Rat24\Thermal Imaging\Thermal_7.png,Thermal_7.png,480,640,..\Data For Segmentation\Rat24\Mask\Thermal_7.png,480,640,..\Data For Segmentation\Rat24\CSV\Thermal_7_CSV.csv,"(640, 480)",
Rat24,Rat24\Thermal Imaging\Thermal_70.jpg,..\Data For Segmentation\Rat24\Thermal Imaging\Thermal_70.jpg,Thermal_70.jpg,480,640,..\Data For Segmentation\Rat24\Mask\Thermal_70.png,480,640,..\Data For Segmentation\Rat24\CSV\Thermal_70_CSV.csv,"(640, 480)",
Rat24,Rat24\Thermal Imaging\Thermal_71.jpg,..\Data For Segmentation\Rat24\Thermal Imaging\Thermal_71.jpg,Thermal_71.jpg,480,640,..\Data For Segmentation\Rat24\Mask\Thermal_71.png,480,640,..\Data For Segmentation\Rat24\CSV\Thermal_71_CSV.csv,"(640, 480)",
Rat24,Rat24\Thermal Imaging\Thermal_72.jpg,..\Data For Segmentation\Rat24\Thermal Imaging\Thermal_72.jpg,Thermal_72.jpg,480,640,..\Data For Segmentation\Rat24\Mask\Thermal_72.png,480,640,..\Data For Segmentation\Rat24\CSV\Thermal_72_CSV.csv,"(640, 480)",
Rat24,Rat24\Thermal Imaging\Thermal_73.jpg,..\Data For Segmentation\Rat24\Thermal Imaging\Thermal_73.jpg,Thermal_73.jpg,480,640,..\Data For Segmentation\Rat24\Mask\Thermal_73.png,480,640,..\Data For Segmentation\Rat24\CSV\Thermal_73_CSV.csv,"(640, 480)",
Rat24,Rat24\Thermal Imaging\Thermal_74.jpg,..\Data For Segmentation\Rat24\Thermal Imaging\Thermal_74.jpg,Thermal_74.jpg,480,640,..\Data For Segmentation\Rat24\Mask\Thermal_74.png,480,640,..\Data For Segmentation\Rat24\CSV\Thermal_74_CSV.csv,"(640, 480)",
Rat24,Rat24\Thermal Imaging\Thermal_75.jpg,..\Data For Segmentation\Rat24\Thermal Imaging\Thermal_75.jpg,Thermal_75.jpg,480,640,..\Data For Segmentation\Rat24\Mask\Thermal_75.png,480,640,..\Data For Segmentation\Rat24\CSV\Thermal_75_CSV.csv,"(640, 480)",
Rat24,Rat24\Thermal Imaging\Thermal_76.jpg,..\Data For Segmentation\Rat24\Thermal Imaging\Thermal_76.jpg,Thermal_76.jpg,480,640,..\Data For Segmentation\Rat24\Mask\Thermal_76.png,480,640,..\Data For Segmentation\Rat24\CSV\Thermal_76_CSV.csv,"(640, 480)",
Rat24,Rat24\Thermal Imaging\Thermal_77.jpg,..\Data For Segmentation\Rat24\Thermal Imaging\Thermal_77.jpg,Thermal_77.jpg,480,640,..\Data For Segmentation\Rat24\Mask\Thermal_77.png,480,640,..\Data For Segmentation\Rat24\CSV\Thermal_77_CSV.csv,"(640, 480)",
Rat24,Rat24\Thermal Imaging\Thermal_78.jpg,..\Data For Segmentation\Rat24\Thermal Imaging\Thermal_78.jpg,Thermal_78.jpg,480,640,..\Data For Segmentation\Rat24\Mask\Thermal_78.png,480,640,..\Data For Segmentation\Rat24\CSV\Thermal_78_CSV.csv,"(640, 480)",
Rat24,Rat24\Thermal Imaging\Thermal_79.jpg,..\Data For Segmentation\Rat24\Thermal Imaging\Thermal_79.jpg,Thermal_79.jpg,480,640,..\Data For Segmentation\Rat24\Mask\Thermal_79.png,480,640,..\Data For Segmentation\Rat24\CSV\Thermal_79_CSV.csv,"(640, 480)",
Rat24,Rat24\Thermal Imaging\Thermal_8.png,..\Data For Segmentation\Rat24\Thermal Imaging\Thermal_8.png,Thermal_8.png,480,640,..\Data For Segmentation\Rat24\Mask\Thermal_8.png,480,640,..\Data For Segmentation\Rat24\CSV\Thermal_8_CSV.csv,"(640, 480)",
Rat24,Rat24\Thermal Imaging\Thermal_80.jpg,..\Data For Segmentation\Rat24\Thermal Imaging\Thermal_80.jpg,Thermal_80.jpg,480,640,..\Data For Segmentation\Rat24\Mask\Thermal_80.png,480,640,..\Data For Segmentation\Rat24\CSV\Thermal_80_CSV.csv,"(640, 480)",
Rat24,Rat24\Thermal Imaging\Thermal_81.jpg,..\Data For Segmentation\Rat24\Thermal Imaging\Thermal_81.jpg,Thermal_81.jpg,480,640,..\Data For Segmentation\Rat24\Mask\Thermal_81.png,480,640,..\Data For Segmentation\Rat24\CSV\Thermal_81_CSV.csv,"(640, 480)",
Rat24,Rat24\Thermal Imaging\Thermal_82.jpg,..\Data For Segmentation\Rat24\Thermal Imaging\Thermal_82.jpg,Thermal_82.jpg,480,640,..\Data For Segmentation\Rat24\Mask\Thermal_82.png,480,640,..\Data For Segmentation\Rat24\CSV\Thermal_82_CSV.csv,"(640, 480)",
Rat24,Rat24\Thermal Imaging\Thermal_83.jpg,..\Data For Segmentation\Rat24\Thermal Imaging\Thermal_83.jpg,Thermal_83.jpg,480,640,..\Data For Segmentation\Rat24\Mask\Thermal_83.png,480,640,..\Data For Segmentation\Rat24\CSV\Thermal_83_CSV.csv,"(640, 480)",
Rat24,Rat24\Thermal Imaging\Thermal_84.jpg,..\Data For Segmentation\Rat24\Thermal Imaging\Thermal_84.jpg,Thermal_84.jpg,480,640,..\Data For Segmentation\Rat24\Mask\Thermal_84.png,480,640,..\Data For Segmentation\Rat24\CSV\Thermal_84_CSV.csv,"(640, 480)",
Rat24,Rat24\Thermal Imaging\Thermal_85.jpg,..\Data For Segmentation\Rat24\Thermal Imaging\Thermal_85.jpg,Thermal_85.jpg,480,640,..\Data For Segmentation\Rat24\Mask\Thermal_85.png,480,640,..\Data For Segmentation\Rat24\CSV\Thermal_85_CSV.csv,"(640, 480)",
Rat24,Rat24\Thermal Imaging\Thermal_86.jpg,..\Data For Segmentation\Rat24\Thermal Imaging\Thermal_86.jpg,Thermal_86.jpg,480,640,..\Data For Segmentation\Rat24\Mask\Thermal_86.png,480,640,..\Data For Segmentation\Rat24\CSV\Thermal_86_CSV.csv,"(640, 480)",
Rat24,Rat24\Thermal Imaging\Thermal_87.jpg,..\Data For Segmentation\Rat24\Thermal Imaging\Thermal_87.jpg,Thermal_87.jpg,480,640,..\Data For Segmentation\Rat24\Mask\Thermal_87.png,480,640,..\Data For Segmentation\Rat24\CSV\Thermal_87_CSV.csv,"(640, 480)",
Rat24,Rat24\Thermal Imaging\Thermal_88.jpg,..\Data For Segmentation\Rat24\Thermal Imaging\Thermal_88.jpg,Thermal_88.jpg,480,640,..\Data For Segmentation\Rat24\Mask\Thermal_88.png,480,640,..\Data For Segmentation\Rat24\CSV\Thermal_88_CSV.csv,"(640, 480)",
Rat24,Rat24\Thermal Imaging\Thermal_89.jpg,..\Data For Segmentation\Rat24\Thermal Imaging\Thermal_89.jpg,Thermal_89.jpg,480,640,..\Data For Segmentation\Rat24\Mask\Thermal_89.png,480,640,..\Data For Segmentation\Rat24\CSV\Thermal_89_CSV.csv,"(640, 480)",
Rat24,Rat24\Thermal Imaging\Thermal_9.png,..\Data For Segmentation\Rat24\Thermal Imaging\Thermal_9.png,Thermal_9.png,480,640,..\Data For Segmentation\Rat24\Mask\Thermal_9.png,480,640,..\Data For Segmentation\Rat24\CSV\Thermal_9_CSV.csv,"(640, 480)",
Rat24,Rat24\Thermal Imaging\Thermal_90.jpg,..\Data For Segmentation\Rat24\Thermal Imaging\Thermal_90.jpg,Thermal_90.jpg,480,640,..\Data For Segmentation\Rat24\Mask\Thermal_90.png,480,640,..\Data For Segmentation\Rat24\CSV\Thermal_90_CSV.csv,"(640, 480)",
Rat24,Rat24\Thermal Imaging\Thermal_91.jpg,..\Data For Segmentation\Rat24\Thermal Imaging\Thermal_91.jpg,Thermal_91.jpg,480,640,..\Data For Segmentation\Rat24\Mask\Thermal_91.png,480,640,..\Data For Segmentation\Rat24\CSV\Thermal_91_CSV.csv,"(640, 480)",
Rat24,Rat24\Thermal Imaging\Thermal_92.jpg,..\Data For Segmentation\Rat24\Thermal Imaging\Thermal_92.jpg,Thermal_92.jpg,480,640,..\Data For Segmentation\Rat24\Mask\Thermal_92.png,480,640,..\Data For Segmentation\Rat24\CSV\Thermal_92_CSV.csv,"(640, 480)",
Rat24,Rat24\Thermal Imaging\Thermal_93.jpg,..\Data For Segmentation\Rat24\Thermal Imaging\Thermal_93.jpg,Thermal_93.jpg,480,640,..\Data For Segmentation\Rat24\Mask\Thermal_93.png,480,640,..\Data For Segmentation\Rat24\CSV\Thermal_93_CSV.csv,"(640, 480)",
Rat24,Rat24\Thermal Imaging\Thermal_94.jpg,..\Data For Segmentation\Rat24\Thermal Imaging\Thermal_94.jpg,Thermal_94.jpg,480,640,..\Data For Segmentation\Rat24\Mask\Thermal_94.png,480,640,..\Data For Segmentation\Rat24\CSV\Thermal_94_CSV.csv,"(640, 480)",
Rat24,Rat24\Thermal Imaging\Thermal_95.jpg,..\Data For Segmentation\Rat24\Thermal Imaging\Thermal_95.jpg,Thermal_95.jpg,480,640,..\Data For Segmentation\Rat24\Mask\Thermal_95.png,480,640,..\Data For Segmentation\Rat24\CSV\Thermal_95_CSV.csv,"(640, 480)",
Rat24,Rat24\Thermal Imaging\Thermal_96.jpg,..\Data For Segmentation\Rat24\Thermal Imaging\Thermal_96.jpg,Thermal_96.jpg,480,640,..\Data For Segmentation\Rat24\Mask\Thermal_96.png,480,640,..\Data For Segmentation\Rat24\CSV\Thermal_96_CSV.csv,"(640, 480)",
Rat24,Rat24\Thermal Imaging\Thermal_97.jpg,..\Data For Segmentation\Rat24\Thermal Imaging\Thermal_97.jpg,Thermal_97.jpg,480,640,..\Data For Segmentation\Rat24\Mask\Thermal_97.png,480,640,..\Data For Segmentation\Rat24\CSV\Thermal_97_CSV.csv,"(640, 480)",
Rat24,Rat24\Thermal Imaging\Thermal_98.jpg,..\Data For Segmentation\Rat24\Thermal Imaging\Thermal_98.jpg,Thermal_98.jpg,480,640,..\Data For Segmentation\Rat24\Mask\Thermal_98.png,480,640,..\Data For Segmentation\Rat24\CSV\Thermal_98_CSV.csv,"(640, 480)",
Rat24,Rat24\Thermal Imaging\Thermal_99.jpg,..\Data For Segmentation\Rat24\Thermal Imaging\Thermal_99.jpg,Thermal_99.jpg,480,640,..\Data For Segmentation\Rat24\Mask\Thermal_99.png,480,640,..\Data For Segmentation\Rat24\CSV\Thermal_99_CSV.csv,"(640, 480)",
Rat25,Rat25\Thermal Imaging\Thermal_1.png,..\Data For Segmentation\Rat25\Thermal Imaging\Thermal_1.png,Thermal_1.png,480,640,..\Data For Segmentation\Rat25\Mask\Thermal_1.png,480,640,..\Data For Segmentation\Rat25\CSV\Thermal_1_CSV.csv,"(640, 480)",
Rat25,Rat25\Thermal Imaging\Thermal_10.png,..\Data For Segmentation\Rat25\Thermal Imaging\Thermal_10.png,Thermal_10.png,480,640,..\Data For Segmentation\Rat25\Mask\Thermal_10.png,480,640,..\Data For Segmentation\Rat25\CSV\Thermal_10_CSV.csv,"(640, 480)",
Rat25,Rat25\Thermal Imaging\Thermal_100.jpg,..\Data For Segmentation\Rat25\Thermal Imaging\Thermal_100.jpg,Thermal_100.jpg,480,640,..\Data For Segmentation\Rat25\Mask\Thermal_100.png,480,640,..\Data For Segmentation\Rat25\CSV\Thermal_100_CSV.csv,"(640, 480)",
Rat25,Rat25\Thermal Imaging\Thermal_101.jpg,..\Data For Segmentation\Rat25\Thermal Imaging\Thermal_101.jpg,Thermal_101.jpg,480,640,..\Data For Segmentation\Rat25\Mask\Thermal_101.png,480,640,..\Data For Segmentation\Rat25\CSV\Thermal_101_CSV.csv,"(640, 480)",
Rat25,Rat25\Thermal Imaging\Thermal_102.jpg,..\Data For Segmentation\Rat25\Thermal Imaging\Thermal_102.jpg,Thermal_102.jpg,480,640,..\Data For Segmentation\Rat25\Mask\Thermal_102.png,480,640,..\Data For Segmentation\Rat25\CSV\Thermal_102_CSV.csv,"(640, 480)",
Rat25,Rat25\Thermal Imaging\Thermal_103.jpg,..\Data For Segmentation\Rat25\Thermal Imaging\Thermal_103.jpg,Thermal_103.jpg,480,640,..\Data For Segmentation\Rat25\Mask\Thermal_103.png,480,640,..\Data For Segmentation\Rat25\CSV\Thermal_103_CSV.csv,"(640, 480)",
Rat25,Rat25\Thermal Imaging\Thermal_104.jpg,..\Data For Segmentation\Rat25\Thermal Imaging\Thermal_104.jpg,Thermal_104.jpg,480,640,..\Data For Segmentation\Rat25\Mask\Thermal_104.png,480,640,..\Data For Segmentation\Rat25\CSV\Thermal_104_CSV.csv,"(640, 480)",
Rat25,Rat25\Thermal Imaging\Thermal_105.jpg,..\Data For Segmentation\Rat25\Thermal Imaging\Thermal_105.jpg,Thermal_105.jpg,480,640,..\Data For Segmentation\Rat25\Mask\Thermal_105.png,480,640,..\Data For Segmentation\Rat25\CSV\Thermal_105_CSV.csv,"(640, 480)",
Rat25,Rat25\Thermal Imaging\Thermal_106.jpg,..\Data For Segmentation\Rat25\Thermal Imaging\Thermal_106.jpg,Thermal_106.jpg,480,640,..\Data For Segmentation\Rat25\Mask\Thermal_106.png,480,640,..\Data For Segmentation\Rat25\CSV\Thermal_106_CSV.csv,"(640, 480)",
Rat25,Rat25\Thermal Imaging\Thermal_107.jpg,..\Data For Segmentation\Rat25\Thermal Imaging\Thermal_107.jpg,Thermal_107.jpg,480,640,..\Data For Segmentation\Rat25\Mask\Thermal_107.png,480,640,..\Data For Segmentation\Rat25\CSV\Thermal_107_CSV.csv,"(640, 480)",
Rat25,Rat25\Thermal Imaging\Thermal_108.jpg,..\Data For Segmentation\Rat25\Thermal Imaging\Thermal_108.jpg,Thermal_108.jpg,480,640,..\Data For Segmentation\Rat25\Mask\Thermal_108.png,480,640,..\Data For Segmentation\Rat25\CSV\Thermal_108_CSV.csv,"(640, 480)",
Rat25,Rat25\Thermal Imaging\Thermal_109.jpg,..\Data For Segmentation\Rat25\Thermal Imaging\Thermal_109.jpg,Thermal_109.jpg,480,640,..\Data For Segmentation\Rat25\Mask\Thermal_109.png,480,640,..\Data For Segmentation\Rat25\CSV\Thermal_109_CSV.csv,"(640, 480)",
Rat25,Rat25\Thermal Imaging\Thermal_11.png,..\Data For Segmentation\Rat25\Thermal Imaging\Thermal_11.png,Thermal_11.png,480,640,..\Data For Segmentation\Rat25\Mask\Thermal_11.png,480,640,..\Data For Segmentation\Rat25\CSV\Thermal_11_CSV.csv,"(640, 480)",
Rat25,Rat25\Thermal Imaging\Thermal_110.jpg,..\Data For Segmentation\Rat25\Thermal Imaging\Thermal_110.jpg,Thermal_110.jpg,480,640,..\Data For Segmentation\Rat25\Mask\Thermal_110.png,480,640,..\Data For Segmentation\Rat25\CSV\Thermal_110_CSV.csv,"(640, 480)",
Rat25,Rat25\Thermal Imaging\Thermal_111.jpg,..\Data For Segmentation\Rat25\Thermal Imaging\Thermal_111.jpg,Thermal_111.jpg,480,640,..\Data For Segmentation\Rat25\Mask\Thermal_111.png,480,640,..\Data For Segmentation\Rat25\CSV\Thermal_111_CSV.csv,"(640, 480)",
Rat25,Rat25\Thermal Imaging\Thermal_112.jpg,..\Data For Segmentation\Rat25\Thermal Imaging\Thermal_112.jpg,Thermal_112.jpg,480,640,..\Data For Segmentation\Rat25\Mask\Thermal_112.png,480,640,..\Data For Segmentation\Rat25\CSV\Thermal_112_CSV.csv,"(640, 480)",
Rat25,Rat25\Thermal Imaging\Thermal_113.jpg,..\Data For Segmentation\Rat25\Thermal Imaging\Thermal_113.jpg,Thermal_113.jpg,480,640,..\Data For Segmentation\Rat25\Mask\Thermal_113.png,480,640,..\Data For Segmentation\Rat25\CSV\Thermal_113_CSV.csv,"(640, 480)",
Rat25,Rat25\Thermal Imaging\Thermal_119.jpg,..\Data For Segmentation\Rat25\Thermal Imaging\Thermal_119.jpg,Thermal_119.jpg,480,640,..\Data For Segmentation\Rat25\Mask\Thermal_119.png,480,640,..\Data For Segmentation\Rat25\CSV\Thermal_119_CSV.csv,"(640, 480)",
Rat25,Rat25\Thermal Imaging\Thermal_120.jpg,..\Data For Segmentation\Rat25\Thermal Imaging\Thermal_120.jpg,Thermal_120.jpg,480,640,..\Data For Segmentation\Rat25\Mask\Thermal_120.png,480,640,..\Data For Segmentation\Rat25\CSV\Thermal_120_CSV.csv,"(640, 480)",
Rat25,Rat25\Thermal Imaging\Thermal_121.jpg,..\Data For Segmentation\Rat25\Thermal Imaging\Thermal_121.jpg,Thermal_121.jpg,480,640,..\Data For Segmentation\Rat25\Mask\Thermal_121.png,480,640,..\Data For Segmentation\Rat25\CSV\Thermal_121_CSV.csv,"(640, 480)",
Rat25,Rat25\Thermal Imaging\Thermal_122.jpg,..\Data For Segmentation\Rat25\Thermal Imaging\Thermal_122.jpg,Thermal_122.jpg,480,640,..\Data For Segmentation\Rat25\Mask\Thermal_122.png,480,640,..\Data For Segmentation\Rat25\CSV\Thermal_122_CSV.csv,"(640, 480)",
Rat25,Rat25\Thermal Imaging\Thermal_123.jpg,..\Data For Segmentation\Rat25\Thermal Imaging\Thermal_123.jpg,Thermal_123.jpg,480,640,..\Data For Segmentation\Rat25\Mask\Thermal_123.png,480,640,..\Data For Segmentation\Rat25\CSV\Thermal_123_CSV.csv,"(640, 480)",
Rat25,Rat25\Thermal Imaging\Thermal_124.jpg,..\Data For Segmentation\Rat25\Thermal Imaging\Thermal_124.jpg,Thermal_124.jpg,480,640,..\Data For Segmentation\Rat25\Mask\Thermal_124.png,480,640,..\Data For Segmentation\Rat25\CSV\Thermal_124_CSV.csv,"(640, 480)",
Rat25,Rat25\Thermal Imaging\Thermal_125.jpg,..\Data For Segmentation\Rat25\Thermal Imaging\Thermal_125.jpg,Thermal_125.jpg,480,640,..\Data For Segmentation\Rat25\Mask\Thermal_125.png,480,640,..\Data For Segmentation\Rat25\CSV\Thermal_125_CSV.csv,"(640, 480)",
Rat25,Rat25\Thermal Imaging\Thermal_126.jpg,..\Data For Segmentation\Rat25\Thermal Imaging\Thermal_126.jpg,Thermal_126.jpg,480,640,..\Data For Segmentation\Rat25\Mask\Thermal_126.png,480,640,..\Data For Segmentation\Rat25\CSV\Thermal_126_CSV.csv,"(640, 480)",
Rat25,Rat25\Thermal Imaging\Thermal_127.jpg,..\Data For Segmentation\Rat25\Thermal Imaging\Thermal_127.jpg,Thermal_127.jpg,480,640,..\Data For Segmentation\Rat25\Mask\Thermal_127.png,480,640,..\Data For Segmentation\Rat25\CSV\Thermal_127_CSV.csv,"(640, 480)",
Rat25,Rat25\Thermal Imaging\Thermal_128.jpg,..\Data For Segmentation\Rat25\Thermal Imaging\Thermal_128.jpg,Thermal_128.jpg,480,640,..\Data For Segmentation\Rat25\Mask\Thermal_128.png,480,640,..\Data For Segmentation\Rat25\CSV\Thermal_128_CSV.csv,"(640, 480)",
Rat25,Rat25\Thermal Imaging\Thermal_129.jpg,..\Data For Segmentation\Rat25\Thermal Imaging\Thermal_129.jpg,Thermal_129.jpg,480,640,..\Data For Segmentation\Rat25\Mask\Thermal_129.png,480,640,..\Data For Segmentation\Rat25\CSV\Thermal_129_CSV.csv,"(640, 480)",
Rat25,Rat25\Thermal Imaging\Thermal_13.jpg,..\Data For Segmentation\Rat25\Thermal Imaging\Thermal_13.jpg,Thermal_13.jpg,480,640,..\Data For Segmentation\Rat25\Mask\Thermal_13.png,480,640,..\Data For Segmentation\Rat25\CSV\Thermal_13_CSV.csv,"(640, 480)",
Rat25,Rat25\Thermal Imaging\Thermal_130.jpg,..\Data For Segmentation\Rat25\Thermal Imaging\Thermal_130.jpg,Thermal_130.jpg,480,640,..\Data For Segmentation\Rat25\Mask\Thermal_130.png,480,640,..\Data For Segmentation\Rat25\CSV\Thermal_130_CSV.csv,"(640, 480)",
Rat25,Rat25\Thermal Imaging\Thermal_131.jpg,..\Data For Segmentation\Rat25\Thermal Imaging\Thermal_131.jpg,Thermal_131.jpg,480,640,..\Data For Segmentation\Rat25\Mask\Thermal_131.png,480,640,..\Data For Segmentation\Rat25\CSV\Thermal_131_CSV.csv,"(640, 480)",
Rat25,Rat25\Thermal Imaging\Thermal_132.jpg,..\Data For Segmentation\Rat25\Thermal Imaging\Thermal_132.jpg,Thermal_132.jpg,480,640,..\Data For Segmentation\Rat25\Mask\Thermal_132.png,480,640,..\Data For Segmentation\Rat25\CSV\Thermal_132_CSV.csv,"(640, 480)",
Rat25,Rat25\Thermal Imaging\Thermal_133.jpg,..\Data For Segmentation\Rat25\Thermal Imaging\Thermal_133.jpg,Thermal_133.jpg,480,640,..\Data For Segmentation\Rat25\Mask\Thermal_133.png,480,640,..\Data For Segmentation\Rat25\CSV\Thermal_133_CSV.csv,"(640, 480)",
Rat25,Rat25\Thermal Imaging\Thermal_134.jpg,..\Data For Segmentation\Rat25\Thermal Imaging\Thermal_134.jpg,Thermal_134.jpg,480,640,..\Data For Segmentation\Rat25\Mask\Thermal_134.png,480,640,..\Data For Segmentation\Rat25\CSV\Thermal_134_CSV.csv,"(640, 480)",
Rat25,Rat25\Thermal Imaging\Thermal_135.jpg,..\Data For Segmentation\Rat25\Thermal Imaging\Thermal_135.jpg,Thermal_135.jpg,480,640,..\Data For Segmentation\Rat25\Mask\Thermal_135.png,480,640,..\Data For Segmentation\Rat25\CSV\Thermal_135_CSV.csv,"(640, 480)",
Rat25,Rat25\Thermal Imaging\Thermal_136.jpg,..\Data For Segmentation\Rat25\Thermal Imaging\Thermal_136.jpg,Thermal_136.jpg,480,640,..\Data For Segmentation\Rat25\Mask\Thermal_136.png,480,640,..\Data For Segmentation\Rat25\CSV\Thermal_136_CSV.csv,"(640, 480)",
Rat25,Rat25\Thermal Imaging\Thermal_137.jpg,..\Data For Segmentation\Rat25\Thermal Imaging\Thermal_137.jpg,Thermal_137.jpg,480,640,..\Data For Segmentation\Rat25\Mask\Thermal_137.png,480,640,..\Data For Segmentation\Rat25\CSV\Thermal_137_CSV.csv,"(640, 480)",
Rat25,Rat25\Thermal Imaging\Thermal_138.jpg,..\Data For Segmentation\Rat25\Thermal Imaging\Thermal_138.jpg,Thermal_138.jpg,480,640,..\Data For Segmentation\Rat25\Mask\Thermal_138.png,480,640,..\Data For Segmentation\Rat25\CSV\Thermal_138_CSV.csv,"(640, 480)",
Rat25,Rat25\Thermal Imaging\Thermal_139.jpg,..\Data For Segmentation\Rat25\Thermal Imaging\Thermal_139.jpg,Thermal_139.jpg,480,640,..\Data For Segmentation\Rat25\Mask\Thermal_139.png,480,640,..\Data For Segmentation\Rat25\CSV\Thermal_139_CSV.csv,"(640, 480)",
Rat25,Rat25\Thermal Imaging\Thermal_14.jpg,..\Data For Segmentation\Rat25\Thermal Imaging\Thermal_14.jpg,Thermal_14.jpg,480,640,..\Data For Segmentation\Rat25\Mask\Thermal_14.png,480,640,..\Data For Segmentation\Rat25\CSV\Thermal_14_CSV.csv,"(640, 480)",
Rat25,Rat25\Thermal Imaging\Thermal_140.jpg,..\Data For Segmentation\Rat25\Thermal Imaging\Thermal_140.jpg,Thermal_140.jpg,480,640,..\Data For Segmentation\Rat25\Mask\Thermal_140.png,480,640,..\Data For Segmentation\Rat25\CSV\Thermal_140_CSV.csv,"(640, 480)",
Rat25,Rat25\Thermal Imaging\Thermal_141.jpg,..\Data For Segmentation\Rat25\Thermal Imaging\Thermal_141.jpg,Thermal_141.jpg,480,640,..\Data For Segmentation\Rat25\Mask\Thermal_141.png,480,640,..\Data For Segmentation\Rat25\CSV\Thermal_141_CSV.csv,"(640, 480)",
Rat25,Rat25\Thermal Imaging\Thermal_142.jpg,..\Data For Segmentation\Rat25\Thermal Imaging\Thermal_142.jpg,Thermal_142.jpg,480,640,..\Data For Segmentation\Rat25\Mask\Thermal_142.png,480,640,..\Data For Segmentation\Rat25\CSV\Thermal_142_CSV.csv,"(640, 480)",
Rat25,Rat25\Thermal Imaging\Thermal_143.jpg,..\Data For Segmentation\Rat25\Thermal Imaging\Thermal_143.jpg,Thermal_143.jpg,480,640,..\Data For Segmentation\Rat25\Mask\Thermal_143.png,480,640,..\Data For Segmentation\Rat25\CSV\Thermal_143_CSV.csv,"(640, 480)",
Rat25,Rat25\Thermal Imaging\Thermal_144.jpg,..\Data For Segmentation\Rat25\Thermal Imaging\Thermal_144.jpg,Thermal_144.jpg,480,640,..\Data For Segmentation\Rat25\Mask\Thermal_144.png,480,640,..\Data For Segmentation\Rat25\CSV\Thermal_144_CSV.csv,"(640, 480)",
Rat25,Rat25\Thermal Imaging\Thermal_145.jpg,..\Data For Segmentation\Rat25\Thermal Imaging\Thermal_145.jpg,Thermal_145.jpg,480,640,..\Data For Segmentation\Rat25\Mask\Thermal_145.png,480,640,..\Data For Segmentation\Rat25\CSV\Thermal_145_CSV.csv,"(640, 480)",
Rat25,Rat25\Thermal Imaging\Thermal_146.jpg,..\Data For Segmentation\Rat25\Thermal Imaging\Thermal_146.jpg,Thermal_146.jpg,480,640,..\Data For Segmentation\Rat25\Mask\Thermal_146.png,480,640,..\Data For Segmentation\Rat25\CSV\Thermal_146_CSV.csv,"(640, 480)",
Rat25,Rat25\Thermal Imaging\Thermal_147.jpg,..\Data For Segmentation\Rat25\Thermal Imaging\Thermal_147.jpg,Thermal_147.jpg,480,640,..\Data For Segmentation\Rat25\Mask\Thermal_147.png,480,640,..\Data For Segmentation\Rat25\CSV\Thermal_147_CSV.csv,"(640, 480)",
Rat25,Rat25\Thermal Imaging\Thermal_148.jpg,..\Data For Segmentation\Rat25\Thermal Imaging\Thermal_148.jpg,Thermal_148.jpg,480,640,..\Data For Segmentation\Rat25\Mask\Thermal_148.png,480,640,..\Data For Segmentation\Rat25\CSV\Thermal_148_CSV.csv,"(640, 480)",
Rat25,Rat25\Thermal Imaging\Thermal_149.jpg,..\Data For Segmentation\Rat25\Thermal Imaging\Thermal_149.jpg,Thermal_149.jpg,480,640,..\Data For Segmentation\Rat25\Mask\Thermal_149.png,480,640,..\Data For Segmentation\Rat25\CSV\Thermal_149_CSV.csv,"(640, 480)",
Rat25,Rat25\Thermal Imaging\Thermal_15.jpg,..\Data For Segmentation\Rat25\Thermal Imaging\Thermal_15.jpg,Thermal_15.jpg,480,640,..\Data For Segmentation\Rat25\Mask\Thermal_15.png,480,640,..\Data For Segmentation\Rat25\CSV\Thermal_15_CSV.csv,"(640, 480)",
Rat25,Rat25\Thermal Imaging\Thermal_150.jpg,..\Data For Segmentation\Rat25\Thermal Imaging\Thermal_150.jpg,Thermal_150.jpg,480,640,..\Data For Segmentation\Rat25\Mask\Thermal_150.png,480,640,..\Data For Segmentation\Rat25\CSV\Thermal_150_CSV.csv,"(640, 480)",
Rat25,Rat25\Thermal Imaging\Thermal_151.jpg,..\Data For Segmentation\Rat25\Thermal Imaging\Thermal_151.jpg,Thermal_151.jpg,480,640,..\Data For Segmentation\Rat25\Mask\Thermal_151.png,480,640,..\Data For Segmentation\Rat25\CSV\Thermal_151_CSV.csv,"(640, 480)",
Rat25,Rat25\Thermal Imaging\Thermal_152.jpg,..\Data For Segmentation\Rat25\Thermal Imaging\Thermal_152.jpg,Thermal_152.jpg,480,640,..\Data For Segmentation\Rat25\Mask\Thermal_152.png,480,640,..\Data For Segmentation\Rat25\CSV\Thermal_152_CSV.csv,"(640, 480)",
Rat25,Rat25\Thermal Imaging\Thermal_153.jpg,..\Data For Segmentation\Rat25\Thermal Imaging\Thermal_153.jpg,Thermal_153.jpg,480,640,..\Data For Segmentation\Rat25\Mask\Thermal_153.png,480,640,..\Data For Segmentation\Rat25\CSV\Thermal_153_CSV.csv,"(640, 480)",
Rat25,Rat25\Thermal Imaging\Thermal_154.jpg,..\Data For Segmentation\Rat25\Thermal Imaging\Thermal_154.jpg,Thermal_154.jpg,480,640,..\Data For Segmentation\Rat25\Mask\Thermal_154.png,480,640,..\Data For Segmentation\Rat25\CSV\Thermal_154_CSV.csv,"(640, 480)",
Rat25,Rat25\Thermal Imaging\Thermal_155.jpg,..\Data For Segmentation\Rat25\Thermal Imaging\Thermal_155.jpg,Thermal_155.jpg,480,640,..\Data For Segmentation\Rat25\Mask\Thermal_155.png,480,640,..\Data For Segmentation\Rat25\CSV\Thermal_155_CSV.csv,"(640, 480)",
Rat25,Rat25\Thermal Imaging\Thermal_156.jpg,..\Data For Segmentation\Rat25\Thermal Imaging\Thermal_156.jpg,Thermal_156.jpg,480,640,..\Data For Segmentation\Rat25\Mask\Thermal_156.png,480,640,..\Data For Segmentation\Rat25\CSV\Thermal_156_CSV.csv,"(640, 480)",
Rat25,Rat25\Thermal Imaging\Thermal_157.jpg,..\Data For Segmentation\Rat25\Thermal Imaging\Thermal_157.jpg,Thermal_157.jpg,480,640,..\Data For Segmentation\Rat25\Mask\Thermal_157.png,480,640,..\Data For Segmentation\Rat25\CSV\Thermal_157_CSV.csv,"(640, 480)",
Rat25,Rat25\Thermal Imaging\Thermal_158.jpg,..\Data For Segmentation\Rat25\Thermal Imaging\Thermal_158.jpg,Thermal_158.jpg,480,640,..\Data For Segmentation\Rat25\Mask\Thermal_158.png,480,640,..\Data For Segmentation\Rat25\CSV\Thermal_158_CSV.csv,"(640, 480)",
Rat25,Rat25\Thermal Imaging\Thermal_159.jpg,..\Data For Segmentation\Rat25\Thermal Imaging\Thermal_159.jpg,Thermal_159.jpg,480,640,..\Data For Segmentation\Rat25\Mask\Thermal_159.png,480,640,..\Data For Segmentation\Rat25\CSV\Thermal_159_CSV.csv,"(640, 480)",
Rat25,Rat25\Thermal Imaging\Thermal_16.jpg,..\Data For Segmentation\Rat25\Thermal Imaging\Thermal_16.jpg,Thermal_16.jpg,480,640,..\Data For Segmentation\Rat25\Mask\Thermal_16.png,480,640,..\Data For Segmentation\Rat25\CSV\Thermal_16_CSV.csv,"(640, 480)",
Rat25,Rat25\Thermal Imaging\Thermal_160.jpg,..\Data For Segmentation\Rat25\Thermal Imaging\Thermal_160.jpg,Thermal_160.jpg,480,640,..\Data For Segmentation\Rat25\Mask\Thermal_160.png,480,640,..\Data For Segmentation\Rat25\CSV\Thermal_160_CSV.csv,"(640, 480)",
Rat25,Rat25\Thermal Imaging\Thermal_161.jpg,..\Data For Segmentation\Rat25\Thermal Imaging\Thermal_161.jpg,Thermal_161.jpg,480,640,..\Data For Segmentation\Rat25\Mask\Thermal_161.png,480,640,..\Data For Segmentation\Rat25\CSV\Thermal_161_CSV.csv,"(640, 480)",
Rat25,Rat25\Thermal Imaging\Thermal_162.jpg,..\Data For Segmentation\Rat25\Thermal Imaging\Thermal_162.jpg,Thermal_162.jpg,480,640,..\Data For Segmentation\Rat25\Mask\Thermal_162.png,480,640,..\Data For Segmentation\Rat25\CSV\Thermal_162_CSV.csv,"(640, 480)",
Rat25,Rat25\Thermal Imaging\Thermal_163.jpg,..\Data For Segmentation\Rat25\Thermal Imaging\Thermal_163.jpg,Thermal_163.jpg,480,640,..\Data For Segmentation\Rat25\Mask\Thermal_163.png,480,640,..\Data For Segmentation\Rat25\CSV\Thermal_163_CSV.csv,"(640, 480)",
Rat25,Rat25\Thermal Imaging\Thermal_164.jpg,..\Data For Segmentation\Rat25\Thermal Imaging\Thermal_164.jpg,Thermal_164.jpg,480,640,..\Data For Segmentation\Rat25\Mask\Thermal_164.png,480,640,..\Data For Segmentation\Rat25\CSV\Thermal_164_CSV.csv,"(640, 480)",
Rat25,Rat25\Thermal Imaging\Thermal_165.jpg,..\Data For Segmentation\Rat25\Thermal Imaging\Thermal_165.jpg,Thermal_165.jpg,480,640,..\Data For Segmentation\Rat25\Mask\Thermal_165.png,480,640,..\Data For Segmentation\Rat25\CSV\Thermal_165_CSV.csv,"(640, 480)",
Rat25,Rat25\Thermal Imaging\Thermal_17.jpg,..\Data For Segmentation\Rat25\Thermal Imaging\Thermal_17.jpg,Thermal_17.jpg,480,640,..\Data For Segmentation\Rat25\Mask\Thermal_17.png,480,640,..\Data For Segmentation\Rat25\CSV\Thermal_17_CSV.csv,"(640, 480)",
Rat25,Rat25\Thermal Imaging\Thermal_18.jpg,..\Data For Segmentation\Rat25\Thermal Imaging\Thermal_18.jpg,Thermal_18.jpg,480,640,..\Data For Segmentation\Rat25\Mask\Thermal_18.png,480,640,..\Data For Segmentation\Rat25\CSV\Thermal_18_CSV.csv,"(640, 480)",
Rat25,Rat25\Thermal Imaging\Thermal_19.jpg,..\Data For Segmentation\Rat25\Thermal Imaging\Thermal_19.jpg,Thermal_19.jpg,480,640,..\Data For Segmentation\Rat25\Mask\Thermal_19.png,480,640,..\Data For Segmentation\Rat25\CSV\Thermal_19_CSV.csv,"(640, 480)",
Rat25,Rat25\Thermal Imaging\Thermal_2.png,..\Data For Segmentation\Rat25\Thermal Imaging\Thermal_2.png,Thermal_2.png,480,640,..\Data For Segmentation\Rat25\Mask\Thermal_2.png,480,640,..\Data For Segmentation\Rat25\CSV\Thermal_2_CSV.csv,"(640, 480)",
Rat25,Rat25\Thermal Imaging\Thermal_20.jpg,..\Data For Segmentation\Rat25\Thermal Imaging\Thermal_20.jpg,Thermal_20.jpg,480,640,..\Data For Segmentation\Rat25\Mask\Thermal_20.png,480,640,..\Data For Segmentation\Rat25\CSV\Thermal_20_CSV.csv,"(640, 480)",
Rat25,Rat25\Thermal Imaging\Thermal_21.jpg,..\Data For Segmentation\Rat25\Thermal Imaging\Thermal_21.jpg,Thermal_21.jpg,480,640,..\Data For Segmentation\Rat25\Mask\Thermal_21.png,480,640,..\Data For Segmentation\Rat25\CSV\Thermal_21_CSV.csv,"(640, 480)",
Rat25,Rat25\Thermal Imaging\Thermal_22.jpg,..\Data For Segmentation\Rat25\Thermal Imaging\Thermal_22.jpg,Thermal_22.jpg,480,640,..\Data For Segmentation\Rat25\Mask\Thermal_22.png,480,640,..\Data For Segmentation\Rat25\CSV\Thermal_22_CSV.csv,"(640, 480)",
Rat25,Rat25\Thermal Imaging\Thermal_23.jpg,..\Data For Segmentation\Rat25\Thermal Imaging\Thermal_23.jpg,Thermal_23.jpg,480,640,..\Data For Segmentation\Rat25\Mask\Thermal_23.png,480,640,..\Data For Segmentation\Rat25\CSV\Thermal_23_CSV.csv,"(640, 480)",
Rat25,Rat25\Thermal Imaging\Thermal_24.jpg,..\Data For Segmentation\Rat25\Thermal Imaging\Thermal_24.jpg,Thermal_24.jpg,480,640,..\Data For Segmentation\Rat25\Mask\Thermal_24.png,480,640,..\Data For Segmentation\Rat25\CSV\Thermal_24_CSV.csv,"(640, 480)",
Rat25,Rat25\Thermal Imaging\Thermal_25.jpg,..\Data For Segmentation\Rat25\Thermal Imaging\Thermal_25.jpg,Thermal_25.jpg,480,640,..\Data For Segmentation\Rat25\Mask\Thermal_25.png,480,640,..\Data For Segmentation\Rat25\CSV\Thermal_25_CSV.csv,"(640, 480)",
Rat25,Rat25\Thermal Imaging\Thermal_26.jpg,..\Data For Segmentation\Rat25\Thermal Imaging\Thermal_26.jpg,Thermal_26.jpg,480,640,..\Data For Segmentation\Rat25\Mask\Thermal_26.png,480,640,..\Data For Segmentation\Rat25\CSV\Thermal_26_CSV.csv,"(640, 480)",
Rat25,Rat25\Thermal Imaging\Thermal_27.jpg,..\Data For Segmentation\Rat25\Thermal Imaging\Thermal_27.jpg,Thermal_27.jpg,480,640,..\Data For Segmentation\Rat25\Mask\Thermal_27.png,480,640,..\Data For Segmentation\Rat25\CSV\Thermal_27_CSV.csv,"(640, 480)",
Rat25,Rat25\Thermal Imaging\Thermal_28.jpg,..\Data For Segmentation\Rat25\Thermal Imaging\Thermal_28.jpg,Thermal_28.jpg,480,640,..\Data For Segmentation\Rat25\Mask\Thermal_28.png,480,640,..\Data For Segmentation\Rat25\CSV\Thermal_28_CSV.csv,"(640, 480)",
Rat25,Rat25\Thermal Imaging\Thermal_29.jpg,..\Data For Segmentation\Rat25\Thermal Imaging\Thermal_29.jpg,Thermal_29.jpg,480,640,..\Data For Segmentation\Rat25\Mask\Thermal_29.png,480,640,..\Data For Segmentation\Rat25\CSV\Thermal_29_CSV.csv,"(640, 480)",
Rat25,Rat25\Thermal Imaging\Thermal_3.png,..\Data For Segmentation\Rat25\Thermal Imaging\Thermal_3.png,Thermal_3.png,480,640,..\Data For Segmentation\Rat25\Mask\Thermal_3.png,480,640,..\Data For Segmentation\Rat25\CSV\Thermal_3_CSV.csv,"(640, 480)",
Rat25,Rat25\Thermal Imaging\Thermal_30.jpg,..\Data For Segmentation\Rat25\Thermal Imaging\Thermal_30.jpg,Thermal_30.jpg,480,640,..\Data For Segmentation\Rat25\Mask\Thermal_30.png,480,640,..\Data For Segmentation\Rat25\CSV\Thermal_30_CSV.csv,"(640, 480)",
Rat25,Rat25\Thermal Imaging\Thermal_31.jpg,..\Data For Segmentation\Rat25\Thermal Imaging\Thermal_31.jpg,Thermal_31.jpg,480,640,..\Data For Segmentation\Rat25\Mask\Thermal_31.png,480,640,..\Data For Segmentation\Rat25\CSV\Thermal_31_CSV.csv,"(640, 480)",
Rat25,Rat25\Thermal Imaging\Thermal_32.jpg,..\Data For Segmentation\Rat25\Thermal Imaging\Thermal_32.jpg,Thermal_32.jpg,480,640,..\Data For Segmentation\Rat25\Mask\Thermal_32.png,480,640,..\Data For Segmentation\Rat25\CSV\Thermal_32_CSV.csv,"(640, 480)",
Rat25,Rat25\Thermal Imaging\Thermal_33.jpg,..\Data For Segmentation\Rat25\Thermal Imaging\Thermal_33.jpg,Thermal_33.jpg,480,640,..\Data For Segmentation\Rat25\Mask\Thermal_33.png,480,640,..\Data For Segmentation\Rat25\CSV\Thermal_33_CSV.csv,"(640, 480)",
Rat25,Rat25\Thermal Imaging\Thermal_36.jpg,..\Data For Segmentation\Rat25\Thermal Imaging\Thermal_36.jpg,Thermal_36.jpg,480,640,..\Data For Segmentation\Rat25\Mask\Thermal_36.png,480,640,..\Data For Segmentation\Rat25\CSV\Thermal_36_CSV.csv,"(640, 480)",
Rat25,Rat25\Thermal Imaging\Thermal_37.jpg,..\Data For Segmentation\Rat25\Thermal Imaging\Thermal_37.jpg,Thermal_37.jpg,480,640,..\Data For Segmentation\Rat25\Mask\Thermal_37.png,480,640,..\Data For Segmentation\Rat25\CSV\Thermal_37_CSV.csv,"(640, 480)",
Rat25,Rat25\Thermal Imaging\Thermal_38.jpg,..\Data For Segmentation\Rat25\Thermal Imaging\Thermal_38.jpg,Thermal_38.jpg,480,640,..\Data For Segmentation\Rat25\Mask\Thermal_38.png,480,640,..\Data For Segmentation\Rat25\CSV\Thermal_38_CSV.csv,"(640, 480)",
Rat25,Rat25\Thermal Imaging\Thermal_39.jpg,..\Data For Segmentation\Rat25\Thermal Imaging\Thermal_39.jpg,Thermal_39.jpg,480,640,..\Data For Segmentation\Rat25\Mask\Thermal_39.png,480,640,..\Data For Segmentation\Rat25\CSV\Thermal_39_CSV.csv,"(640, 480)",
Rat25,Rat25\Thermal Imaging\Thermal_4.png,..\Data For Segmentation\Rat25\Thermal Imaging\Thermal_4.png,Thermal_4.png,480,640,..\Data For Segmentation\Rat25\Mask\Thermal_4.png,480,640,..\Data For Segmentation\Rat25\CSV\Thermal_4_CSV.csv,"(640, 480)",
Rat25,Rat25\Thermal Imaging\Thermal_40.jpg,..\Data For Segmentation\Rat25\Thermal Imaging\Thermal_40.jpg,Thermal_40.jpg,480,640,..\Data For Segmentation\Rat25\Mask\Thermal_40.png,480,640,..\Data For Segmentation\Rat25\CSV\Thermal_40_CSV.csv,"(640, 480)",
Rat25,Rat25\Thermal Imaging\Thermal_41.jpg,..\Data For Segmentation\Rat25\Thermal Imaging\Thermal_41.jpg,Thermal_41.jpg,480,640,..\Data For Segmentation\Rat25\Mask\Thermal_41.png,480,640,..\Data For Segmentation\Rat25\CSV\Thermal_41_CSV.csv,"(640, 480)",
Rat25,Rat25\Thermal Imaging\Thermal_42.jpg,..\Data For Segmentation\Rat25\Thermal Imaging\Thermal_42.jpg,Thermal_42.jpg,480,640,..\Data For Segmentation\Rat25\Mask\Thermal_42.png,480,640,..\Data For Segmentation\Rat25\CSV\Thermal_42_CSV.csv,"(640, 480)",
Rat25,Rat25\Thermal Imaging\Thermal_43.jpg,..\Data For Segmentation\Rat25\Thermal Imaging\Thermal_43.jpg,Thermal_43.jpg,480,640,..\Data For Segmentation\Rat25\Mask\Thermal_43.png,480,640,..\Data For Segmentation\Rat25\CSV\Thermal_43_CSV.csv,"(640, 480)",
Rat25,Rat25\Thermal Imaging\Thermal_44.jpg,..\Data For Segmentation\Rat25\Thermal Imaging\Thermal_44.jpg,Thermal_44.jpg,480,640,..\Data For Segmentation\Rat25\Mask\Thermal_44.png,480,640,..\Data For Segmentation\Rat25\CSV\Thermal_44_CSV.csv,"(640, 480)",
Rat25,Rat25\Thermal Imaging\Thermal_45.jpg,..\Data For Segmentation\Rat25\Thermal Imaging\Thermal_45.jpg,Thermal_45.jpg,480,640,..\Data For Segmentation\Rat25\Mask\Thermal_45.png,480,640,..\Data For Segmentation\Rat25\CSV\Thermal_45_CSV.csv,"(640, 480)",
Rat25,Rat25\Thermal Imaging\Thermal_46.jpg,..\Data For Segmentation\Rat25\Thermal Imaging\Thermal_46.jpg,Thermal_46.jpg,480,640,..\Data For Segmentation\Rat25\Mask\Thermal_46.png,480,640,..\Data For Segmentation\Rat25\CSV\Thermal_46_CSV.csv,"(640, 480)",
Rat25,Rat25\Thermal Imaging\Thermal_47.jpg,..\Data For Segmentation\Rat25\Thermal Imaging\Thermal_47.jpg,Thermal_47.jpg,480,640,..\Data For Segmentation\Rat25\Mask\Thermal_47.png,480,640,..\Data For Segmentation\Rat25\CSV\Thermal_47_CSV.csv,"(640, 480)",
Rat25,Rat25\Thermal Imaging\Thermal_48.jpg,..\Data For Segmentation\Rat25\Thermal Imaging\Thermal_48.jpg,Thermal_48.jpg,480,640,..\Data For Segmentation\Rat25\Mask\Thermal_48.png,480,640,..\Data For Segmentation\Rat25\CSV\Thermal_48_CSV.csv,"(640, 480)",
Rat25,Rat25\Thermal Imaging\Thermal_49.jpg,..\Data For Segmentation\Rat25\Thermal Imaging\Thermal_49.jpg,Thermal_49.jpg,480,640,..\Data For Segmentation\Rat25\Mask\Thermal_49.png,480,640,..\Data For Segmentation\Rat25\CSV\Thermal_49_CSV.csv,"(640, 480)",
Rat25,Rat25\Thermal Imaging\Thermal_5.png,..\Data For Segmentation\Rat25\Thermal Imaging\Thermal_5.png,Thermal_5.png,480,640,..\Data For Segmentation\Rat25\Mask\Thermal_5.png,480,640,..\Data For Segmentation\Rat25\CSV\Thermal_5_CSV.csv,"(640, 480)",
Rat25,Rat25\Thermal Imaging\Thermal_50.jpg,..\Data For Segmentation\Rat25\Thermal Imaging\Thermal_50.jpg,Thermal_50.jpg,480,640,..\Data For Segmentation\Rat25\Mask\Thermal_50.png,480,640,..\Data For Segmentation\Rat25\CSV\Thermal_50_CSV.csv,"(640, 480)",
Rat25,Rat25\Thermal Imaging\Thermal_51.jpg,..\Data For Segmentation\Rat25\Thermal Imaging\Thermal_51.jpg,Thermal_51.jpg,480,640,..\Data For Segmentation\Rat25\Mask\Thermal_51.png,480,640,..\Data For Segmentation\Rat25\CSV\Thermal_51_CSV.csv,"(640, 480)",
Rat25,Rat25\Thermal Imaging\Thermal_52.jpg,..\Data For Segmentation\Rat25\Thermal Imaging\Thermal_52.jpg,Thermal_52.jpg,480,640,..\Data For Segmentation\Rat25\Mask\Thermal_52.png,480,640,..\Data For Segmentation\Rat25\CSV\Thermal_52_CSV.csv,"(640, 480)",
Rat25,Rat25\Thermal Imaging\Thermal_53.jpg,..\Data For Segmentation\Rat25\Thermal Imaging\Thermal_53.jpg,Thermal_53.jpg,480,640,..\Data For Segmentation\Rat25\Mask\Thermal_53.png,480,640,..\Data For Segmentation\Rat25\CSV\Thermal_53_CSV.csv,"(640, 480)",
Rat25,Rat25\Thermal Imaging\Thermal_54.jpg,..\Data For Segmentation\Rat25\Thermal Imaging\Thermal_54.jpg,Thermal_54.jpg,480,640,..\Data For Segmentation\Rat25\Mask\Thermal_54.png,480,640,..\Data For Segmentation\Rat25\CSV\Thermal_54_CSV.csv,"(640, 480)",
Rat25,Rat25\Thermal Imaging\Thermal_55.jpg,..\Data For Segmentation\Rat25\Thermal Imaging\Thermal_55.jpg,Thermal_55.jpg,480,640,..\Data For Segmentation\Rat25\Mask\Thermal_55.png,480,640,..\Data For Segmentation\Rat25\CSV\Thermal_55_CSV.csv,"(640, 480)",
Rat25,Rat25\Thermal Imaging\Thermal_56.jpg,..\Data For Segmentation\Rat25\Thermal Imaging\Thermal_56.jpg,Thermal_56.jpg,480,640,..\Data For Segmentation\Rat25\Mask\Thermal_56.png,480,640,..\Data For Segmentation\Rat25\CSV\Thermal_56_CSV.csv,"(640, 480)",
Rat25,Rat25\Thermal Imaging\Thermal_57.jpg,..\Data For Segmentation\Rat25\Thermal Imaging\Thermal_57.jpg,Thermal_57.jpg,480,640,..\Data For Segmentation\Rat25\Mask\Thermal_57.png,480,640,..\Data For Segmentation\Rat25\CSV\Thermal_57_CSV.csv,"(640, 480)",
Rat25,Rat25\Thermal Imaging\Thermal_58.jpg,..\Data For Segmentation\Rat25\Thermal Imaging\Thermal_58.jpg,Thermal_58.jpg,480,640,..\Data For Segmentation\Rat25\Mask\Thermal_58.png,480,640,..\Data For Segmentation\Rat25\CSV\Thermal_58_CSV.csv,"(640, 480)",
Rat25,Rat25\Thermal Imaging\Thermal_59.jpg,..\Data For Segmentation\Rat25\Thermal Imaging\Thermal_59.jpg,Thermal_59.jpg,480,640,..\Data For Segmentation\Rat25\Mask\Thermal_59.png,480,640,..\Data For Segmentation\Rat25\CSV\Thermal_59_CSV.csv,"(640, 480)",
Rat25,Rat25\Thermal Imaging\Thermal_60.jpg,..\Data For Segmentation\Rat25\Thermal Imaging\Thermal_60.jpg,Thermal_60.jpg,480,640,..\Data For Segmentation\Rat25\Mask\Thermal_60.png,480,640,..\Data For Segmentation\Rat25\CSV\Thermal_60_CSV.csv,"(640, 480)",
Rat25,Rat25\Thermal Imaging\Thermal_61.jpg,..\Data For Segmentation\Rat25\Thermal Imaging\Thermal_61.jpg,Thermal_61.jpg,480,640,..\Data For Segmentation\Rat25\Mask\Thermal_61.png,480,640,..\Data For Segmentation\Rat25\CSV\Thermal_61_CSV.csv,"(640, 480)",
Rat25,Rat25\Thermal Imaging\Thermal_62.jpg,..\Data For Segmentation\Rat25\Thermal Imaging\Thermal_62.jpg,Thermal_62.jpg,480,640,..\Data For Segmentation\Rat25\Mask\Thermal_62.png,480,640,..\Data For Segmentation\Rat25\CSV\Thermal_62_CSV.csv,"(640, 480)",
Rat25,Rat25\Thermal Imaging\Thermal_63.jpg,..\Data For Segmentation\Rat25\Thermal Imaging\Thermal_63.jpg,Thermal_63.jpg,480,640,..\Data For Segmentation\Rat25\Mask\Thermal_63.png,480,640,..\Data For Segmentation\Rat25\CSV\Thermal_63_CSV.csv,"(640, 480)",
Rat25,Rat25\Thermal Imaging\Thermal_64.jpg,..\Data For Segmentation\Rat25\Thermal Imaging\Thermal_64.jpg,Thermal_64.jpg,480,640,..\Data For Segmentation\Rat25\Mask\Thermal_64.png,480,640,..\Data For Segmentation\Rat25\CSV\Thermal_64_CSV.csv,"(640, 480)",
Rat25,Rat25\Thermal Imaging\Thermal_65.jpg,..\Data For Segmentation\Rat25\Thermal Imaging\Thermal_65.jpg,Thermal_65.jpg,480,640,..\Data For Segmentation\Rat25\Mask\Thermal_65.png,480,640,..\Data For Segmentation\Rat25\CSV\Thermal_65_CSV.csv,"(640, 480)",
Rat25,Rat25\Thermal Imaging\Thermal_66.jpg,..\Data For Segmentation\Rat25\Thermal Imaging\Thermal_66.jpg,Thermal_66.jpg,480,640,..\Data For Segmentation\Rat25\Mask\Thermal_66.png,480,640,..\Data For Segmentation\Rat25\CSV\Thermal_66_CSV.csv,"(640, 480)",
Rat25,Rat25\Thermal Imaging\Thermal_67.jpg,..\Data For Segmentation\Rat25\Thermal Imaging\Thermal_67.jpg,Thermal_67.jpg,480,640,..\Data For Segmentation\Rat25\Mask\Thermal_67.png,480,640,..\Data For Segmentation\Rat25\CSV\Thermal_67_CSV.csv,"(640, 480)",
Rat25,Rat25\Thermal Imaging\Thermal_68.jpg,..\Data For Segmentation\Rat25\Thermal Imaging\Thermal_68.jpg,Thermal_68.jpg,480,640,..\Data For Segmentation\Rat25\Mask\Thermal_68.png,480,640,..\Data For Segmentation\Rat25\CSV\Thermal_68_CSV.csv,"(640, 480)",
Rat25,Rat25\Thermal Imaging\Thermal_69.jpg,..\Data For Segmentation\Rat25\Thermal Imaging\Thermal_69.jpg,Thermal_69.jpg,480,640,..\Data For Segmentation\Rat25\Mask\Thermal_69.png,480,640,..\Data For Segmentation\Rat25\CSV\Thermal_69_CSV.csv,"(640, 480)",
Rat25,Rat25\Thermal Imaging\Thermal_7.png,..\Data For Segmentation\Rat25\Thermal Imaging\Thermal_7.png,Thermal_7.png,640,480,..\Data For Segmentation\Rat25\Mask\Thermal_7.png,640,480,..\Data For Segmentation\Rat25\CSV\Thermal_7_CSV.csv,"(480, 640)",
Rat25,Rat25\Thermal Imaging\Thermal_70.jpg,..\Data For Segmentation\Rat25\Thermal Imaging\Thermal_70.jpg,Thermal_70.jpg,480,640,..\Data For Segmentation\Rat25\Mask\Thermal_70.png,480,640,..\Data For Segmentation\Rat25\CSV\Thermal_70_CSV.csv,"(640, 480)",
Rat25,Rat25\Thermal Imaging\Thermal_71.jpg,..\Data For Segmentation\Rat25\Thermal Imaging\Thermal_71.jpg,Thermal_71.jpg,480,640,..\Data For Segmentation\Rat25\Mask\Thermal_71.png,480,640,..\Data For Segmentation\Rat25\CSV\Thermal_71_CSV.csv,"(640, 480)",
Rat25,Rat25\Thermal Imaging\Thermal_73.jpg,..\Data For Segmentation\Rat25\Thermal Imaging\Thermal_73.jpg,Thermal_73.jpg,480,640,..\Data For Segmentation\Rat25\Mask\Thermal_73.png,480,640,..\Data For Segmentation\Rat25\CSV\Thermal_73_CSV.csv,"(640, 480)",
Rat25,Rat25\Thermal Imaging\Thermal_74.jpg,..\Data For Segmentation\Rat25\Thermal Imaging\Thermal_74.jpg,Thermal_74.jpg,480,640,..\Data For Segmentation\Rat25\Mask\Thermal_74.png,480,640,..\Data For Segmentation\Rat25\CSV\Thermal_74_CSV.csv,"(640, 480)",
Rat25,Rat25\Thermal Imaging\Thermal_75.jpg,..\Data For Segmentation\Rat25\Thermal Imaging\Thermal_75.jpg,Thermal_75.jpg,480,640,..\Data For Segmentation\Rat25\Mask\Thermal_75.png,480,640,..\Data For Segmentation\Rat25\CSV\Thermal_75_CSV.csv,"(640, 480)",
Rat25,Rat25\Thermal Imaging\Thermal_76.jpg,..\Data For Segmentation\Rat25\Thermal Imaging\Thermal_76.jpg,Thermal_76.jpg,480,640,..\Data For Segmentation\Rat25\Mask\Thermal_76.png,480,640,..\Data For Segmentation\Rat25\CSV\Thermal_76_CSV.csv,"(640, 480)",
Rat25,Rat25\Thermal Imaging\Thermal_77.jpg,..\Data For Segmentation\Rat25\Thermal Imaging\Thermal_77.jpg,Thermal_77.jpg,480,640,..\Data For Segmentation\Rat25\Mask\Thermal_77.png,480,640,..\Data For Segmentation\Rat25\CSV\Thermal_77_CSV.csv,"(640, 480)",
Rat25,Rat25\Thermal Imaging\Thermal_78.jpg,..\Data For Segmentation\Rat25\Thermal Imaging\Thermal_78.jpg,Thermal_78.jpg,480,640,..\Data For Segmentation\Rat25\Mask\Thermal_78.png,480,640,..\Data For Segmentation\Rat25\CSV\Thermal_78_CSV.csv,"(640, 480)",
Rat25,Rat25\Thermal Imaging\Thermal_79.jpg,..\Data For Segmentation\Rat25\Thermal Imaging\Thermal_79.jpg,Thermal_79.jpg,480,640,..\Data For Segmentation\Rat25\Mask\Thermal_79.png,480,640,..\Data For Segmentation\Rat25\CSV\Thermal_79_CSV.csv,"(640, 480)",
Rat25,Rat25\Thermal Imaging\Thermal_81.jpg,..\Data For Segmentation\Rat25\Thermal Imaging\Thermal_81.jpg,Thermal_81.jpg,480,640,..\Data For Segmentation\Rat25\Mask\Thermal_81.png,480,640,..\Data For Segmentation\Rat25\CSV\Thermal_81_CSV.csv,"(640, 480)",
Rat25,Rat25\Thermal Imaging\Thermal_82.jpg,..\Data For Segmentation\Rat25\Thermal Imaging\Thermal_82.jpg,Thermal_82.jpg,480,640,..\Data For Segmentation\Rat25\Mask\Thermal_82.png,480,640,..\Data For Segmentation\Rat25\CSV\Thermal_82_CSV.csv,"(640, 480)",
Rat25,Rat25\Thermal Imaging\Thermal_83.jpg,..\Data For Segmentation\Rat25\Thermal Imaging\Thermal_83.jpg,Thermal_83.jpg,480,640,..\Data For Segmentation\Rat25\Mask\Thermal_83.png,480,640,..\Data For Segmentation\Rat25\CSV\Thermal_83_CSV.csv,"(640, 480)",
Rat25,Rat25\Thermal Imaging\Thermal_84.jpg,..\Data For Segmentation\Rat25\Thermal Imaging\Thermal_84.jpg,Thermal_84.jpg,480,640,..\Data For Segmentation\Rat25\Mask\Thermal_84.png,480,640,..\Data For Segmentation\Rat25\CSV\Thermal_84_CSV.csv,"(640, 480)",
Rat25,Rat25\Thermal Imaging\Thermal_85.jpg,..\Data For Segmentation\Rat25\Thermal Imaging\Thermal_85.jpg,Thermal_85.jpg,480,640,..\Data For Segmentation\Rat25\Mask\Thermal_85.png,480,640,..\Data For Segmentation\Rat25\CSV\Thermal_85_CSV.csv,"(640, 480)",
Rat25,Rat25\Thermal Imaging\Thermal_86.jpg,..\Data For Segmentation\Rat25\Thermal Imaging\Thermal_86.jpg,Thermal_86.jpg,480,640,..\Data For Segmentation\Rat25\Mask\Thermal_86.png,480,640,..\Data For Segmentation\Rat25\CSV\Thermal_86_CSV.csv,"(640, 480)",
Rat25,Rat25\Thermal Imaging\Thermal_87.jpg,..\Data For Segmentation\Rat25\Thermal Imaging\Thermal_87.jpg,Thermal_87.jpg,480,640,..\Data For Segmentation\Rat25\Mask\Thermal_87.png,480,640,..\Data For Segmentation\Rat25\CSV\Thermal_87_CSV.csv,"(640, 480)",
Rat25,Rat25\Thermal Imaging\Thermal_88.jpg,..\Data For Segmentation\Rat25\Thermal Imaging\Thermal_88.jpg,Thermal_88.jpg,480,640,..\Data For Segmentation\Rat25\Mask\Thermal_88.png,480,640,..\Data For Segmentation\Rat25\CSV\Thermal_88_CSV.csv,"(640, 480)",
Rat25,Rat25\Thermal Imaging\Thermal_89.jpg,..\Data For Segmentation\Rat25\Thermal Imaging\Thermal_89.jpg,Thermal_89.jpg,480,640,..\Data For Segmentation\Rat25\Mask\Thermal_89.png,480,640,..\Data For Segmentation\Rat25\CSV\Thermal_89_CSV.csv,"(640, 480)",
Rat25,Rat25\Thermal Imaging\Thermal_9.png,..\Data For Segmentation\Rat25\Thermal Imaging\Thermal_9.png,Thermal_9.png,480,640,..\Data For Segmentation\Rat25\Mask\Thermal_9.png,480,640,..\Data For Segmentation\Rat25\CSV\Thermal_9_CSV.csv,"(640, 480)",
Rat25,Rat25\Thermal Imaging\Thermal_90.jpg,..\Data For Segmentation\Rat25\Thermal Imaging\Thermal_90.jpg,Thermal_90.jpg,480,640,..\Data For Segmentation\Rat25\Mask\Thermal_90.png,480,640,..\Data For Segmentation\Rat25\CSV\Thermal_90_CSV.csv,"(640, 480)",
Rat25,Rat25\Thermal Imaging\Thermal_91.jpg,..\Data For Segmentation\Rat25\Thermal Imaging\Thermal_91.jpg,Thermal_91.jpg,480,640,..\Data For Segmentation\Rat25\Mask\Thermal_91.png,480,640,..\Data For Segmentation\Rat25\CSV\Thermal_91_CSV.csv,"(640, 480)",
Rat25,Rat25\Thermal Imaging\Thermal_92.jpg,..\Data For Segmentation\Rat25\Thermal Imaging\Thermal_92.jpg,Thermal_92.jpg,480,640,..\Data For Segmentation\Rat25\Mask\Thermal_92.png,480,640,..\Data For Segmentation\Rat25\CSV\Thermal_92_CSV.csv,"(640, 480)",
Rat25,Rat25\Thermal Imaging\Thermal_93.jpg,..\Data For Segmentation\Rat25\Thermal Imaging\Thermal_93.jpg,Thermal_93.jpg,480,640,..\Data For Segmentation\Rat25\Mask\Thermal_93.png,480,640,..\Data For Segmentation\Rat25\CSV\Thermal_93_CSV.csv,"(640, 480)",
Rat25,Rat25\Thermal Imaging\Thermal_94.jpg,..\Data For Segmentation\Rat25\Thermal Imaging\Thermal_94.jpg,Thermal_94.jpg,480,640,..\Data For Segmentation\Rat25\Mask\Thermal_94.png,480,640,..\Data For Segmentation\Rat25\CSV\Thermal_94_CSV.csv,"(640, 480)",
Rat25,Rat25\Thermal Imaging\Thermal_95.jpg,..\Data For Segmentation\Rat25\Thermal Imaging\Thermal_95.jpg,Thermal_95.jpg,480,640,..\Data For Segmentation\Rat25\Mask\Thermal_95.png,480,640,..\Data For Segmentation\Rat25\CSV\Thermal_95_CSV.csv,"(640, 480)",
Rat25,Rat25\Thermal Imaging\Thermal_96.jpg,..\Data For Segmentation\Rat25\Thermal Imaging\Thermal_96.jpg,Thermal_96.jpg,480,640,..\Data For Segmentation\Rat25\Mask\Thermal_96.png,480,640,..\Data For Segmentation\Rat25\CSV\Thermal_96_CSV.csv,"(640, 480)",
Rat25,Rat25\Thermal Imaging\Thermal_97.jpg,..\Data For Segmentation\Rat25\Thermal Imaging\Thermal_97.jpg,Thermal_97.jpg,480,640,..\Data For Segmentation\Rat25\Mask\Thermal_97.png,480,640,..\Data For Segmentation\Rat25\CSV\Thermal_97_CSV.csv,"(640, 480)",
Rat25,Rat25\Thermal Imaging\Thermal_98.jpg,..\Data For Segmentation\Rat25\Thermal Imaging\Thermal_98.jpg,Thermal_98.jpg,480,640,..\Data For Segmentation\Rat25\Mask\Thermal_98.png,480,640,..\Data For Segmentation\Rat25\CSV\Thermal_98_CSV.csv,"(640, 480)",
Rat25,Rat25\Thermal Imaging\Thermal_99.jpg,..\Data For Segmentation\Rat25\Thermal Imaging\Thermal_99.jpg,Thermal_99.jpg,480,640,..\Data For Segmentation\Rat25\Mask\Thermal_99.png,480,640,..\Data For Segmentation\Rat25\CSV\Thermal_99_CSV.csv,"(640, 480)",
Rat3,Rat3\Thermal Imaging\Thermal_1.png,..\Data For Segmentation\Rat3\Thermal Imaging\Thermal_1.png,Thermal_1.png,480,640,..\Data For Segmentation\Rat3\Mask\Thermal_1.png,480,640,..\Data For Segmentation\Rat3\CSV\Thermal_1_CSV.csv,"(640, 480)",
Rat3,Rat3\Thermal Imaging\Thermal_10.png,..\Data For Segmentation\Rat3\Thermal Imaging\Thermal_10.png,Thermal_10.png,480,640,..\Data For Segmentation\Rat3\Mask\Thermal_10.png,480,640,..\Data For Segmentation\Rat3\CSV\Thermal_10_CSV.csv,"(640, 480)",
Rat3,Rat3\Thermal Imaging\Thermal_11.png,..\Data For Segmentation\Rat3\Thermal Imaging\Thermal_11.png,Thermal_11.png,480,640,..\Data For Segmentation\Rat3\Mask\Thermal_11.png,480,640,..\Data For Segmentation\Rat3\CSV\Thermal_11_CSV.csv,"(640, 480)",
Rat3,Rat3\Thermal Imaging\Thermal_12.png,..\Data For Segmentation\Rat3\Thermal Imaging\Thermal_12.png,Thermal_12.png,480,640,..\Data For Segmentation\Rat3\Mask\Thermal_12.png,480,640,..\Data For Segmentation\Rat3\CSV\Thermal_12_CSV.csv,"(640, 480)",
Rat3,Rat3\Thermal Imaging\Thermal_13.png,..\Data For Segmentation\Rat3\Thermal Imaging\Thermal_13.png,Thermal_13.png,480,640,..\Data For Segmentation\Rat3\Mask\Thermal_13.png,480,640,..\Data For Segmentation\Rat3\CSV\Thermal_13_CSV.csv,"(640, 480)",
Rat3,Rat3\Thermal Imaging\Thermal_14.png,..\Data For Segmentation\Rat3\Thermal Imaging\Thermal_14.png,Thermal_14.png,480,640,..\Data For Segmentation\Rat3\Mask\Thermal_14.png,480,640,..\Data For Segmentation\Rat3\CSV\Thermal_14_CSV.csv,"(640, 480)",
Rat3,Rat3\Thermal Imaging\Thermal_15.png,..\Data For Segmentation\Rat3\Thermal Imaging\Thermal_15.png,Thermal_15.png,480,640,..\Data For Segmentation\Rat3\Mask\Thermal_15.png,480,640,..\Data For Segmentation\Rat3\CSV\Thermal_15_CSV.csv,"(640, 480)",
Rat3,Rat3\Thermal Imaging\Thermal_16.png,..\Data For Segmentation\Rat3\Thermal Imaging\Thermal_16.png,Thermal_16.png,480,640,..\Data For Segmentation\Rat3\Mask\Thermal_16.png,480,640,..\Data For Segmentation\Rat3\CSV\Thermal_16_CSV.csv,"(640, 480)",
Rat3,Rat3\Thermal Imaging\Thermal_17.png,..\Data For Segmentation\Rat3\Thermal Imaging\Thermal_17.png,Thermal_17.png,480,640,..\Data For Segmentation\Rat3\Mask\Thermal_17.png,480,640,..\Data For Segmentation\Rat3\CSV\Thermal_17_CSV.csv,"(640, 480)",
Rat3,Rat3\Thermal Imaging\Thermal_18.png,..\Data For Segmentation\Rat3\Thermal Imaging\Thermal_18.png,Thermal_18.png,480,640,..\Data For Segmentation\Rat3\Mask\Thermal_18.png,480,640,..\Data For Segmentation\Rat3\CSV\Thermal_18_CSV.csv,"(640, 480)",
Rat3,Rat3\Thermal Imaging\Thermal_19.png,..\Data For Segmentation\Rat3\Thermal Imaging\Thermal_19.png,Thermal_19.png,480,640,..\Data For Segmentation\Rat3\Mask\Thermal_19.png,480,640,..\Data For Segmentation\Rat3\CSV\Thermal_19_CSV.csv,"(640, 480)",
Rat3,Rat3\Thermal Imaging\Thermal_2.png,..\Data For Segmentation\Rat3\Thermal Imaging\Thermal_2.png,Thermal_2.png,480,640,..\Data For Segmentation\Rat3\Mask\Thermal_2.png,480,640,..\Data For Segmentation\Rat3\CSV\Thermal_2_CSV.csv,"(640, 480)",
Rat3,Rat3\Thermal Imaging\Thermal_20.png,..\Data For Segmentation\Rat3\Thermal Imaging\Thermal_20.png,Thermal_20.png,480,640,..\Data For Segmentation\Rat3\Mask\Thermal_20.png,480,640,..\Data For Segmentation\Rat3\CSV\Thermal_20_CSV.csv,"(640, 480)",
Rat3,Rat3\Thermal Imaging\Thermal_21.png,..\Data For Segmentation\Rat3\Thermal Imaging\Thermal_21.png,Thermal_21.png,480,640,..\Data For Segmentation\Rat3\Mask\Thermal_21.png,480,640,..\Data For Segmentation\Rat3\CSV\Thermal_21_CSV.csv,"(640, 480)",
Rat3,Rat3\Thermal Imaging\Thermal_22.png,..\Data For Segmentation\Rat3\Thermal Imaging\Thermal_22.png,Thermal_22.png,480,640,..\Data For Segmentation\Rat3\Mask\Thermal_22.png,480,640,..\Data For Segmentation\Rat3\CSV\Thermal_22_CSV.csv,"(640, 480)",
Rat3,Rat3\Thermal Imaging\Thermal_23.png,..\Data For Segmentation\Rat3\Thermal Imaging\Thermal_23.png,Thermal_23.png,480,640,..\Data For Segmentation\Rat3\Mask\Thermal_23.png,480,640,..\Data For Segmentation\Rat3\CSV\Thermal_23_CSV.csv,"(640, 480)",
Rat3,Rat3\Thermal Imaging\Thermal_24.png,..\Data For Segmentation\Rat3\Thermal Imaging\Thermal_24.png,Thermal_24.png,480,640,..\Data For Segmentation\Rat3\Mask\Thermal_24.png,480,640,..\Data For Segmentation\Rat3\CSV\Thermal_24_CSV.csv,"(640, 480)",
Rat3,Rat3\Thermal Imaging\Thermal_25.png,..\Data For Segmentation\Rat3\Thermal Imaging\Thermal_25.png,Thermal_25.png,480,640,..\Data For Segmentation\Rat3\Mask\Thermal_25.png,480,640,..\Data For Segmentation\Rat3\CSV\Thermal_25_CSV.csv,"(640, 480)",
Rat3,Rat3\Thermal Imaging\Thermal_26.png,..\Data For Segmentation\Rat3\Thermal Imaging\Thermal_26.png,Thermal_26.png,480,640,..\Data For Segmentation\Rat3\Mask\Thermal_26.png,480,640,..\Data For Segmentation\Rat3\CSV\Thermal_26_CSV.csv,"(640, 480)",
Rat3,Rat3\Thermal Imaging\Thermal_27.png,..\Data For Segmentation\Rat3\Thermal Imaging\Thermal_27.png,Thermal_27.png,480,640,..\Data For Segmentation\Rat3\Mask\Thermal_27.png,480,640,..\Data For Segmentation\Rat3\CSV\Thermal_27_CSV.csv,"(640, 480)",
Rat3,Rat3\Thermal Imaging\Thermal_28.png,..\Data For Segmentation\Rat3\Thermal Imaging\Thermal_28.png,Thermal_28.png,480,640,..\Data For Segmentation\Rat3\Mask\Thermal_28.png,480,640,..\Data For Segmentation\Rat3\CSV\Thermal_28_CSV.csv,"(640, 480)",
Rat3,Rat3\Thermal Imaging\Thermal_29.png,..\Data For Segmentation\Rat3\Thermal Imaging\Thermal_29.png,Thermal_29.png,640,480,..\Data For Segmentation\Rat3\Mask\Thermal_29.png,640,480,..\Data For Segmentation\Rat3\CSV\Thermal_29_CSV.csv,"(480, 640)",
Rat3,Rat3\Thermal Imaging\Thermal_3.png,..\Data For Segmentation\Rat3\Thermal Imaging\Thermal_3.png,Thermal_3.png,480,640,..\Data For Segmentation\Rat3\Mask\Thermal_3.png,480,640,..\Data For Segmentation\Rat3\CSV\Thermal_3_CSV.csv,"(640, 480)",
Rat3,Rat3\Thermal Imaging\Thermal_30.png,..\Data For Segmentation\Rat3\Thermal Imaging\Thermal_30.png,Thermal_30.png,640,480,..\Data For Segmentation\Rat3\Mask\Thermal_30.png,640,480,..\Data For Segmentation\Rat3\CSV\Thermal_30_CSV.csv,"(480, 640)",
Rat3,Rat3\Thermal Imaging\Thermal_31.png,..\Data For Segmentation\Rat3\Thermal Imaging\Thermal_31.png,Thermal_31.png,480,640,..\Data For Segmentation\Rat3\Mask\Thermal_31.png,480,640,..\Data For Segmentation\Rat3\CSV\Thermal_31_CSV.csv,"(640, 480)",
Rat3,Rat3\Thermal Imaging\Thermal_32.png,..\Data For Segmentation\Rat3\Thermal Imaging\Thermal_32.png,Thermal_32.png,480,640,..\Data For Segmentation\Rat3\Mask\Thermal_32.png,480,640,..\Data For Segmentation\Rat3\CSV\Thermal_32_CSV.csv,"(640, 480)",
Rat3,Rat3\Thermal Imaging\Thermal_33.png,..\Data For Segmentation\Rat3\Thermal Imaging\Thermal_33.png,Thermal_33.png,480,640,..\Data For Segmentation\Rat3\Mask\Thermal_33.png,480,640,..\Data For Segmentation\Rat3\CSV\Thermal_33_CSV.csv,"(640, 480)",
Rat3,Rat3\Thermal Imaging\Thermal_34.png,..\Data For Segmentation\Rat3\Thermal Imaging\Thermal_34.png,Thermal_34.png,480,640,..\Data For Segmentation\Rat3\Mask\Thermal_34.png,480,640,..\Data For Segmentation\Rat3\CSV\Thermal_34_CSV.csv,"(640, 480)",
Rat3,Rat3\Thermal Imaging\Thermal_35.png,..\Data For Segmentation\Rat3\Thermal Imaging\Thermal_35.png,Thermal_35.png,480,640,..\Data For Segmentation\Rat3\Mask\Thermal_35.png,480,640,..\Data For Segmentation\Rat3\CSV\Thermal_35_CSV.csv,"(640, 480)",
Rat3,Rat3\Thermal Imaging\Thermal_36.png,..\Data For Segmentation\Rat3\Thermal Imaging\Thermal_36.png,Thermal_36.png,480,640,..\Data For Segmentation\Rat3\Mask\Thermal_36.png,480,640,..\Data For Segmentation\Rat3\CSV\Thermal_36_CSV.csv,"(640, 480)",
Rat3,Rat3\Thermal Imaging\Thermal_37.png,..\Data For Segmentation\Rat3\Thermal Imaging\Thermal_37.png,Thermal_37.png,480,640,..\Data For Segmentation\Rat3\Mask\Thermal_37.png,480,640,..\Data For Segmentation\Rat3\CSV\Thermal_37_CSV.csv,"(640, 480)",
Rat3,Rat3\Thermal Imaging\Thermal_38.png,..\Data For Segmentation\Rat3\Thermal Imaging\Thermal_38.png,Thermal_38.png,480,640,..\Data For Segmentation\Rat3\Mask\Thermal_38.png,480,640,..\Data For Segmentation\Rat3\CSV\Thermal_38_CSV.csv,"(640, 480)",
Rat3,Rat3\Thermal Imaging\Thermal_39.png,..\Data For Segmentation\Rat3\Thermal Imaging\Thermal_39.png,Thermal_39.png,480,640,..\Data For Segmentation\Rat3\Mask\Thermal_39.png,480,640,..\Data For Segmentation\Rat3\CSV\Thermal_39_CSV.csv,"(640, 480)",
Rat3,Rat3\Thermal Imaging\Thermal_4.png,..\Data For Segmentation\Rat3\Thermal Imaging\Thermal_4.png,Thermal_4.png,480,640,..\Data For Segmentation\Rat3\Mask\Thermal_4.png,480,640,..\Data For Segmentation\Rat3\CSV\Thermal_4_CSV.csv,"(640, 480)",
Rat3,Rat3\Thermal Imaging\Thermal_40.png,..\Data For Segmentation\Rat3\Thermal Imaging\Thermal_40.png,Thermal_40.png,480,640,..\Data For Segmentation\Rat3\Mask\Thermal_40.png,480,640,..\Data For Segmentation\Rat3\CSV\Thermal_40_CSV.csv,"(640, 480)",
Rat3,Rat3\Thermal Imaging\Thermal_41.png,..\Data For Segmentation\Rat3\Thermal Imaging\Thermal_41.png,Thermal_41.png,480,640,..\Data For Segmentation\Rat3\Mask\Thermal_41.png,480,640,..\Data For Segmentation\Rat3\CSV\Thermal_41_CSV.csv,"(640, 480)",
Rat3,Rat3\Thermal Imaging\Thermal_5.png,..\Data For Segmentation\Rat3\Thermal Imaging\Thermal_5.png,Thermal_5.png,480,640,..\Data For Segmentation\Rat3\Mask\Thermal_5.png,480,640,..\Data For Segmentation\Rat3\CSV\Thermal_5_CSV.csv,"(640, 480)",
Rat3,Rat3\Thermal Imaging\Thermal_6.png,..\Data For Segmentation\Rat3\Thermal Imaging\Thermal_6.png,Thermal_6.png,480,640,..\Data For Segmentation\Rat3\Mask\Thermal_6.png,480,640,..\Data For Segmentation\Rat3\CSV\Thermal_6_CSV.csv,"(640, 480)",
Rat3,Rat3\Thermal Imaging\Thermal_7.png,..\Data For Segmentation\Rat3\Thermal Imaging\Thermal_7.png,Thermal_7.png,480,640,..\Data For Segmentation\Rat3\Mask\Thermal_7.png,480,640,..\Data For Segmentation\Rat3\CSV\Thermal_7_CSV.csv,"(640, 480)",
Rat3,Rat3\Thermal Imaging\Thermal_8.png,..\Data For Segmentation\Rat3\Thermal Imaging\Thermal_8.png,Thermal_8.png,480,640,..\Data For Segmentation\Rat3\Mask\Thermal_8.png,480,640,..\Data For Segmentation\Rat3\CSV\Thermal_8_CSV.csv,"(640, 480)",
Rat3,Rat3\Thermal Imaging\Thermal_9.png,..\Data For Segmentation\Rat3\Thermal Imaging\Thermal_9.png,Thermal_9.png,480,640,..\Data For Segmentation\Rat3\Mask\Thermal_9.png,480,640,..\Data For Segmentation\Rat3\CSV\Thermal_9_CSV.csv,"(640, 480)",
Rat4,Rat4\Thermal Imaging\Thermal_1.png,..\Data For Segmentation\Rat4\Thermal Imaging\Thermal_1.png,Thermal_1.png,480,640,..\Data For Segmentation\Rat4\Mask\Thermal_1.png,480,640,..\Data For Segmentation\Rat4\CSV\Thermal_1_CSV.csv,"(640, 480)",
Rat4,Rat4\Thermal Imaging\Thermal_10.png,..\Data For Segmentation\Rat4\Thermal Imaging\Thermal_10.png,Thermal_10.png,480,640,..\Data For Segmentation\Rat4\Mask\Thermal_10.png,480,640,..\Data For Segmentation\Rat4\CSV\Thermal_10_CSV.csv,"(640, 480)",
Rat4,Rat4\Thermal Imaging\Thermal_11.png,..\Data For Segmentation\Rat4\Thermal Imaging\Thermal_11.png,Thermal_11.png,480,640,..\Data For Segmentation\Rat4\Mask\Thermal_11.png,480,640,..\Data For Segmentation\Rat4\CSV\Thermal_11_CSV.csv,"(640, 480)",
Rat4,Rat4\Thermal Imaging\Thermal_12.png,..\Data For Segmentation\Rat4\Thermal Imaging\Thermal_12.png,Thermal_12.png,480,640,..\Data For Segmentation\Rat4\Mask\Thermal_12.png,480,640,..\Data For Segmentation\Rat4\CSV\Thermal_12_CSV.csv,"(640, 480)",
Rat4,Rat4\Thermal Imaging\Thermal_13.png,..\Data For Segmentation\Rat4\Thermal Imaging\Thermal_13.png,Thermal_13.png,480,640,..\Data For Segmentation\Rat4\Mask\Thermal_13.png,480,640,..\Data For Segmentation\Rat4\CSV\Thermal_13_CSV.csv,"(640, 480)",
Rat4,Rat4\Thermal Imaging\Thermal_14.png,..\Data For Segmentation\Rat4\Thermal Imaging\Thermal_14.png,Thermal_14.png,480,640,..\Data For Segmentation\Rat4\Mask\Thermal_14.png,480,640,..\Data For Segmentation\Rat4\CSV\Thermal_14_CSV.csv,"(640, 480)",
Rat4,Rat4\Thermal Imaging\Thermal_15.png,..\Data For Segmentation\Rat4\Thermal Imaging\Thermal_15.png,Thermal_15.png,480,640,..\Data For Segmentation\Rat4\Mask\Thermal_15.png,480,640,..\Data For Segmentation\Rat4\CSV\Thermal_15_CSV.csv,"(640, 480)",
Rat4,Rat4\Thermal Imaging\Thermal_16.png,..\Data For Segmentation\Rat4\Thermal Imaging\Thermal_16.png,Thermal_16.png,480,640,..\Data For Segmentation\Rat4\Mask\Thermal_16.png,480,640,..\Data For Segmentation\Rat4\CSV\Thermal_16_CSV.csv,"(640, 480)",
Rat4,Rat4\Thermal Imaging\Thermal_17.png,..\Data For Segmentation\Rat4\Thermal Imaging\Thermal_17.png,Thermal_17.png,480,640,..\Data For Segmentation\Rat4\Mask\Thermal_17.png,480,640,..\Data For Segmentation\Rat4\CSV\Thermal_17_CSV.csv,"(640, 480)",
Rat4,Rat4\Thermal Imaging\Thermal_18.png,..\Data For Segmentation\Rat4\Thermal Imaging\Thermal_18.png,Thermal_18.png,480,640,..\Data For Segmentation\Rat4\Mask\Thermal_18.png,480,640,..\Data For Segmentation\Rat4\CSV\Thermal_18_CSV.csv,"(640, 480)",
Rat4,Rat4\Thermal Imaging\Thermal_19.png,..\Data For Segmentation\Rat4\Thermal Imaging\Thermal_19.png,Thermal_19.png,480,640,..\Data For Segmentation\Rat4\Mask\Thermal_19.png,480,640,..\Data For Segmentation\Rat4\CSV\Thermal_19_CSV.csv,"(640, 480)",
Rat4,Rat4\Thermal Imaging\Thermal_2.png,..\Data For Segmentation\Rat4\Thermal Imaging\Thermal_2.png,Thermal_2.png,480,640,..\Data For Segmentation\Rat4\Mask\Thermal_2.png,480,640,..\Data For Segmentation\Rat4\CSV\Thermal_2_CSV.csv,"(640, 480)",
Rat4,Rat4\Thermal Imaging\Thermal_20.png,..\Data For Segmentation\Rat4\Thermal Imaging\Thermal_20.png,Thermal_20.png,480,640,..\Data For Segmentation\Rat4\Mask\Thermal_20.png,480,640,..\Data For Segmentation\Rat4\CSV\Thermal_20_CSV.csv,"(640, 480)",
Rat4,Rat4\Thermal Imaging\Thermal_21.png,..\Data For Segmentation\Rat4\Thermal Imaging\Thermal_21.png,Thermal_21.png,480,640,..\Data For Segmentation\Rat4\Mask\Thermal_21.png,480,640,..\Data For Segmentation\Rat4\CSV\Thermal_21_CSV.csv,"(640, 480)",
Rat4,Rat4\Thermal Imaging\Thermal_22.png,..\Data For Segmentation\Rat4\Thermal Imaging\Thermal_22.png,Thermal_22.png,480,640,..\Data For Segmentation\Rat4\Mask\Thermal_22.png,480,640,..\Data For Segmentation\Rat4\CSV\Thermal_22_CSV.csv,"(640, 480)",
Rat4,Rat4\Thermal Imaging\Thermal_24.png,..\Data For Segmentation\Rat4\Thermal Imaging\Thermal_24.png,Thermal_24.png,480,640,..\Data For Segmentation\Rat4\Mask\Thermal_24.png,480,640,..\Data For Segmentation\Rat4\CSV\Thermal_24_CSV.csv,"(640, 480)",
Rat4,Rat4\Thermal Imaging\Thermal_25.png,..\Data For Segmentation\Rat4\Thermal Imaging\Thermal_25.png,Thermal_25.png,480,640,..\Data For Segmentation\Rat4\Mask\Thermal_25.png,480,640,..\Data For Segmentation\Rat4\CSV\Thermal_25_CSV.csv,"(640, 480)",
Rat4,Rat4\Thermal Imaging\Thermal_26.png,..\Data For Segmentation\Rat4\Thermal Imaging\Thermal_26.png,Thermal_26.png,480,640,..\Data For Segmentation\Rat4\Mask\Thermal_26.png,480,640,..\Data For Segmentation\Rat4\CSV\Thermal_26_CSV.csv,"(640, 480)",
Rat4,Rat4\Thermal Imaging\Thermal_27.png,..\Data For Segmentation\Rat4\Thermal Imaging\Thermal_27.png,Thermal_27.png,480,640,..\Data For Segmentation\Rat4\Mask\Thermal_27.png,480,640,..\Data For Segmentation\Rat4\CSV\Thermal_27_CSV.csv,"(640, 480)",
Rat4,Rat4\Thermal Imaging\Thermal_28.png,..\Data For Segmentation\Rat4\Thermal Imaging\Thermal_28.png,Thermal_28.png,480,640,..\Data For Segmentation\Rat4\Mask\Thermal_28.png,480,640,..\Data For Segmentation\Rat4\CSV\Thermal_28_CSV.csv,"(640, 480)",
Rat4,Rat4\Thermal Imaging\Thermal_29.png,..\Data For Segmentation\Rat4\Thermal Imaging\Thermal_29.png,Thermal_29.png,480,640,..\Data For Segmentation\Rat4\Mask\Thermal_29.png,480,640,..\Data For Segmentation\Rat4\CSV\Thermal_29_CSV.csv,"(640, 480)",
Rat4,Rat4\Thermal Imaging\Thermal_3.png,..\Data For Segmentation\Rat4\Thermal Imaging\Thermal_3.png,Thermal_3.png,480,640,..\Data For Segmentation\Rat4\Mask\Thermal_3.png,480,640,..\Data For Segmentation\Rat4\CSV\Thermal_3_CSV.csv,"(640, 480)",
Rat4,Rat4\Thermal Imaging\Thermal_30.png,..\Data For Segmentation\Rat4\Thermal Imaging\Thermal_30.png,Thermal_30.png,640,480,..\Data For Segmentation\Rat4\Mask\Thermal_30.png,640,480,..\Data For Segmentation\Rat4\CSV\Thermal_30_CSV.csv,"(480, 640)",
Rat4,Rat4\Thermal Imaging\Thermal_31.png,..\Data For Segmentation\Rat4\Thermal Imaging\Thermal_31.png,Thermal_31.png,640,480,..\Data For Segmentation\Rat4\Mask\Thermal_31.png,640,480,..\Data For Segmentation\Rat4\CSV\Thermal_31_CSV.csv,"(480, 640)",
Rat4,Rat4\Thermal Imaging\Thermal_32.png,..\Data For Segmentation\Rat4\Thermal Imaging\Thermal_32.png,Thermal_32.png,640,480,..\Data For Segmentation\Rat4\Mask\Thermal_32.png,640,480,..\Data For Segmentation\Rat4\CSV\Thermal_32_CSV.csv,"(480, 640)",
Rat4,Rat4\Thermal Imaging\Thermal_33.png,..\Data For Segmentation\Rat4\Thermal Imaging\Thermal_33.png,Thermal_33.png,640,480,..\Data For Segmentation\Rat4\Mask\Thermal_33.png,640,480,..\Data For Segmentation\Rat4\CSV\Thermal_33_CSV.csv,"(480, 640)",
Rat4,Rat4\Thermal Imaging\Thermal_38.png,..\Data For Segmentation\Rat4\Thermal Imaging\Thermal_38.png,Thermal_38.png,480,640,..\Data For Segmentation\Rat4\Mask\Thermal_38.png,480,640,..\Data For Segmentation\Rat4\CSV\Thermal_38_CSV.csv,"(640, 480)",
Rat4,Rat4\Thermal Imaging\Thermal_39.png,..\Data For Segmentation\Rat4\Thermal Imaging\Thermal_39.png,Thermal_39.png,480,640,..\Data For Segmentation\Rat4\Mask\Thermal_39.png,480,640,..\Data For Segmentation\Rat4\CSV\Thermal_39_CSV.csv,"(640, 480)",
Rat4,Rat4\Thermal Imaging\Thermal_4.png,..\Data For Segmentation\Rat4\Thermal Imaging\Thermal_4.png,Thermal_4.png,480,640,..\Data For Segmentation\Rat4\Mask\Thermal_4.png,480,640,..\Data For Segmentation\Rat4\CSV\Thermal_4_CSV.csv,"(640, 480)",
Rat4,Rat4\Thermal Imaging\Thermal_41.png,..\Data For Segmentation\Rat4\Thermal Imaging\Thermal_41.png,Thermal_41.png,480,640,..\Data For Segmentation\Rat4\Mask\Thermal_41.png,480,640,..\Data For Segmentation\Rat4\CSV\Thermal_41_CSV.csv,"(640, 480)",
Rat4,Rat4\Thermal Imaging\Thermal_42.png,..\Data For Segmentation\Rat4\Thermal Imaging\Thermal_42.png,Thermal_42.png,480,640,..\Data For Segmentation\Rat4\Mask\Thermal_42.png,480,640,..\Data For Segmentation\Rat4\CSV\Thermal_42_CSV.csv,"(640, 480)",
Rat4,Rat4\Thermal Imaging\Thermal_43.png,..\Data For Segmentation\Rat4\Thermal Imaging\Thermal_43.png,Thermal_43.png,480,640,..\Data For Segmentation\Rat4\Mask\Thermal_43.png,480,640,..\Data For Segmentation\Rat4\CSV\Thermal_43_CSV.csv,"(640, 480)",
Rat4,Rat4\Thermal Imaging\Thermal_5.png,..\Data For Segmentation\Rat4\Thermal Imaging\Thermal_5.png,Thermal_5.png,480,640,..\Data For Segmentation\Rat4\Mask\Thermal_5.png,480,640,..\Data For Segmentation\Rat4\CSV\Thermal_5_CSV.csv,"(640, 480)",
Rat4,Rat4\Thermal Imaging\Thermal_9.png,..\Data For Segmentation\Rat4\Thermal Imaging\Thermal_9.png,Thermal_9.png,480,640,..\Data For Segmentation\Rat4\Mask\Thermal_9.png,480,640,..\Data For Segmentation\Rat4\CSV\Thermal_9_CSV.csv,"(640, 480)",
Rat5,Rat5\Thermal Imaging\Thermal_1.png,..\Data For Segmentation\Rat5\Thermal Imaging\Thermal_1.png,Thermal_1.png,480,640,..\Data For Segmentation\Rat5\Mask\Thermal_1.png,480,640,..\Data For Segmentation\Rat5\CSV\Thermal_1_CSV.csv,"(640, 480)",
Rat5,Rat5\Thermal Imaging\Thermal_10.png,..\Data For Segmentation\Rat5\Thermal Imaging\Thermal_10.png,Thermal_10.png,480,640,..\Data For Segmentation\Rat5\Mask\Thermal_10.png,480,640,..\Data For Segmentation\Rat5\CSV\Thermal_10_CSV.csv,"(640, 480)",
Rat5,Rat5\Thermal Imaging\Thermal_11.png,..\Data For Segmentation\Rat5\Thermal Imaging\Thermal_11.png,Thermal_11.png,480,640,..\Data For Segmentation\Rat5\Mask\Thermal_11.png,480,640,..\Data For Segmentation\Rat5\CSV\Thermal_11_CSV.csv,"(640, 480)",
Rat5,Rat5\Thermal Imaging\Thermal_12.png,..\Data For Segmentation\Rat5\Thermal Imaging\Thermal_12.png,Thermal_12.png,480,640,..\Data For Segmentation\Rat5\Mask\Thermal_12.png,480,640,..\Data For Segmentation\Rat5\CSV\Thermal_12_CSV.csv,"(640, 480)",
Rat5,Rat5\Thermal Imaging\Thermal_13.png,..\Data For Segmentation\Rat5\Thermal Imaging\Thermal_13.png,Thermal_13.png,480,640,..\Data For Segmentation\Rat5\Mask\Thermal_13.png,480,640,..\Data For Segmentation\Rat5\CSV\Thermal_13_CSV.csv,"(640, 480)",
Rat5,Rat5\Thermal Imaging\Thermal_14.png,..\Data For Segmentation\Rat5\Thermal Imaging\Thermal_14.png,Thermal_14.png,480,640,..\Data For Segmentation\Rat5\Mask\Thermal_14.png,480,640,..\Data For Segmentation\Rat5\CSV\Thermal_14_CSV.csv,"(640, 480)",
Rat5,Rat5\Thermal Imaging\Thermal_15.png,..\Data For Segmentation\Rat5\Thermal Imaging\Thermal_15.png,Thermal_15.png,480,640,..\Data For Segmentation\Rat5\Mask\Thermal_15.png,480,640,..\Data For Segmentation\Rat5\CSV\Thermal_15_CSV.csv,"(640, 480)",
Rat5,Rat5\Thermal Imaging\Thermal_16.png,..\Data For Segmentation\Rat5\Thermal Imaging\Thermal_16.png,Thermal_16.png,480,640,..\Data For Segmentation\Rat5\Mask\Thermal_16.png,480,640,..\Data For Segmentation\Rat5\CSV\Thermal_16_CSV.csv,"(640, 480)",
Rat5,Rat5\Thermal Imaging\Thermal_17.png,..\Data For Segmentation\Rat5\Thermal Imaging\Thermal_17.png,Thermal_17.png,480,640,..\Data For Segmentation\Rat5\Mask\Thermal_17.png,480,640,..\Data For Segmentation\Rat5\CSV\Thermal_17_CSV.csv,"(640, 480)",
Rat5,Rat5\Thermal Imaging\Thermal_18.png,..\Data For Segmentation\Rat5\Thermal Imaging\Thermal_18.png,Thermal_18.png,480,640,..\Data For Segmentation\Rat5\Mask\Thermal_18.png,480,640,..\Data For Segmentation\Rat5\CSV\Thermal_18_CSV.csv,"(640, 480)",
Rat5,Rat5\Thermal Imaging\Thermal_19.png,..\Data For Segmentation\Rat5\Thermal Imaging\Thermal_19.png,Thermal_19.png,480,640,..\Data For Segmentation\Rat5\Mask\Thermal_19.png,480,640,..\Data For Segmentation\Rat5\CSV\Thermal_19_CSV.csv,"(640, 480)",
Rat5,Rat5\Thermal Imaging\Thermal_2.png,..\Data For Segmentation\Rat5\Thermal Imaging\Thermal_2.png,Thermal_2.png,480,640,..\Data For Segmentation\Rat5\Mask\Thermal_2.png,480,640,..\Data For Segmentation\Rat5\CSV\Thermal_2_CSV.csv,"(640, 480)",
Rat5,Rat5\Thermal Imaging\Thermal_20.png,..\Data For Segmentation\Rat5\Thermal Imaging\Thermal_20.png,Thermal_20.png,480,640,..\Data For Segmentation\Rat5\Mask\Thermal_20.png,480,640,..\Data For Segmentation\Rat5\CSV\Thermal_20_CSV.csv,"(640, 480)",
Rat5,Rat5\Thermal Imaging\Thermal_21.png,..\Data For Segmentation\Rat5\Thermal Imaging\Thermal_21.png,Thermal_21.png,480,640,..\Data For Segmentation\Rat5\Mask\Thermal_21.png,480,640,..\Data For Segmentation\Rat5\CSV\Thermal_21_CSV.csv,"(640, 480)",
Rat5,Rat5\Thermal Imaging\Thermal_22.png,..\Data For Segmentation\Rat5\Thermal Imaging\Thermal_22.png,Thermal_22.png,480,640,..\Data For Segmentation\Rat5\Mask\Thermal_22.png,480,640,..\Data For Segmentation\Rat5\CSV\Thermal_22_CSV.csv,"(640, 480)",
Rat5,Rat5\Thermal Imaging\Thermal_23.png,..\Data For Segmentation\Rat5\Thermal Imaging\Thermal_23.png,Thermal_23.png,480,640,..\Data For Segmentation\Rat5\Mask\Thermal_23.png,480,640,..\Data For Segmentation\Rat5\CSV\Thermal_23_CSV.csv,"(640, 480)",
Rat5,Rat5\Thermal Imaging\Thermal_24.png,..\Data For Segmentation\Rat5\Thermal Imaging\Thermal_24.png,Thermal_24.png,480,640,..\Data For Segmentation\Rat5\Mask\Thermal_24.png,480,640,..\Data For Segmentation\Rat5\CSV\Thermal_24_CSV.csv,"(640, 480)",
Rat5,Rat5\Thermal Imaging\Thermal_25.png,..\Data For Segmentation\Rat5\Thermal Imaging\Thermal_25.png,Thermal_25.png,480,640,..\Data For Segmentation\Rat5\Mask\Thermal_25.png,480,640,..\Data For Segmentation\Rat5\CSV\Thermal_25_CSV.csv,"(640, 480)",
Rat5,Rat5\Thermal Imaging\Thermal_26.png,..\Data For Segmentation\Rat5\Thermal Imaging\Thermal_26.png,Thermal_26.png,480,640,..\Data For Segmentation\Rat5\Mask\Thermal_26.png,480,640,..\Data For Segmentation\Rat5\CSV\Thermal_26_CSV.csv,"(640, 480)",
Rat5,Rat5\Thermal Imaging\Thermal_27.png,..\Data For Segmentation\Rat5\Thermal Imaging\Thermal_27.png,Thermal_27.png,480,640,..\Data For Segmentation\Rat5\Mask\Thermal_27.png,480,640,..\Data For Segmentation\Rat5\CSV\Thermal_27_CSV.csv,"(640, 480)",
Rat5,Rat5\Thermal Imaging\Thermal_28.png,..\Data For Segmentation\Rat5\Thermal Imaging\Thermal_28.png,Thermal_28.png,480,640,..\Data For Segmentation\Rat5\Mask\Thermal_28.png,480,640,..\Data For Segmentation\Rat5\CSV\Thermal_28_CSV.csv,"(640, 480)",
Rat5,Rat5\Thermal Imaging\Thermal_3.png,..\Data For Segmentation\Rat5\Thermal Imaging\Thermal_3.png,Thermal_3.png,480,640,..\Data For Segmentation\Rat5\Mask\Thermal_3.png,480,640,..\Data For Segmentation\Rat5\CSV\Thermal_3_CSV.csv,"(640, 480)",
Rat5,Rat5\Thermal Imaging\Thermal_30.png,..\Data For Segmentation\Rat5\Thermal Imaging\Thermal_30.png,Thermal_30.png,480,640,..\Data For Segmentation\Rat5\Mask\Thermal_30.png,480,640,..\Data For Segmentation\Rat5\CSV\Thermal_30_CSV.csv,"(640, 480)",
Rat5,Rat5\Thermal Imaging\Thermal_32.png,..\Data For Segmentation\Rat5\Thermal Imaging\Thermal_32.png,Thermal_32.png,640,480,..\Data For Segmentation\Rat5\Mask\Thermal_32.png,640,480,..\Data For Segmentation\Rat5\CSV\Thermal_32_CSV.csv,"(480, 640)",
Rat5,Rat5\Thermal Imaging\Thermal_34.png,..\Data For Segmentation\Rat5\Thermal Imaging\Thermal_34.png,Thermal_34.png,480,640,..\Data For Segmentation\Rat5\Mask\Thermal_34.png,480,640,..\Data For Segmentation\Rat5\CSV\Thermal_34_CSV.csv,"(640, 480)",
Rat5,Rat5\Thermal Imaging\Thermal_35.png,..\Data For Segmentation\Rat5\Thermal Imaging\Thermal_35.png,Thermal_35.png,480,640,..\Data For Segmentation\Rat5\Mask\Thermal_35.png,480,640,..\Data For Segmentation\Rat5\CSV\Thermal_35_CSV.csv,"(640, 480)",
Rat5,Rat5\Thermal Imaging\Thermal_36.png,..\Data For Segmentation\Rat5\Thermal Imaging\Thermal_36.png,Thermal_36.png,480,640,..\Data For Segmentation\Rat5\Mask\Thermal_36.png,480,640,..\Data For Segmentation\Rat5\CSV\Thermal_36_CSV.csv,"(640, 480)",
Rat5,Rat5\Thermal Imaging\Thermal_37.png,..\Data For Segmentation\Rat5\Thermal Imaging\Thermal_37.png,Thermal_37.png,480,640,..\Data For Segmentation\Rat5\Mask\Thermal_37.png,480,640,..\Data For Segmentation\Rat5\CSV\Thermal_37_CSV.csv,"(640, 480)",
Rat5,Rat5\Thermal Imaging\Thermal_38.png,..\Data For Segmentation\Rat5\Thermal Imaging\Thermal_38.png,Thermal_38.png,480,640,..\Data For Segmentation\Rat5\Mask\Thermal_38.png,480,640,..\Data For Segmentation\Rat5\CSV\Thermal_38_CSV.csv,"(640, 480)",
Rat5,Rat5\Thermal Imaging\Thermal_4.png,..\Data For Segmentation\Rat5\Thermal Imaging\Thermal_4.png,Thermal_4.png,480,640,..\Data For Segmentation\Rat5\Mask\Thermal_4.png,480,640,..\Data For Segmentation\Rat5\CSV\Thermal_4_CSV.csv,"(640, 480)",
Rat5,Rat5\Thermal Imaging\Thermal_5.png,..\Data For Segmentation\Rat5\Thermal Imaging\Thermal_5.png,Thermal_5.png,480,640,..\Data For Segmentation\Rat5\Mask\Thermal_5.png,480,640,..\Data For Segmentation\Rat5\CSV\Thermal_5_CSV.csv,"(640, 480)",
Rat5,Rat5\Thermal Imaging\Thermal_6.png,..\Data For Segmentation\Rat5\Thermal Imaging\Thermal_6.png,Thermal_6.png,480,640,..\Data For Segmentation\Rat5\Mask\Thermal_6.png,480,640,..\Data For Segmentation\Rat5\CSV\Thermal_6_CSV.csv,"(640, 480)",
Rat5,Rat5\Thermal Imaging\Thermal_7.png,..\Data For Segmentation\Rat5\Thermal Imaging\Thermal_7.png,Thermal_7.png,480,640,..\Data For Segmentation\Rat5\Mask\Thermal_7.png,480,640,..\Data For Segmentation\Rat5\CSV\Thermal_7_CSV.csv,"(640, 480)",
Rat5,Rat5\Thermal Imaging\Thermal_8.png,..\Data For Segmentation\Rat5\Thermal Imaging\Thermal_8.png,Thermal_8.png,480,640,..\Data For Segmentation\Rat5\Mask\Thermal_8.png,480,640,..\Data For Segmentation\Rat5\CSV\Thermal_8_CSV.csv,"(640, 480)",
Rat5,Rat5\Thermal Imaging\Thermal_9.png,..\Data For Segmentation\Rat5\Thermal Imaging\Thermal_9.png,Thermal_9.png,480,640,..\Data For Segmentation\Rat5\Mask\Thermal_9.png,480,640,..\Data For Segmentation\Rat5\CSV\Thermal_9_CSV.csv,"(640, 480)",
Rat6,Rat6\Thermal Imaging\Thermal_1.png,..\Data For Segmentation\Rat6\Thermal Imaging\Thermal_1.png,Thermal_1.png,480,640,..\Data For Segmentation\Rat6\Mask\Thermal_1.png,480,640,..\Data For Segmentation\Rat6\CSV\Thermal_1_CSV.csv,"(640, 480)",
Rat6,Rat6\Thermal Imaging\Thermal_10.png,..\Data For Segmentation\Rat6\Thermal Imaging\Thermal_10.png,Thermal_10.png,480,640,..\Data For Segmentation\Rat6\Mask\Thermal_10.png,480,640,..\Data For Segmentation\Rat6\CSV\Thermal_10_CSV.csv,"(640, 480)",
Rat6,Rat6\Thermal Imaging\Thermal_2.png,..\Data For Segmentation\Rat6\Thermal Imaging\Thermal_2.png,Thermal_2.png,480,640,..\Data For Segmentation\Rat6\Mask\Thermal_2.png,480,640,..\Data For Segmentation\Rat6\CSV\Thermal_2_CSV.csv,"(640, 480)",
Rat6,Rat6\Thermal Imaging\Thermal_3.png,..\Data For Segmentation\Rat6\Thermal Imaging\Thermal_3.png,Thermal_3.png,480,640,..\Data For Segmentation\Rat6\Mask\Thermal_3.png,480,640,..\Data For Segmentation\Rat6\CSV\Thermal_3_CSV.csv,"(640, 480)",
Rat6,Rat6\Thermal Imaging\Thermal_4.png,..\Data For Segmentation\Rat6\Thermal Imaging\Thermal_4.png,Thermal_4.png,480,640,..\Data For Segmentation\Rat6\Mask\Thermal_4.png,480,640,..\Data For Segmentation\Rat6\CSV\Thermal_4_CSV.csv,"(640, 480)",
Rat6,Rat6\Thermal Imaging\Thermal_5.png,..\Data For Segmentation\Rat6\Thermal Imaging\Thermal_5.png,Thermal_5.png,480,640,..\Data For Segmentation\Rat6\Mask\Thermal_5.png,480,640,..\Data For Segmentation\Rat6\CSV\Thermal_5_CSV.csv,"(640, 480)",
Rat6,Rat6\Thermal Imaging\Thermal_6.png,..\Data For Segmentation\Rat6\Thermal Imaging\Thermal_6.png,Thermal_6.png,480,640,..\Data For Segmentation\Rat6\Mask\Thermal_6.png,480,640,..\Data For Segmentation\Rat6\CSV\Thermal_6_CSV.csv,"(640, 480)",
Rat6,Rat6\Thermal Imaging\Thermal_7.png,..\Data For Segmentation\Rat6\Thermal Imaging\Thermal_7.png,Thermal_7.png,480,640,..\Data For Segmentation\Rat6\Mask\Thermal_7.png,480,640,..\Data For Segmentation\Rat6\CSV\Thermal_7_CSV.csv,"(640, 480)",
Rat6,Rat6\Thermal Imaging\Thermal_8.png,..\Data For Segmentation\Rat6\Thermal Imaging\Thermal_8.png,Thermal_8.png,480,640,..\Data For Segmentation\Rat6\Mask\Thermal_8.png,480,640,..\Data For Segmentation\Rat6\CSV\Thermal_8_CSV.csv,"(640, 480)",
Rat6,Rat6\Thermal Imaging\Thermal_9.png,..\Data For Segmentation\Rat6\Thermal Imaging\Thermal_9.png,Thermal_9.png,480,640,..\Data For Segmentation\Rat6\Mask\Thermal_9.png,480,640,..\Data For Segmentation\Rat6\CSV\Thermal_9_CSV.csv,"(640, 480)",
Rat7,Rat7\Thermal Imaging\Thermal_1.png,..\Data For Segmentation\Rat7\Thermal Imaging\Thermal_1.png,Thermal_1.png,480,640,..\Data For Segmentation\Rat7\Mask\Thermal_1.png,480,640,..\Data For Segmentation\Rat7\CSV\Thermal_1_CSV.csv,"(640, 480)",
Rat7,Rat7\Thermal Imaging\Thermal_10.png,..\Data For Segmentation\Rat7\Thermal Imaging\Thermal_10.png,Thermal_10.png,480,640,..\Data For Segmentation\Rat7\Mask\Thermal_10.png,480,640,..\Data For Segmentation\Rat7\CSV\Thermal_10_CSV.csv,"(640, 480)",
Rat7,Rat7\Thermal Imaging\Thermal_2.png,..\Data For Segmentation\Rat7\Thermal Imaging\Thermal_2.png,Thermal_2.png,480,640,..\Data For Segmentation\Rat7\Mask\Thermal_2.png,480,640,..\Data For Segmentation\Rat7\CSV\Thermal_2_CSV.csv,"(640, 480)",
Rat7,Rat7\Thermal Imaging\Thermal_3.png,..\Data For Segmentation\Rat7\Thermal Imaging\Thermal_3.png,Thermal_3.png,480,640,..\Data For Segmentation\Rat7\Mask\Thermal_3.png,480,640,..\Data For Segmentation\Rat7\CSV\Thermal_3_CSV.csv,"(640, 480)",
Rat7,Rat7\Thermal Imaging\Thermal_4.png,..\Data For Segmentation\Rat7\Thermal Imaging\Thermal_4.png,Thermal_4.png,480,640,..\Data For Segmentation\Rat7\Mask\Thermal_4.png,480,640,..\Data For Segmentation\Rat7\CSV\Thermal_4_CSV.csv,"(640, 480)",
Rat7,Rat7\Thermal Imaging\Thermal_5.png,..\Data For Segmentation\Rat7\Thermal Imaging\Thermal_5.png,Thermal_5.png,480,640,..\Data For Segmentation\Rat7\Mask\Thermal_5.png,480,640,..\Data For Segmentation\Rat7\CSV\Thermal_5_CSV.csv,"(640, 480)",
Rat7,Rat7\Thermal Imaging\Thermal_6.png,..\Data For Segmentation\Rat7\Thermal Imaging\Thermal_6.png,Thermal_6.png,480,640,..\Data For Segmentation\Rat7\Mask\Thermal_6.png,480,640,..\Data For Segmentation\Rat7\CSV\Thermal_6_CSV.csv,"(640, 480)",
Rat7,Rat7\Thermal Imaging\Thermal_7.png,..\Data For Segmentation\Rat7\Thermal Imaging\Thermal_7.png,Thermal_7.png,480,640,..\Data For Segmentation\Rat7\Mask\Thermal_7.png,480,640,..\Data For Segmentation\Rat7\CSV\Thermal_7_CSV.csv,"(640, 480)",
Rat7,Rat7\Thermal Imaging\Thermal_8.png,..\Data For Segmentation\Rat7\Thermal Imaging\Thermal_8.png,Thermal_8.png,480,640,..\Data For Segmentation\Rat7\Mask\Thermal_8.png,480,640,..\Data For Segmentation\Rat7\CSV\Thermal_8_CSV.csv,"(640, 480)",
Rat7,Rat7\Thermal Imaging\Thermal_9.png,..\Data For Segmentation\Rat7\Thermal Imaging\Thermal_9.png,Thermal_9.png,480,640,..\Data For Segmentation\Rat7\Mask\Thermal_9.png,480,640,..\Data For Segmentation\Rat7\CSV\Thermal_9_CSV.csv,"(640, 480)",
Rat8,Rat8\Thermal Imaging\Thermal_1.png,..\Data For Segmentation\Rat8\Thermal Imaging\Thermal_1.png,Thermal_1.png,480,640,..\Data For Segmentation\Rat8\Mask\Thermal_1.png,480,640,..\Data For Segmentation\Rat8\CSV\Thermal_1_CSV.csv,"(640, 480)",
Rat8,Rat8\Thermal Imaging\Thermal_10.png,..\Data For Segmentation\Rat8\Thermal Imaging\Thermal_10.png,Thermal_10.png,480,640,..\Data For Segmentation\Rat8\Mask\Thermal_10.png,480,640,..\Data For Segmentation\Rat8\CSV\Thermal_10_CSV.csv,"(640, 480)",
Rat8,Rat8\Thermal Imaging\Thermal_11.png,..\Data For Segmentation\Rat8\Thermal Imaging\Thermal_11.png,Thermal_11.png,480,640,..\Data For Segmentation\Rat8\Mask\Thermal_11.png,480,640,..\Data For Segmentation\Rat8\CSV\Thermal_11_CSV.csv,"(640, 480)",
Rat8,Rat8\Thermal Imaging\Thermal_12.png,..\Data For Segmentation\Rat8\Thermal Imaging\Thermal_12.png,Thermal_12.png,480,640,..\Data For Segmentation\Rat8\Mask\Thermal_12.png,480,640,..\Data For Segmentation\Rat8\CSV\Thermal_12_CSV.csv,"(640, 480)",
Rat8,Rat8\Thermal Imaging\Thermal_13.png,..\Data For Segmentation\Rat8\Thermal Imaging\Thermal_13.png,Thermal_13.png,480,640,..\Data For Segmentation\Rat8\Mask\Thermal_13.png,480,640,..\Data For Segmentation\Rat8\CSV\Thermal_13_CSV.csv,"(640, 480)",
Rat8,Rat8\Thermal Imaging\Thermal_2.png,..\Data For Segmentation\Rat8\Thermal Imaging\Thermal_2.png,Thermal_2.png,480,640,..\Data For Segmentation\Rat8\Mask\Thermal_2.png,480,640,..\Data For Segmentation\Rat8\CSV\Thermal_2_CSV.csv,"(640, 480)",
Rat8,Rat8\Thermal Imaging\Thermal_3.png,..\Data For Segmentation\Rat8\Thermal Imaging\Thermal_3.png,Thermal_3.png,480,640,..\Data For Segmentation\Rat8\Mask\Thermal_3.png,480,640,..\Data For Segmentation\Rat8\CSV\Thermal_3_CSV.csv,"(640, 480)",
Rat8,Rat8\Thermal Imaging\Thermal_4.png,..\Data For Segmentation\Rat8\Thermal Imaging\Thermal_4.png,Thermal_4.png,480,640,..\Data For Segmentation\Rat8\Mask\Thermal_4.png,480,640,..\Data For Segmentation\Rat8\CSV\Thermal_4_CSV.csv,"(640, 480)",
Rat8,Rat8\Thermal Imaging\Thermal_5.png,..\Data For Segmentation\Rat8\Thermal Imaging\Thermal_5.png,Thermal_5.png,480,640,..\Data For Segmentation\Rat8\Mask\Thermal_5.png,480,640,..\Data For Segmentation\Rat8\CSV\Thermal_5_CSV.csv,"(640, 480)",
Rat8,Rat8\Thermal Imaging\Thermal_6.png,..\Data For Segmentation\Rat8\Thermal Imaging\Thermal_6.png,Thermal_6.png,480,640,..\Data For Segmentation\Rat8\Mask\Thermal_6.png,480,640,..\Data For Segmentation\Rat8\CSV\Thermal_6_CSV.csv,"(640, 480)",
Rat8,Rat8\Thermal Imaging\Thermal_7.png,..\Data For Segmentation\Rat8\Thermal Imaging\Thermal_7.png,Thermal_7.png,480,640,..\Data For Segmentation\Rat8\Mask\Thermal_7.png,480,640,..\Data For Segmentation\Rat8\CSV\Thermal_7_CSV.csv,"(640, 480)",
Rat8,Rat8\Thermal Imaging\Thermal_8.png,..\Data For Segmentation\Rat8\Thermal Imaging\Thermal_8.png,Thermal_8.png,480,640,..\Data For Segmentation\Rat8\Mask\Thermal_8.png,480,640,..\Data For Segmentation\Rat8\CSV\Thermal_8_CSV.csv,"(640, 480)",
Rat8,Rat8\Thermal Imaging\Thermal_9.png,..\Data For Segmentation\Rat8\Thermal Imaging\Thermal_9.png,Thermal_9.png,480,640,..\Data For Segmentation\Rat8\Mask\Thermal_9.png,480,640,..\Data For Segmentation\Rat8\CSV\Thermal_9_CSV.csv,"(640, 480)",
Rat9,Rat9\Thermal Imaging\Thermal_1.png,..\Data For Segmentation\Rat9\Thermal Imaging\Thermal_1.png,Thermal_1.png,480,640,..\Data For Segmentation\Rat9\Mask\Thermal_1.png,480,640,..\Data For Segmentation\Rat9\CSV\Thermal_1_CSV.csv,"(640, 480)",
Rat9,Rat9\Thermal Imaging\Thermal_10.png,..\Data For Segmentation\Rat9\Thermal Imaging\Thermal_10.png,Thermal_10.png,480,640,..\Data For Segmentation\Rat9\Mask\Thermal_10.png,480,640,..\Data For Segmentation\Rat9\CSV\Thermal_10_CSV.csv,"(640, 480)",
Rat9,Rat9\Thermal Imaging\Thermal_2.png,..\Data For Segmentation\Rat9\Thermal Imaging\Thermal_2.png,Thermal_2.png,480,640,..\Data For Segmentation\Rat9\Mask\Thermal_2.png,480,640,..\Data For Segmentation\Rat9\CSV\Thermal_2_CSV.csv,"(640, 480)",
Rat9,Rat9\Thermal Imaging\Thermal_3.png,..\Data For Segmentation\Rat9\Thermal Imaging\Thermal_3.png,Thermal_3.png,480,640,..\Data For Segmentation\Rat9\Mask\Thermal_3.png,480,640,..\Data For Segmentation\Rat9\CSV\Thermal_3_CSV.csv,"(640, 480)",
Rat9,Rat9\Thermal Imaging\Thermal_4.png,..\Data For Segmentation\Rat9\Thermal Imaging\Thermal_4.png,Thermal_4.png,480,640,..\Data For Segmentation\Rat9\Mask\Thermal_4.png,480,640,..\Data For Segmentation\Rat9\CSV\Thermal_4_CSV.csv,"(640, 480)",
Rat9,Rat9\Thermal Imaging\Thermal_5.png,..\Data For Segmentation\Rat9\Thermal Imaging\Thermal_5.png,Thermal_5.png,480,640,..\Data For Segmentation\Rat9\Mask\Thermal_5.png,480,640,..\Data For Segmentation\Rat9\CSV\Thermal_5_CSV.csv,"(640, 480)",
Rat9,Rat9\Thermal Imaging\Thermal_6.png,..\Data For Segmentation\Rat9\Thermal Imaging\Thermal_6.png,Thermal_6.png,480,640,..\Data For Segmentation\Rat9\Mask\Thermal_6.png,480,640,..\Data For Segmentation\Rat9\CSV\Thermal_6_CSV.csv,"(640, 480)",
Rat9,Rat9\Thermal Imaging\Thermal_7.png,..\Data For Segmentation\Rat9\Thermal Imaging\Thermal_7.png,Thermal_7.png,480,640,..\Data For Segmentation\Rat9\Mask\Thermal_7.png,480,640,..\Data For Segmentation\Rat9\CSV\Thermal_7_CSV.csv,"(640, 480)",
Rat9,Rat9\Thermal Imaging\Thermal_8.png,..\Data For Segmentation\Rat9\Thermal Imaging\Thermal_8.png,Thermal_8.png,480,640,..\Data For Segmentation\Rat9\Mask\Thermal_8.png,480,640,..\Data For Segmentation\Rat9\CSV\Thermal_8_CSV.csv,"(640, 480)",
Rat9,Rat9\Thermal Imaging\Thermal_9.png,..\Data For Segmentation\Rat9\Thermal Imaging\Thermal_9.png,Thermal_9.png,480,640,..\Data For Segmentation\Rat9\Mask\Thermal_9.png,480,640,..\Data For Segmentation\Rat9\CSV\Thermal_9_CSV.csv,"(640, 480)",
